ID,Name_lang,AreaTableID,Type,Flags,UiTextureKitID
15,Унга-Ингу,0,0,0,0
39,Гробница Забытых Королей,0,0,0,0
40,Деревня Зеленой Скалы,0,0,0,0
44,Храм Нефритовой Змеи,0,1,18,0
45,Хмелеварня Буйных Портеров,0,1,1,0
46,Монастырь Шадо-Пан,0,1,1,0
48,Врата Заходящего Солнца,0,1,1,0
49,Осада храма Нюцзао,0,1,1,0
50,Дворец Могу'шан,0,1,1,0
51,Некроситет,0,1,1,0
52,Залы Алого ордена,0,1,1,0
53,Монастырь Алого ордена,0,1,1,0
58,Арена Истребления,0,0,0,0
63,Фестиваль Хмельнолуния,0,0,0,0
65,Хмельная буря,0,0,0,0
68,Храм Котмогу,0,0,0,0
70,Падение Терамора,0,0,0,0
71,Падение Терамора,0,0,0,0
72,Падение Терамора,0,0,0,0
179,Кинжал во тьме,0,0,0,0
180,Алмазный остров,0,0,0,0
181,Атака на Зан'весс,0,0,0,0
182,Битва в открытом море,0,0,0,0
183,Немного терпения,0,0,0,0
184,Львиный лагерь,0,0,0,0
187,Крепость Покорителей,0,0,0,0
200,В погоне за Мрачной Жатвой,0,0,0,0
201,Крепость Покорителей,0,0,0,0
203,Атака на Зан'весс,0,0,0,0
204,Разрушить эту стену!,0,0,0,0
205,Пристань Бушующих Волн,0,0,0,0
206,Атака на Зеб'тул,0,0,0,0
207,В небо!,0,0,0,0
208,Падение Шань-Бу,0,0,0,0
209,Разрушить эту стену!,0,0,0,0
210,Кровь на снегу,0,0,0,0
211,Кузня Грома,0,0,0,0
212,Атака на Шаол'мару,0,0,0,0
215,Сокровищница Властелина Грома,0,0,0,0
216,Темное сердце Пандарии,0,0,0,0
219,Секреты Огненной Пропасти,0,0,0,0
237,Арена испытаний: выбор испытания,0,0,2,0
239,Битва в открытом море,0,0,0,0
247,Шаблон сценария,0,0,0,0
248,Арена испытаний,0,0,2,0
254,Сценарий: Прототип,0,0,2,0
256,Смерть Быка,0,0,0,0
257,Турнир Небожителей,0,0,0,0
269,Секретный ингредиент,0,0,0,0
275,Очищение Громмара,0,0,0,0
278,Час лапши,0,0,0,0
294,Лабиринты Иглошкурых,0,0,0,0
318,Шахты Дренора,0,0,0,0
320,Горгронд – финал,0,0,0,0
322,Залив Доусона,0,0,0,0
323,"Сценарий ""Костяной город""",0,0,0,0
324,Битва за Грозовой перевал,0,0,0,0
329,Верхняя часть пика Черной горы,0,3,26,0
331,Битва за Шаттрат,0,0,0,0
333,Непроглядная Пучина,0,3,10,0
423,Небесный Путь,0,1,1,0
425,Шлаковые шахты Кровавого Молота,0,1,1,0
426,Железные доки,0,1,18,0
427,Аукиндон,0,1,1,0
428,Некрополь Призрачной Луны,0,1,18,0
429,Депо Мрачных Путей,0,1,19,0
430,Вечное Цветение,0,1,18,0
432,Верхняя часть пика Черной горы,0,1,1,0
449,Защита Карабора,0,0,0,0
450,Судьба Карабора,0,0,0,0
499,Жди дурного гостя,0,0,0,0
508,Мощь Альянса,0,0,0,0
509,Мощь Орды,0,0,0,0
510,Тюрьма,0,3,10,0
511,Огненная Пропасть,0,3,10,0
515,Пещеры Стенаний,0,3,10,0
516,Крепость Темного Клыка,0,3,10,0
523,Крепость Темного Клыка,0,3,10,0
524,Осада храма Нюцзао,0,3,10,0
525,Осада храма Нюцзао,0,3,10,0
526,Врата Заходящего Солнца,0,3,10,0
527,Врата Заходящего Солнца,0,3,10,0
528,Дворец Могу'шан,0,3,10,0
531,Монастырь Шадо-Пан,0,3,10,0
535,Монастырь Шадо-Пан,0,3,10,0
536,Дворец Могу'шан,0,3,10,0
537,Хмелеварня Буйных Портеров,0,3,10,0
538,Хмелеварня Буйных Портеров,0,3,10,0
539,Храм Нефритовой Змеи,0,3,10,0
540,Храм Нефритовой Змеи,0,3,10,0
542,Пещеры Черной горы,0,3,10,0
545,Пещеры Черной горы,0,3,10,0
547,Конец Времен,0,3,10,0
548,Трон Приливов,0,3,10,0
550,Трон Приливов,0,3,10,0
551,Вершина Смерча,0,3,10,0
552,Вершина Смерча,0,3,10,0
553,Грим Батол,0,3,10,0
554,Грим Батол,0,3,10,0
555,Затерянный город Тол'вир,0,3,10,0
556,Зул'Гуруб,0,3,10,0
557,Затерянный город Тол'вир,0,3,10,0
558,Чертоги Созидания,0,3,10,0
565,Чертоги Созидания,0,3,10,0
566,Кузня Душ,0,3,10,0
567,Источник Вечности,0,3,10,0
568,Кузня Душ,0,3,10,0
569,Яма Сарона,0,3,10,0
570,Время Сумерек,0,3,10,0
571,Яма Сарона,0,3,10,0
572,Залы Отражений,0,3,10,0
573,Залы Отражений,0,3,10,0
574,Зул'Аман,0,3,10,0
575,Окулус,0,3,10,0
576,Окулус,0,3,10,0
577,Вершина Утгард,0,3,10,0
579,Вершина Утгард,0,3,10,0
580,Чертоги Молний,0,3,10,0
581,Чертоги Молний,0,3,10,0
582,Чертоги Камня,0,3,10,0
583,Очищение Стратхольма,0,3,10,0
584,Чертоги Камня,0,3,10,0
585,Очищение Стратхольма,0,3,10,0
586,Гундрак,0,3,10,0
587,Гундрак,0,3,10,0
588,Аметистовая крепость,0,3,10,0
589,Аметистовая крепость,0,3,10,0
590,Крепость Драк'Тарон,0,3,10,0
591,Крепость Драк'Тарон,0,3,10,0
592,Ан'кахет: Старое Королевство,0,3,10,0
593,Ан'кахет: Старое Королевство,0,3,10,0
594,Азжол-Неруб,0,3,10,0
595,Азжол-Неруб,0,3,10,0
596,Крепость Утгард,0,3,10,0
597,Крепость Утгард,0,3,10,0
598,Нексус,0,3,10,0
599,Нексус,0,3,10,0
605,Нексус,0,3,10,0
606,Темный лабиринт,0,3,10,0
607,Разрушенные залы,0,3,10,0
608,Разрушенные залы,0,3,10,0
609,Темный лабиринт,0,3,10,0
610,Черные топи,0,3,10,0
611,Черные топи,0,3,10,0
612,Ботаника,0,3,10,0
613,Ботаника,0,3,10,0
614,Механар,0,3,10,0
615,Механар,0,3,10,0
616,Терраса Магистров,0,3,10,0
617,Терраса Магистров,0,3,10,0
618,Паровое подземелье,0,3,10,0
619,Паровое подземелье,0,3,10,0
620,Аркатрац,0,3,10,0
621,Аркатрац,0,3,10,0
622,Сетеккские залы,0,3,10,0
623,Сетеккские залы,0,3,10,0
624,Старые предгорья Хилсбрада,0,3,10,0
625,Старые предгорья Хилсбрада,0,3,10,0
626,Аукенайские гробницы,0,3,10,0
627,Аукенайские гробницы,0,3,10,0
628,Гробницы маны,0,3,10,0
629,Гробницы маны,0,3,10,0
630,Нижетопь,0,3,10,0
631,Нижетопь,0,3,10,0
632,Узилище,0,3,10,0
633,Узилище,0,3,10,0
634,Кузня Крови,0,3,10,0
635,Кузня Крови,0,3,10,0
636,Стратхольм - Главные врата,0,3,10,0
637,Стратхольм - Черный ход,0,3,10,0
638,Бастионы Адского Пламени,0,3,10,0
639,Бастионы Адского Пламени,0,3,10,0
640,Храм Атал'Хаккар,0,3,10,0
641,Мертвые копи,0,3,10,0
643,Мертвые копи,0,3,10,0
644,Зул'Фаррак,0,3,10,0
645,Некроситет,0,3,10,0
646,Некроситет,0,3,10,0
647,Курганы Иглошкурых,0,3,10,0
648,Ульдаман,0,3,10,0
649,Гномреган,0,3,10,0
650,Залы Алого ордена,0,3,10,0
651,Залы Алого ордена,0,3,10,0
652,Монастырь Алого ордена,0,3,10,0
653,Монастырь Алого ордена,0,3,10,0
654,Лабиринты Иглошкурых,0,3,10,0
661,Оскверненный грот,0,3,10,0
662,Зловонная пещера,0,3,10,0
663,Поющие водопады,0,3,10,0
664,Мародон,0,3,10,0
665,Квартал Криводревов,0,3,10,0
666,Центральный сад,0,3,10,0
667,Палаты Гордока,0,3,10,0
668,Забытый город,0,3,10,0
669,Тюремный блок,0,3,10,0
670,Верхний Город,0,3,10,0
671,Глубины Черной горы,0,3,10,0
673,Debug Invasion,0,0,0,0
674,Каменные Недра,0,3,10,0
675,Каменные Недра,0,3,10,0
676,Испытание чемпиона,0,3,10,0
677,Испытание чемпиона,0,3,10,0
678,Аукиндон,0,3,26,0
679,Аукиндон,0,3,26,0
680,Шлаковые шахты Кровавого Молота,0,3,26,0
681,Шлаковые шахты Кровавого Молота,0,3,26,0
682,Депо Мрачных Путей,0,3,26,0
683,Депо Мрачных Путей,0,3,26,0
684,Железные доки,0,3,26,0
685,Железные доки,0,3,26,0
686,Некрополь Призрачной Луны,0,3,26,0
687,Некрополь Призрачной Луны,0,3,26,0
688,Небесный Путь,0,3,26,0
689,Небесный Путь,0,3,26,0
696,Debug Invasion,0,0,0,0
704,Железный Прилив,0,0,0,0
705,Test Scenario,0,0,0,0
707,Лес движется!,0,0,0,0
708,Вечное Цветение,0,3,26,0
709,Вечное Цветение,0,3,26,0
715,На пути Бездны,0,0,0,0
723,Железный Подступ,7415,0,0,0
724,Горианский штурм,0,0,0,0
731,Верхняя часть пика Черной горы,0,3,10,0
733,Среди теней,0,0,0,0
734,Нижняя часть пика Черной горы,0,3,10,0
736,"Кровь, смерть, триумф: должен остаться только один",0,0,0,0
742,Гром в горах,0,0,0,0
744,Верхняя часть пика Черной горы,0,3,26,0
745,На пути Бездны,0,0,0,0
775,Легенда об Испепелителе,0,0,0,0
776,Грань Реальности,0,0,2,0
785,Jeremy's Test Scenario,0,0,2,0
786,Битва за Расколотый берег,0,4,0,0
795,Волны Славы,0,0,0,0
806,Вторжение: Танарис,440,4,0,0
824,Разбитый флот,0,0,0,0
826,Гамбит Седогрива,0,0,0,0
873,Вторжение Легиона: Азсуна,7693,0,0,0
874,Храм Элуны,0,0,0,0
876,Вторжение: Болотина,11,4,0,0
897,Вторжение: Западный край,40,4,0,0
900,Парные клинки Искусителя,0,0,0,0
901,Клинки падшего принца,0,0,0,0
907,Вторжение: Северные степи,17,4,0,0
908,Test Faction Criteria,0,0,0,0
909,Наследие Ледолома,0,0,0,0
910,Логово Нелтариона,0,3,26,0
911,Клыки гончей Скверны,7737,0,0,0
916,Вторжение: предгорья Хилсбрада,267,4,0,0
918,Око Азшары,0,3,26,0
920,Око Азшары,0,3,26,0
929,Чертоги Доблести,0,3,26,0
932,Чертоги Доблести,0,3,26,0
933,Вторая битва на Расколотом берегу,0,0,0,0
940,Жатва Раздирателя Плоти,0,0,0,0
942,Логово Нелтариона,0,3,26,0
943,Конец Безмятежности,0,0,0,0
944,Охотник на героев,0,0,0,0
950,Очищение глубин,0,0,0,0
957,Лед и пламень,0,0,0,0
958,Вторжение: Азшара,16,4,0,0
959,Вторжение: Дун Морог,1,4,0,0
961,Альдрахийские боевые клинки,0,0,0,0
962,В пасти Пустоты,0,0,0,0
967,Катакомбы Сурамара,0,3,26,0
972,Наследие Ветрокрылых,0,0,0,0
973,Копье среди теней,0,0,0,0
975,"Оборона ""Молота Скверны""",0,0,0,0
976,Повелитель грозы,0,0,0,0
977,Чаща Темного Сердца,0,3,26,0
978,Чаща Темного Сердца,0,3,18,0
983,Грохочущие небеса,0,0,0,0
988,Темные всадники,0,0,0,0
989,Возвращение в Каражан,0,0,0,0
990,Логово Урсока,0,0,0,0
991,Клинок в сумерках,0,0,0,0
992,Утроба Душ,0,3,26,0
995,Утроба Душ,0,3,26,0
997,TEST,7976,0,0,0
998,Сердце Зловещего Шрама,0,0,0,0
1005,Казематы Стражей,0,3,10,0
1007,Обещание императора,0,0,0,0
1012,Жуткий адмирал,0,0,0,0
1014,Темные всадники,0,0,0,0
1017,Расколотый берег – Орда,0,0,0,0
1018,DNT - Broken Shore - Alliance,0,0,2,0
1023,Крепость Черной Ладьи,0,3,26,0
1025,Волны Славы,0,0,0,0
1026,Темные всадники,0,0,0,0
1027,Аметистовая крепость,0,3,26,0
1029,Аметистовая крепость,0,3,26,0
1034,Горнило Хранителя,0,0,0,0
1037,Меч королей,0,0,0,0
1038,Разборки у Водоворота,0,0,0,0
1046,Чертоги Доблести,0,1,19,0
1050,Квартал Звезд,0,3,10,0
1051,Квартал Звезд,0,3,10,0
1061,Очищение Изначального Древа,0,0,0,0
1065,Хранилище Нексуса,0,0,0,0
1066,Темная Королева и море,0,0,0,0
1068,Гром титанов,0,0,0,0
1073,Боевые учения,0,5,2,0
1078,Клыки Пожирателя,0,0,0,0
1082,Поход за Стражем Истины,0,0,0,0
1083,Боевые учения,0,5,2,0
1084,Боевые учения,0,5,2,0
1085,Возвращение Света,0,0,0,0
1090,Боевые учения,0,5,2,0
1091,Боевые учения,0,5,2,0
1092,Серебряная Длань,0,0,0,0
1093,Боевые учения,0,5,2,0
1094,Боевые учения,0,5,2,0
1095,Боевые учения,0,5,2,0
1096,Боевые учения,0,5,2,0
1097,Темный шепот,0,0,0,0
1099,Никогда не охоться в одиночку,0,0,0,0
1101,Хранилище Нексуса,0,0,0,0
1108,Клыки Пеплошкурой,0,0,0,0
1122,Охотник на магов,0,0,0,0
1123,Незримый клинок,0,0,0,0
1124,Столкновение в Черном храме,0,0,0,0
1125,В поисках Магни,0,0,0,0
1131,Столкновение в Черном храме,0,0,0,0
1132,Боевые учения,0,5,2,0
1133,Боевые учения,0,5,2,0
1134,Спасение Кольтиры,0,0,0,0
1135,Окулус,0,0,0,0
1136,Аметистовая крепость,0,0,0,0
1137,Змея и демон,0,0,0,0
1138,Битва за Экзодар,0,0,2,0
1144,Вторжение в Нискару,0,0,0,0
1145,Вторжение в Нискару,0,0,0,0
1146,Участь Ходира,0,0,0,0
1148,Ульдуар: сценарий для воина,0,0,0,0
1150,Обрушенный проход,0,0,0,0
1155,Приглядеть скипетр,0,0,0,0
1157,Четвертый Всадник,0,0,0,0
1159,Ставки сделаны,0,0,0,0
1160,Оборона Храма света Пустоты,0,0,0,0
1166,Крепость Черной Ладьи,0,1,19,0
1168,Оборона Храма света Пустоты,0,0,0,0
1169,Око Азшары,0,1,19,0
1170,Неисполненная судьба,0,0,0,0
1172,Чаща Темного Сердца,0,1,19,0
1173,Казематы Стражей,0,1,19,0
1174,Логово Нелтариона,0,1,19,0
1175,Утроба Душ,0,1,19,0
1177,Катакомбы Сурамара,0,1,19,0
1178,Квартал Звезд,0,1,19,0
1179,Наследие Гребня Ворона,0,5,2,0
1181,Боевые учения,0,5,2,0
1182,Боевые учения,0,5,2,0
1189,Битва за Расколотый берег,0,4,0,0
1202,Нападение на Святилище Порядка,0,0,0,0
1203,Осада Сурамара,0,0,0,0
1204,Расплата верховного мага,0,0,0,0
1214,Боевые учения,0,5,2,0
1219,BUG - Live Update Test,0,0,0,0
1220,Подготовка к запуску,0,0,0,0
1221,Сражение с матерью бесов,0,0,0,0
1230,Рассеивание энергии,0,0,0,0
1235,Стенающие зверьки,0,0,0,0
1236,Паника на хмелеварне,0,0,0,0
1244,"Линкор ""Разгром""",0,0,2,0
1251,Аметистовая крепость,0,3,26,0
1252,Квартал Звезд,0,3,10,0
1253,Чаща Темного Сердца,0,3,18,0
1254,Око Азшары,0,3,26,0
1255,Чертоги Доблести,0,3,26,0
1256,Утроба Душ,0,3,26,0
1257,Логово Нелтариона,0,3,26,0
1258,Казематы Стражей,0,3,10,0
1259,Крутой Круул,0,0,2,0
1265,Ярость королевы-богини,0,0,0,0
1266,Падение Тотема Скверны,0,0,0,0
1271,Контратака: Валь'шара,0,0,0,0
1273,Помешать близнецам,0,0,0,0
1274,Затопленное хранилище,0,0,2,0
1275,Волнение во тьме,0,0,0,0
1280,Штурм Расколотого берега,0,4,0,0
1281,Последнее восстание,0,0,0,0
1282,Контратака: Штормхейм,0,0,0,0
1283,Турнир доблести,0,0,0,0
1288,Возвращение в Каражан (верхняя часть),0,3,26,0
1289,Возвращение в Каражан (нижняя часть),0,3,26,0
1290,Контратака: Азсуна,0,0,0,0
1292,Бедствие в Холодной долине,0,0,0,0
1293,Мертвые копи,0,0,0,0
1298,Приручение скакуна гнева,0,0,0,0
1299,Контратака: Крутогорье,0,0,0,0
1303,Утесы сквернокрылов,0,0,0,0
1304,Предостережение Азерота,0,0,0,0
1305,Дикая ночь,0,0,0,0
1306,Защита Авианы,0,0,0,0
1307,Надвигающийся шторм,0,0,0,0
1308,Возвращение в Каражан (верхняя часть),0,1,19,0
1309,Возвращение в Каражан (нижняя часть),0,1,19,0
1310,Шляпа Ахалаймахалая,0,0,0,0
1312,Вам не отобрать у меня небо,0,0,0,0
1321,Собор Вечной Ночи,0,3,26,0
1323,Собор Вечной Ночи,0,1,11,0
1328,Затерянный ледник,0,0,0,0
1329,Наденьте это немедленно!,0,0,2,0
1335,Собор Вечной Ночи,0,1,27,0
1336,Гробница Саргераса,0,3,26,0
1337,Гробница Саргераса,0,3,26,0
1338,Гробница Саргераса,0,3,26,0
1339,Гробница Саргераса,0,3,26,0
1340,Аркатрац,0,0,0,0
1346,Битва за Стромгард,9439,6,2,5117
1351,Смерти Хроми,0,0,0,0
1352,Престол Триумвирата,0,3,26,0
1354,Престол Триумвирата,0,3,27,0
1360,Смерти Хроми,0,0,0,0
1361,Смерти Хроми,0,0,0,0
1371,Осада Лордерона,0,0,2,5116
1376,Золотой город,0,3,18,0
1377,Золотой город,0,3,18,0
1378,Золотой город,0,3,18,0
1379,Точка вторжения: споры,9025,4,0,0
1380,Сбор ингредиентов,0,0,0,0
1391,Точка вторжения: Ауринор,9100,4,0,0
1394,Точка вторжения: Сангва,9128,4,0,0
1402,Точка вторжения: разжигание,9126,4,0,0
1404,Точка вторжения: Сен'гар,9126,4,0,0
1406,Точка вторжения: Вал,9127,4,0,0
1409,Точка вторжения: Боних,9180,4,0,0
1410,Телогрус,0,0,0,0
1411,Точка вторжения: Найтал,9102,4,0,0
1412,Точка массированного вторжения: госпожа Фолнуна,9295,4,0,0
1418,Точка массированного вторжения: Сотанатор,9299,4,0,0
1419,Точка массированного вторжения: Окулярус,9298,4,0,0
1420,Точка массированного вторжения: инквизитор Мето,9297,4,0,0
1421,Точка массированного вторжения: властитель преисподней Веролом,9296,4,0,0
1422,Точка массированного вторжения: госпожа Аллюрадель,9300,4,0,0
1423,Сурамар,0,0,0,0
1424,Вольная Гавань,0,3,18,0
1426,Эрасис: вытягивание силы,9128,4,0,0
1428,Престол Триумвирата,0,1,27,0
1434,Кузня Вечности,0,0,2,0
1435,"Анторус, Пылающий Трон",0,3,26,0
1436,"Анторус, Пылающий Трон",0,3,26,0
1437,"Анторус, Пылающий Трон",0,3,26,0
1438,"Анторус, Пылающий Трон",0,3,26,0
1443,Помни о Солнечном Колодце,0,0,2,0
1448,ЗОЛОТАЯ ЖИЛА!!!,0,3,18,0
1449,ЗОЛОТАЯ ЖИЛА!!!,0,3,18,0
1450,ЗОЛОТАЯ ЖИЛА!!!,0,3,10,0
1451,Подземелье Боралуса,0,3,18,0
1452,Подземелье Боралуса,0,3,18,0
1453,Подземелье Боралуса,0,3,18,0
1458,Подземелье Боралуса,0,3,18,0
1459,Подземелье Боралуса,0,3,18,0
1460,Подземелье Боралуса,0,3,18,0
1461,Combat Baseline,0,0,0,0
1482,Падение Лордерона,0,0,2,5117
1484,Боевые учения,0,5,2,0
1489,Тол Дагор,0,3,26,0
1490,Тол Дагор,0,3,26,0
1491,Тол Дагор,0,3,26,0
1496,Усадьба Уэйкрестов,0,3,26,0
1497,Усадьба Уэйкрестов,0,3,26,0
1498,Усадьба Уэйкрестов,0,3,26,0
1500,Контратака!,0,0,0,0
1516,Подгнилье,0,3,18,0
1522,Побег из Штормграда,0,0,0,0
1523,Святилище Штормов,0,3,26,0
1524,За Зандалар!,0,0,0,0
1525,Храм Сетралисс,0,3,18,0
1528,Атал'Дазар,0,1,19,0
1529,Тол Дагор,0,1,19,0
1534,Вольная Гавань,0,1,19,0
1548,Ульдир,0,3,26,0
1549,Ульдир,0,3,26,0
1550,Ульдир,0,3,26,0
1551,"Фрос, Бесплотный мир",0,0,0,0
1553,ЗОЛОТАЯ ЖИЛА!!!,0,1,19,0
1554,Усадьба Уэйкрестов,0,1,19,0
1560,Гробница королей,0,1,19,0
1562,Храм Сетралисс,0,1,19,0
1563,Подгнилье,0,1,19,0
1564,Святилище Штормов,0,1,19,0
1565,Гробница королей,0,3,18,0
1568,Битва за Стромгард,9679,6,2,5116
1570,Неизведанный остров,0,0,0,0
1571,Глубины Черной горы,0,0,2,0
1573,Неизведанный остров,0,0,0,0
1575,Тирания Света,9786,0,2,0
1685,Осада Боралуса,0,1,19,0
1690,Горгронд,0,0,0,0
1691,Огненные Просторы,0,0,2,0
1697,Битва за Темные берега,10058,6,2,5116
1699,Гибель Солнечного Колодца,0,0,2,0
1700,Перерождение Тиранды,0,0,0,5116
1701,Битва за Темные берега,10084,6,2,5117
1702,Ограбление сокровищницы,0,0,2,0
1703,Гномреган,0,0,0,0
1704,Тюремщик проклятых,0,0,0,5117
1705,Побег из Тол Дагора,0,0,2,5117
1710,Prototype [DNT],10348,0,2,0
1711,Призрачная охота,0,0,0,5117
1712,"Торгаст, Башня Проклятых",0,0,2,5281
1713,Битва за Дазар'алор,0,3,26,0
1714,Битва за Дазар'алор,0,3,26,0
1715,Битва за Дазар'алор,0,3,26,0
1716,Битва за Дазар'алор,0,3,26,0
1718,Битва за Дазар'алор,0,3,26,0
1719,Битва за Дазар'алор,0,3,26,0
1720,Защитите очистительную установку,10428,0,2,0
1721,Ветрогон и Ворона: детективы из Рощи Снов,0,0,0,0
1722,Потерявшийся ученик,0,0,0,0
1724,Стратхольм,0,0,0,0
1729,В тени алых крыльев,0,0,0,0
1731,Видение Штормграда,10488,0,2,5278
1732,Гилнеасский сон,0,0,2,0
1733,Видение Оргриммара,10492,0,2,5278
1734,Отложенная казнь,0,0,10,0
1735,Горнило Штормов,0,3,26,0
1736,Сущность вечности,0,0,0,0
1737,Исполинская бритвопанцирная черепаха,10052,0,0,0
1738,Отложенная казнь,0,0,10,0
1739,Отложенная казнь,0,0,10,0
1741,Древний спинохруст-крушитель,10052,0,0,0
1742,Морской варан - вожак,10052,0,0,0
1743,Громадный владыка колец,10052,0,0,0
1744,Исполинский тусклопанцирный рак,10052,0,0,0
1745,Древний скат из океанской впадины,10052,0,0,0
1746,Агрессивный рифоход,10052,0,0,0
1747,Чудовищный морской угорь,10052,0,0,0
1754,Зов из глубин,10356,0,0,0
1755,Отбить Кузню,0,0,0,0
1756,"Операция ""Мехагон""",0,3,18,0
1757,Двигатель Налак'ша,0,0,0,0
1759,Обитель мучений,0,0,2,0
1760,Почетный прием,0,3,18,0
1761,Глубины преданных,0,3,26,0
1762,Круг Звезд,0,3,25,0
1763,Сияющий Клинок,0,0,0,0
1764,Твердыня Крыла Тьмы,0,0,0,0
1765,Гуляйполис,0,0,0,0
1766,Видения Н'Зота,0,0,0,0
1767,Владыка лжи,0,0,0,0
1768,Мехагонская свалка,0,1,19,0
1769,"Операция ""Мехагон"" – мастерская",0,1,19,0
1770,"Операция ""Мехагон"" – свалка",0,3,18,0
1771,"Операция ""Мехагон"" – мастерская",0,3,18,0
1773,Видение судьбы,0,3,26,0
1774,Чертоги Преданности,0,3,26,0
1775,Дар Плоти,0,3,26,0
1776,Сон наяву,0,3,26,0
1777,Глубины Черной горы,0,0,0,0
1779,Цитадель Темного Молота,0,0,18,0
1780,Удар в самое сердце,0,0,0,0
1781,Конец сна,0,0,0,0
1782,Клинок Примаса,0,0,0,0
1783,Битва за Тирна Глейн,0,0,0,0
1784,Путь всеобщности,0,0,0,0
1785,Воскрешение Тиранды Шелест Ветра,0,0,0,0
1786,Кровавые катакомбы,0,3,18,0
1788,Кровавые катакомбы,0,3,18,0
1789,Кровавые катакомбы,0,3,18,0
1790,Высшее благо,0,0,0,5361
1791,Пепельный двор,0,0,2,5349
1792,Штурм дома Ритуалов,0,0,0,0
1793,Смертельная тризна,0,3,18,0
1794,Битва за рощу Пробуждения,0,0,2,0
1795,Шпили Перерождения,0,3,18,0
1796,Шпили Перерождения,0,1,19,0
1798,Чертоги Покаяния,0,3,18,0
1799,Чертоги Покаяния,0,3,18,0
1800,Чертоги Покаяния,0,3,18,0
1801,Смертельная тризна,0,3,18,0
1802,Смертельная тризна,0,3,18,0
1803,Путь Перерождения,0,0,2,5361
1804,Чумные каскады,0,3,18,0
1805,Чумные каскады,0,3,18,0
1806,Чумные каскады,0,3,18,0
1808,Медальон Господства,0,0,0,0
1809,Театр Боли,0,3,18,0
1811,Театр Боли,0,3,18,0
1812,Театр Боли,0,3,18,0
1813,Туманы Тирна Скитта,0,1,19,0
1814,Смертельная тризна,0,1,19,0
1815,Та Сторона,0,1,19,0
1816,Чертоги Покаяния,0,1,19,0
1817,Чумные каскады,0,1,19,0
1818,Кровавые катакомбы,0,1,19,0
1819,Театр Боли,0,1,19,0
1820,Репетиция приема при Пепельном дворе,0,0,2,5349
1826,Путь Перерождения,0,0,2,5361
1827,Та Сторона,0,3,18,0
1828,Та Сторона,0,3,18,0
1829,Та Сторона,0,3,18,0
1830,Туманы Тирна Скитта,0,0,19,0
1832,Туманы Тирна Скитта,0,0,19,0
1833,Туманы Тирна Скитта,0,0,19,0
1836,"Торгаст, Башня Проклятых",0,0,2,0
1837,Охота: пожиратели душ,0,0,2,5281
1838,Охота: элементали смерти,11525,0,2,5281
1839,Охота: темные гончие,11525,0,34,5281
1842,"Торгаст, Башня Проклятых",0,0,2,5281
1845,Охота: пожиратели душ,11525,0,2,5281
1846,Истощающие хранилища,0,3,26,0
1848,"Торгаст, Башня Проклятых",0,0,2,5281
1849,"Торгаст, Башня Проклятых",0,0,2,5281
1850,"Торгаст, Башня Проклятых",0,0,2,5281
1851,"Торгаст, Башня Проклятых",0,0,2,5281
1852,"Торгаст, Башня Проклятых",0,0,2,5281
1853,"Торгаст, Башня Проклятых",0,0,2,5281
1854,Реликварий роскоши,0,3,26,0
1855,Кровь из камня,0,3,26,0
1856,Встреча с тщеславием,0,3,26,0
1857,"Торгаст, Башня Проклятых",0,0,2,5281
1859,"Торгаст, Башня Проклятых",0,0,2,5281
1860,"Торгаст, Башня Проклятых",0,0,2,5281
1861,"Торгаст, Башня Проклятых",0,0,2,5281
1863,"Торгаст, Башня Проклятых",0,0,2,5281
1865,"Торгаст, Башня Проклятых",0,0,2,5281
1866,"Торгаст, Башня Проклятых",0,0,2,5281
1867,"Торгаст, Башня Проклятых",0,0,2,5281
1868,"Торгаст, Башня Проклятых",0,0,2,5281
1869,"Торгаст, Башня Проклятых",0,0,2,5281
1870,"Торгаст, Башня Проклятых",0,0,2,5281
1871,"Торгаст, Башня Проклятых",0,0,2,5281
1872,"Торгаст, Башня Проклятых",0,0,2,5281
1873,"Торгаст, Башня Проклятых",0,0,2,5281
1874,"Торгаст, Башня Проклятых",0,0,2,5281
1875,"Торгаст, Башня Проклятых",0,0,2,5281
1876,"Торгаст, Башня Проклятых",0,0,2,5281
1877,"Торгаст, Башня Проклятых",0,0,2,5281
1878,"Торгаст, Башня Проклятых",0,0,2,5281
1879,"Торгаст, Башня Проклятых",0,0,2,5281
1880,"Торгаст, Башня Проклятых",0,0,2,5281
1881,"Торгаст, Башня Проклятых",0,0,2,5281
1882,"Торгаст, Башня Проклятых",0,0,2,5281
1883,"Торгаст, Башня Проклятых",0,0,2,5281
1884,"Торгаст, Башня Проклятых",0,0,2,5281
1885,"Торгаст, Башня Проклятых",0,0,2,5281
1886,"Торгаст, Башня Проклятых",0,0,2,5281
1887,"Торгаст, Башня Проклятых",0,0,2,5281
1888,"Торгаст, Башня Проклятых",0,0,2,5281
1889,"Торгаст, Башня Проклятых",0,0,2,5281
1890,"Торгаст, Башня Проклятых",0,0,2,5281
1891,"Торгаст, Башня Проклятых",0,0,2,5281
1892,"Торгаст, Башня Проклятых",0,0,2,5281
1893,"Торгаст, Башня Проклятых",0,0,2,5281
1894,"Торгаст, Башня Проклятых",0,0,2,5281
1895,"Торгаст, Башня Проклятых",0,0,2,5281
1896,"Торгаст, Башня Проклятых",0,0,2,5281
1897,"Торгаст, Башня Проклятых",0,0,2,5281
1898,"Торгаст, Башня Проклятых",0,0,2,5281
1899,"Торгаст, Башня Проклятых",0,0,2,5281
1900,"Торгаст, Башня Проклятых",0,0,2,5281
1901,"Торгаст, Башня Проклятых",0,0,2,5281
1902,"Торгаст, Башня Проклятых",0,0,2,5281
1903,"Торгаст, Башня Проклятых",0,0,2,5281
1904,"Торгаст, Башня Проклятых",0,0,2,5281
1905,"Торгаст, Башня Проклятых",0,0,2,5281
1906,"Торгаст, Башня Проклятых",0,0,2,5281
1907,"Торгаст, Башня Проклятых",0,0,2,5281
1908,"Торгаст, Башня Проклятых",0,0,2,5281
1909,"Торгаст, Башня Проклятых",0,0,2,5281
1910,"Торгаст, Башня Проклятых",0,0,2,5281
1911,"Торгаст, Башня Проклятых",0,0,2,5281
1912,"Торгаст, Башня Проклятых",0,0,2,5281
1913,Охота: крылатые пожиратели душ,11525,0,2,5281
1914,Гнев Тюремщика,13569,0,2,0
1918,Шпили Перерождения,0,3,18,0
1919,Шпили Перерождения,0,3,18,0
1921,"Торгаст, Башня Проклятых",0,0,2,5281
1922,"Торгаст, Башня Проклятых",0,0,2,5281
1923,"Торгаст, Башня Проклятых",0,0,2,5281
1924,"Торгаст, Башня Проклятых",0,0,2,5281
1925,"Торгаст, Башня Проклятых",0,0,2,5281
1926,"Торгаст, Башня Проклятых",0,0,2,5281
1927,"Торгаст, Башня Проклятых",0,0,2,5281
1928,"Торгаст, Башня Проклятых",0,0,2,5281
1929,"Торгаст, Башня Проклятых",0,0,2,5281
1931,Битва за Арденвельд,0,0,0,0
1933,"Торгаст, Башня Проклятых",0,0,2,5281
1934,Мучители из Торгаста,13648,0,2,0
1935,Мучители из Торгаста,13648,0,2,0
1936,Мучители из Торгаста,13648,0,2,0
1937,Мучители из Торгаста,13648,0,2,0
1938,Мучители из Торгаста,13648,0,2,0
1939,Мучители из Торгаста,13648,0,2,0
1940,Мучители из Торгаста,13648,0,2,0
1941,Мучители из Торгаста,13648,0,2,0
1942,Мучители из Торгаста,13648,0,2,0
1943,Мучители из Торгаста,13648,0,2,0
1944,Защита Примаса,0,0,0,0
1946,"Торгаст, Башня Проклятых",0,0,2,5281
1947,"Торгаст, Башня Проклятых",0,0,2,5281
1948,"Торгаст, Башня Проклятых",0,0,2,5281
1949,"Торгаст, Башня Проклятых",0,0,2,5281
1950,"Торгаст, Башня Проклятых",0,0,2,5281
1951,"Торгаст, Башня Проклятых",0,0,2,5281
1952,"Торгаст, Башня Проклятых",0,0,2,5281
1953,"Торгаст, Башня Проклятых",0,0,2,5281
1954,"Торгаст, Башня Проклятых",0,0,2,5281
1955,"Торгаст, Башня Проклятых",0,0,2,5281
1956,"Торгаст, Башня Проклятых",0,0,2,5281
1957,"Торгаст, Башня Проклятых",0,0,2,5281
1959,"Торгаст, Башня Проклятых",0,0,2,5281
1960,"Торгаст, Башня Проклятых",0,0,2,5281
1961,"Торгаст, Башня Проклятых",0,0,2,5281
1962,"Торгаст, Башня Проклятых",0,0,2,5281
1964,"Торгаст, Башня Проклятых",0,0,2,5281
1965,"Торгаст, Башня Проклятых",0,0,2,5281
1966,"Торгаст, Башня Проклятых",0,0,2,5281
1967,"Торгаст, Башня Проклятых",0,0,2,5281
1968,"Торгаст, Башня Проклятых",0,0,2,5281
1969,"Торгаст, Башня Проклятых",0,0,2,5281
1970,"Торгаст, Башня Проклятых",0,0,2,5281
1971,"Торгаст, Башня Проклятых",0,0,2,5281
1972,Test,8006,0,0,0
1973,Авангард Тюремщика,0,3,26,0
1974,Темный острог,0,3,26,0
1977,Оковы судьбы,0,3,26,0
1979,Расплата,0,3,26,0
1980,Test Scenario,0,5,2,0
1981,Штурм Драконьей Погибели,13644,0,2,0
1982,Участок автомов,0,0,2,0
1983,Участок автомов,0,0,2,0
1984,"Торгаст, Башня Проклятых",0,0,2,5281
1985,"Торгаст, Башня Проклятых",0,0,2,5281
1986,"Торгаст, Башня Проклятых",0,0,2,5281
1987,"Торгаст, Башня Проклятых",0,0,2,5281
1988,"Торгаст, Башня Проклятых",0,0,2,5281
1990,"Торгаст, Башня Проклятых",0,0,2,5281
1991,"Торгаст, Башня Проклятых",0,0,2,5281
1992,"Торгаст, Башня Проклятых",0,0,2,5281
1993,"Торгаст, Башня Проклятых",0,0,2,5281
1994,Путь Примаса,0,0,2,0
1995,"Торгаст, Башня Проклятых",0,0,2,5281
1996,"Торгаст, Башня Проклятых",0,0,2,5281
1997,"Торгаст, Башня Проклятых",0,0,2,5281
1998,"Торгаст, Башня Проклятых",0,0,2,5281
1999,"Торгаст, Башня Проклятых",0,0,2,5281
2000,"Торгаст, Башня Проклятых",0,0,2,5281
2001,Фундамент Созидания,0,3,26,0
2002,Эфемеровые измерения,0,3,26,0
2003,Предел Господства,0,3,26,0
2004,Великий замысел,0,3,26,0
2005,"Торгаст, Башня Проклятых",0,0,2,5281
2006,"Торгаст, Башня Проклятых",0,0,2,5281
2007,"Торгаст, Башня Проклятых",0,0,2,5281
2008,"Торгаст, Башня Проклятых",0,0,2,5281
2009,"Торгаст, Башня Проклятых",0,0,2,5281
2010,"Торгаст, Башня Проклятых",0,0,2,5281
2011,"Торгаст, Башня Проклятых",0,0,2,5281
2012,"Торгаст, Башня Проклятых",0,0,2,5281
2013,"Торгаст, Башня Проклятых",0,0,2,5281
2014,"Торгаст, Башня Проклятых",0,0,2,5281
2015,"Торгаст, Башня Проклятых",0,0,2,5281
2016,"Торгаст, Башня Проклятых",0,0,2,5281
2017,"Торгаст, Башня Проклятых",0,0,2,5281
2018,"Торгаст, Башня Проклятых",0,0,2,5281
2019,"Торгаст, Башня Проклятых",0,0,2,5281
2021,"Торгаст, Башня Проклятых",0,0,2,5281
2023,"Торгаст, Башня Проклятых",0,0,2,5281
2024,"Торгаст, Башня Проклятых",0,0,2,5281
2025,"Торгаст, Башня Проклятых",0,0,2,5281
2026,"Торгаст, Башня Проклятых",0,0,2,5281
2027,"Торгаст, Башня Проклятых",0,0,2,5281
2028,"Торгаст, Башня Проклятых",0,0,2,5281
2029,"Торгаст, Башня Проклятых",0,0,2,5281
2030,"Торгаст, Башня Проклятых",0,0,2,5281
2031,Тазавеш: улицы чудес,0,1,19,0
2032,Тазавеш: гамбит Со'леи,0,1,19,0
2033,"Торгаст, Башня Проклятых",0,0,2,5281
2034,Test,8639,7,160,0
2035,Тазавеш: улицы чудес,0,3,18,0
2036,Тазавеш: гамбит Со'леи,0,3,18,0
2037,Осада Драконьей Погибели,13644,0,0,5473
2039,Сундук с огненным замком,0,0,2,0
2040,Караван клана Айлааг,0,0,0,5473
2041,Сценарий в открытой зоне,0,0,0,0
2042,Изначальные бури в Бесплодных землях,0,0,2,5473
2045,Изначальные бури в Ун'Горо,0,0,2,5473
2047,Изумрудный Путь Снов,0,0,0,0
2049,Изначальные бури в Тирисфальских лесах,0,0,2,5473
2050,[DNT][PH] Hunting Stealth,13645,0,2,0
2051,[DNT][PH] Hunting Collect Meat,13645,0,2,0
2052,Убийство лося,13645,0,2,0
2054,Изначальные бури в Степях,0,0,2,5473
2056,Караван клана Айлааг,0,0,0,5473
2057,Великая охота,13645,0,2,5473
2059,Наступление клана Нокхуд,0,3,18,0
2061,Наступление клана Нокхуд,0,3,18,0
2062,Великая охота,13645,0,2,5473
2063,Великая охота,0,0,2,5473
2064,Великая охота,13644,0,2,5473
2065,Великая охота,13644,0,2,5473
2066,Великая охота,13644,0,2,5473
2067,Великая охота,13646,0,2,5473
2068,Великая охота,13646,0,2,5473
2069,Великая охота,13646,0,2,5473
2070,Великая охота,13647,0,2,5473
2071,Великая охота,13647,0,2,5473
2072,Великая охота,13647,0,2,5473
2073,Наступление клана Нокхуд,0,3,18,0
2074,Лощина Бурошкуров,0,3,18,0
2075,Лощина Бурошкуров,0,3,18,0
2076,Лощина Бурошкуров,0,3,18,0
2077,Чертоги Насыщения,0,3,18,0
2078,Чертоги Насыщения,0,3,18,0
2079,Чертоги Насыщения,0,3,18,0
2080,Нелтарий,0,3,18,0
2081,Нелтарий,0,3,18,0
2082,Нелтарий,0,3,18,0
2083,Рубиновые Омуты Жизни,0,3,18,0
2084,Рубиновые Омуты Жизни,0,3,18,0
2085,Рубиновые Омуты Жизни,0,3,18,0
2086,Академия Алгет'ар,0,3,18,0
2087,Академия Алгет'ар,0,3,18,0
2088,Академия Алгет'ар,0,3,18,0
2089,Лазурное хранилище,0,3,18,0
2090,Лазурное хранилище,0,3,18,0
2091,Лазурное хранилище,0,3,18,0
2092,Ульдаман: наследие Тира,0,3,18,0
2093,Ульдаман: наследие Тира,0,3,18,0
2094,Ульдаман: наследие Тира,0,3,18,0
2095,Большое пиршество,0,0,2,0
2096,Большое пиршество,0,0,2,0
2097,Большое пиршество,0,0,2,0
2098,Большое пиршество,0,0,2,0
2099,Большое пиршество,0,0,2,0
2100,Большое пиршество,0,0,2,0
2101,Большое пиршество,0,0,2,0
2102,Большое пиршество,0,0,2,0
2103,Большое пиршество,0,0,2,0
2106,Большое пиршество,0,0,2,0
2107,Большое пиршество,0,0,2,0
2108,Большое пиршество,0,0,2,0
2109,Большое пиршество,0,0,2,0
2110,Большое пиршество,0,0,2,0
2111,Большое пиршество,0,0,2,0
2112,Большое пиршество,0,0,2,0
2113,Большое пиршество,0,0,2,0
2114,Большое пиршество,0,0,2,0
2115,Большое пиршество,0,0,2,0
2116,Большое пиршество,0,0,2,0
2117,Большое пиршество,0,0,2,0
2118,Большое пиршество,0,0,2,0
2119,Клыкаррское пиршество,0,0,2,0
2120,Клыкаррское пиршество,0,0,2,0
2121,Клыкаррское пиршество,0,0,2,0
2123,Караван клана Айлааг,0,0,0,5473
2124,Изначальный бастион,0,3,26,0
2125,Пещеры Насыщения,0,3,26,0
2126,Гнев бури,0,3,26,0
2127,Испытание потопом,0,0,0,5473
2128,Рубиновые Омуты Жизни,0,1,18,0
2130,Испытание стихий,0,0,0,5473
2131,Академия Алгет'ар,0,1,18,0
2132,Наступление клана Нокхуд,0,1,18,0
2133,Лазурное хранилище,0,1,18,0
2134,[DNT]Minor Storm,0,0,2,5473
2135,[DNT]Major Storm,0,0,2,5473
2136,Последнее пристанище Тира,0,0,0,0
2137,Будущее нашего народа,0,0,0,0
2138,[DNT] Null script fix test scenario (don't use!),0,0,0,0
2139,Неистовство бури,13992,0,2,0
2140,Изначальная буря в Ледокаменном хранилище,13769,0,2,5473
2141,Изначальная буря в Ледокаменном хранилище,13769,0,2,5473
2142,Изначальная буря в Ледокаменном хранилище,13769,0,2,5473
2143,Изначальная буря в Ледокаменном хранилище,13769,0,2,5473
2145,Последнее противостояние,0,0,0,5473
2146,Терпение принцев,0,0,0,5473
2148,Налет Фиракка,0,0,0,5473
2149,Испытание бурь,0,0,0,5473
2152,Исследователи под огнем,0,0,2,5473
2154,"Наз'уро, Высвобожденное Наследие",0,0,0,5473
2155,Большое пиршество,0,0,2,0
2156,Большое пиршество,0,0,2,0
2157,Большое пиршество,0,0,2,0
2158,Большое пиршество,0,0,2,0
2159,Большое пиршество,0,0,2,0
2160,Большое пиршество,0,0,2,0
2161,Большое пиршество,0,0,2,0
2162,Большое пиршество,0,0,2,0
2163,Большое пиршество,0,0,2,0
2164,Большое пиршество,0,0,2,0
2165,Большое пиршество,0,0,2,0
2166,Большое пиршество,0,0,2,0
2167,Большое пиршество,0,0,2,0
2168,Большое пиршество,0,0,2,0
2169,Большое пиршество,0,0,2,0
2170,Большое пиршество,0,0,2,0
2171,Большое пиршество,0,0,2,0
2172,Большое пиршество,0,0,2,0
2173,Большое пиршество,0,0,2,0
2174,Большое пиршество,0,0,2,0
2175,Большое пиршество,0,0,2,0
2176,Большое пиршество,0,0,2,0
2177,Большое пиршество,0,0,2,0
2178,Большое пиршество,0,0,2,0
2179,Большое пиршество,0,0,2,0
2180,Большое пиршество,0,0,2,0
2181,Большое пиршество,0,0,2,0
2184,Вершина Смерча,0,1,18,0
2185,Shane's Test Scenario,0,0,64,0
2187,Лощина Бурошкуров,0,1,18,0
2188,Ульдаман: наследие Тира,0,1,18,0
2189,Нелтарий,0,1,18,0
2190,Чертоги Насыщения,0,1,18,0
2191,AmyTestScenario,0,0,0,0
2193,Отбракованные жизни,0,3,26,0
2194,Ярость гигантов,0,3,26,0
2195,Тень Нелтариона,0,3,26,0
2196,Граница Бездны,0,3,26,0
2198,Пещеры кобольдов,0,0,18,0
2208,Шахты кобольдов,0,0,18,0
2222,Портал времени!,0,7,2,0
2246,Арена земельников,0,0,2,0
2258,Проверка,0,0,2,0
2259,Цветочный бум,0,0,34,5473
2270,Заброшенная колыбель,0,7,18,0
2276,Рассвет Бесконечности: падение Галакронда,0,3,18,0
2277,Рассвет Бесконечности: подъем Дорнозму,0,3,18,0
2278,Поток времени: Азмерлот,0,0,2,5473
2279,Удел Предателя,13844,7,34,5473
2280,Поток времени: Ульдерот,0,0,2,5473
2281,Поток времени: Азескорб,0,0,2,5473
2282,Поток времени: Гневерот,0,0,2,5473
2283,Поток времени: Азк'рот,0,0,2,5473
2284,Поток времени: Земли Войны,0,0,2,5473
2285,Поток времени: АЗЕРОТ,0,0,2,5473
2286,Решимость героя,0,0,0,0
2290,Штурм Чертогов Доблести,0,0,2,0
2293,Сон наяву,0,0,32,5473
2295,Рубиновые Омуты Жизни,0,2,18,0
2296,Поиски диска,0,0,0,5473
2297,Трон Приливов,0,1,18,0
2299,Сон наяву,0,0,32,5473
2300,Сон наяву,0,0,32,5473
2301,Сон наяву,0,0,32,5473
2304,[DNT] Sample Single Step Scenario,0,0,34,5473
2308,Работа в кузне,14023,0,0,5511
2309,Последний маяк,14841,0,34,0
2311,Вылазки,0,0,18,0
2313,Вылазки,0,0,18,0
2315,Вылазки,0,0,18,0
2317,Вылазки,0,0,18,0
2318,Вылазки,0,0,18,0
2319,Рассвет Бесконечности: падение Галакронда,0,1,19,0
2320,Рассвет Бесконечности: подъем Дорнозму,0,1,19,0
2321,Миграция мурлоков,9310,0,34,5623
2323,Король Мош,0,0,34,5623
2324,[DNT] VS Mode - LFGDungeon - Scenario,0,0,0,0
2327,Расселина Темного Пламени,0,3,18,0
2328,Расселина Темного Пламени,0,3,18,0
2329,Расселина Темного Пламени,0,3,18,0
2330,Невероятно редкая печень вепря идеального качества,0,0,34,5623
2331,Вылазки,0,0,18,0
2332,Воспоминания о Стежке,0,0,34,5623
2333,Отравленные тыквы,0,0,34,5623
2337,Воспоминания о Дробителе,0,0,34,5623
2338,Зал Пробуждения,0,0,0,0
2339,Воспоминания о Хаккаре,0,0,34,5623
2340,След Воплощения,0,3,26,0
2341,Раскаленное вторжение,0,3,26,0
2342,Изумрудное плетение,0,3,26,0
2343,Судьба Амирдрассила,0,3,26,0
2344,Южнобережье против Мельницы Таррен,0,0,34,5623
2345,Вылазка за обжигающей бражкой,0,0,34,5623
2346,Вылазки,0,0,18,0
2347,Вылазки,0,0,18,0
2348,Лепрогномоцид,0,0,34,5623
2350,Рассвет Бесконечности: подъем Дорнозму,0,3,18,0
2351,Рассвет Бесконечности: падение Галакронда,0,3,18,0
2352,Новая свеча – новая надежда,0,0,2,5623
2353,Зеленые холмы,0,0,34,5623
2354,Вылазки,0,0,18,0
2355,Вылазки,0,0,18,0
2356,Испытание доблести,0,3,26,0
2357,Искрящий акведук,0,3,26,0
2358,Королевская библиотека,0,3,26,0
2359,Ночной Шпиль,0,3,26,0
2360,Подъем Предателя,0,3,26,0
2361,Темная Ветвь,0,3,26,0
2362,Одержимые хранители,0,3,26,0
2363,Провал Альн,0,3,26,0
2364,Каменный Свод,0,3,18,0
2365,Театральная труппа,14776,7,162,5623
2366,Каменный Свод,0,3,18,0
2367,Каменный Свод,0,3,18,0
2368,Гнездовье,0,3,18,0
2369,Гнездовье,0,3,18,0
2370,Гнездовье,0,3,18,0
2371,Вылазки,0,0,18,0
2372,Вылазки,0,0,18,0
2373,Вылазки,0,0,18,0
2376,Вылазки,0,0,18,0
2377,Вылазки,0,0,18,0
2378,Вылазки,0,0,18,0
2381,"""Сияющий Рассвет""",0,3,18,0
2382,"""Сияющий Рассвет""",0,3,18,0
2383,"""Сияющий Рассвет""",0,3,18,0
2385,Вылазки,0,0,18,0
2386,Вылазки,0,0,18,0
2387,Вылазки,0,0,2,0
2388,Побег из Подкопов,15134,0,0,5623
2389,Вылазки,0,0,18,0
2390,Вылазки,0,0,18,0
2391,Spell Test,0,0,0,0
2392,Пробуждение Машины,0,0,2,5623
2393,Вылазки,0,0,0,0
2394,"Ара-Кара, Город Отголосков",0,3,18,0
2395,"Ара-Кара, Город Отголосков",0,3,18,0
2396,"Ара-Кара, Город Отголосков",0,3,18,0
2397,Вылазки,0,0,18,0
2398,Вылазки,0,0,18,0
2399,Вылазки,0,0,18,0
2400,Вылазки,0,0,18,0
2401,Вылазки,0,0,18,0
2403,Вылазки,0,0,18,0
2404,Вылазки,0,0,18,0
2405,Вылазки,0,0,18,0
2406,Искроварня,0,3,18,0
2407,Искроварня,0,3,18,0
2408,Искроварня,0,3,18,0
2409,Вылазки,0,0,18,0
2411,Вылазки,0,0,18,0
2415,Вылазки,0,0,18,0
2416,Свет среди тьмы,0,0,2,5623
2418,Вылазки,0,0,18,0
2419,Вылазки,0,0,18,0
2420,Вылазки,0,0,18,0
2422,Вылазки,0,0,18,0
2423,Вылазки,0,0,18,0
2424,Вылазки,0,0,18,0
2425,Вылазки,0,0,18,0
2426,Вылазки,0,0,18,0
2427,Вылазки,0,0,18,0
2428,Вылазки,0,0,18,0
2429,Вылазки,0,0,18,0
2431,Вылазки,0,0,18,0
2432,Вылазки,0,0,18,0
2433,Вылазки,0,0,18,0
2434,Вылазки,0,0,18,0
2435,Вылазки,0,0,18,0
2436,Вылазки,0,0,18,0
2437,Вылазки,0,0,18,0
2439,Приорат Священного Пламени,0,1,18,0
2443,Гнездовье,0,1,18,0
2444,Каменный Свод,0,1,18,0
2445,Город Нитей,0,1,18,0
2446,"Ара-Кара, Город Отголосков",0,1,18,0
2447,Расселина Темного Пламени,0,1,18,0
2448,"""Сияющий Рассвет""",0,1,18,0
2449,Искроварня,0,1,18,0
2452,Час лапши,0,0,0,0
2453,Грим Батол,0,1,18,0
2454,Пророк Шшератуса,0,0,34,5623
2486,Осада Боралуса,0,1,18,0
2487,Очиститесь огнем!,0,0,34,5623
2495,Загадочные лакомства,0,0,34,5623
2518,"О нет, наши бедные малыши!",0,0,34,5623
2521,Король Гордок,0,0,34,5623
2522,Король Газ'рилла,0,0,34,5623
2523,Паучьи глаза Болотного Глаза,0,0,34,5623
2524,Вразумить свинобразов,0,0,34,5623
2526,Призыв к защитникам!,0,0,32,5623
2527,Сила кристаллов,0,0,34,5623
2529,Серебряные испытания,0,0,32,5623
2530,Ленивые батраки,0,0,34,5623
2531,Высоко в горах...,0,0,34,5623
2532,Просьба Зенна,0,0,34,5623
2533,"Клинок, достойный чемпиона",0,0,34,5623
2536,Мертвые копи,0,3,18,0
2537,Квартал Криводревов,0,3,18,0
2539,Стратхольм – главные врата,0,3,18,0
2540,Зул'Фаррак,0,3,18,0
2541,Город Нитей,0,3,18,0
2542,Город Нитей,0,3,18,0
2543,Город Нитей,0,3,18,0
2544,Центральный сад,0,3,18,0
2545,Видение души мира,0,0,0,0
2547,Укрепления Снующих лап,0,3,18,0
2548,Тайны Неруб'арского дворца,0,3,18,0
2549,Падение королевы,0,3,18,0
2550,Опутанные рыцари,0,0,34,5623
2552,Приорат Священного Пламени,0,3,18,0
2553,Приорат Священного Пламени,0,3,18,0
2554,Приорат Священного Пламени,0,3,18,0
2555,Кодекс Хроми,0,0,34,5554
2556,Модная лихорадка,2300,0,34,5554
2557,Ониксия,15,0,34,5623
2558,Рагнарос из воспоминания,51,0,34,5623
2560,Сбор древесины,0,0,34,5623
2561,Падение королевы,0,3,2,0
2564,Город Нитей,0,3,18,0
2568,[DNT] Hackathon - Torghast (OJF),0,0,130,5554
2569,Воспоминание души мира: великие резчики,0,0,0,0
2570,Воспоминание души мира: великие резчики,0,0,0,0
2571,Король-лич из воспоминания,65,0,34,5623
2577,Грим Батол,0,3,10,0
2580,Нижетопь,0,3,18,0
2581,Ботаника,0,3,18,0
2582,Кузня Крови,0,3,18,0
2583,Разрушенные залы,0,3,18,0
2584,Гробницы маны,0,3,18,0
2585,Терраса Магистров,0,3,18,0
2586,Крепость Утгард,0,3,18,0
2587,Нексус,0,3,18,0
2588,Кузня Душ,0,3,18,0
2589,Чертоги Молний,0,3,18,0
2590,Гундрак,0,3,18,0
2591,Азжол-Неруб,0,3,18,0
2626,Видение души мира,0,0,0,0
2627,Видение души мира,0,0,0,0
2628,Видение души мира,0,0,0,0
2629,Видение души мира,0,0,0,0
2630,Видение души мира,0,0,0,0
2631,Видение души мира,0,0,0,0
2632,Видение души мира,0,0,0,0
2633,Турбо-прополка,0,0,0,0
2635,Месть Раттс,7971,0,34,0
2637,Сумерки,0,7,162,5623
2642,Операция: шлюз,0,3,18,0
2643,Операция: шлюз,0,3,18,0
2644,Операция: шлюз,0,3,18,0
2678,Вылазки,0,0,18,0
2680,Операция: шлюз,0,1,18,0
2757,Взлет цен,15347,0,32,0
2774,Вылазки,0,0,18,0
2776,Око Азшары,0,3,26,0
2777,Чаща Темного Сердца,0,3,18,0
2778,Казематы Стражей,0,3,10,0
2779,Логово Нелтариона,0,3,26,0
2780,Квартал Звезд,0,3,10,0
2781,Доставка и разгрузка,0,0,2,5623
2782,Доставка и разгрузка,0,0,2,5623
2783,Доставка и разгрузка,0,0,2,5623
2784,Доставка и разгрузка,0,0,2,5623
2785,Доставка и разгрузка,0,0,2,5623
2786,Доставка и разгрузка,0,0,2,5623
2787,Доставка и разгрузка,0,0,2,5623
2788,Доставка и разгрузка,0,0,2,5623
2789,Доставка и разгрузка,0,0,2,5623
2790,Доставка и разгрузка,0,0,2,5623
2791,Доставка и разгрузка,0,0,2,5623
2792,Доставка и разгрузка,0,0,2,5623
2793,Доставка и разгрузка,0,0,2,5623
2794,Пещеры Черной горы,0,3,10,0
2795,Конец Времен,0,3,10,0
2797,Затерянный город Тол'вир,0,3,10,0
2798,Каменные Недра,0,3,10,0
2799,Вершина Смерча,0,3,10,0
2800,Трон Приливов,0,3,10,0
2801,Некроситет,0,3,10,0
2802,Доставка и разгрузка,0,0,2,5623
2803,Доставка и разгрузка,0,0,2,5623
2804,Доставка и разгрузка,0,0,2,5623
2805,Владыки стихий,0,3,18,0
2806,Тенегорн,0,3,18,0
2807,Императорский Трон,0,3,18,0
2808,Доставка и разгрузка,0,0,2,5623
2810,Доставка и разгрузка,0,0,2,5623
2811,Вылазки,0,0,18,0
2812,Доставка и разгрузка,0,0,2,5623
2822,Врата Заходящего Солнца,0,3,10,0
2823,Монастырь Шадо-Пан,0,3,10,0
2824,Хмелеварня Буйных Портеров,0,3,10,0
2825,Храм Нефритовой Змеи,0,3,10,0
2826,Дворец Могу'шан,0,3,10,0
2827,Аукиндон,0,3,26,0
2828,Шлаковые шахты Кровавого Молота,0,3,26,0
2829,Вечное Цветение,0,3,26,0
2830,Депо Мрачных Путей,0,3,26,0
2831,Некрополь Призрачной Луны,0,3,26,0
2832,Небесный Путь,0,3,26,0
2833,Доставка и разгрузка,0,0,2,5623
2834,Вылазки,0,0,18,0
2837,Вылазки,0,0,18,0
2838,Доставка и разгрузка,0,0,2,5623
2844,Вылазки,0,0,18,0
2845,Вылазки,0,0,18,0
2847,Вылазки,0,0,18,0
2848,Вылазки,0,0,18,0
2849,"Операция ""Мехагон"" – мастерская",0,3,18,0
2851,Стратхольм – черный ход,0,3,10,0
2853,Вылазки,0,0,18,0
2854,Вылазки,0,0,18,0
2855,Доставка и разгрузка,0,0,2,5623
2856,Доставка и разгрузка,0,0,2,5623
2857,Доставка и разгрузка,0,0,2,5623
2858,Доставка и разгрузка,0,0,2,5623
2859,Доставка и разгрузка,0,0,2,5623
2860,Доставка и разгрузка,0,0,2,5623
2861,Доставка и разгрузка,0,0,2,5623
2862,Доставка и разгрузка,0,0,2,5623
2863,Доставка и разгрузка,0,0,2,5623
2864,Доставка и разгрузка,0,0,2,5623
2865,Доставка и разгрузка,0,0,2,5623
2871,Вылазки,0,0,18,0
2875,Доставка и разгрузка,0,0,2,5623
2887,Шок и трепет,0,3,18,0
2889,Маниакальный механик,0,3,18,0
2890,Доставка и разгрузка,0,0,2,5623
2893,Две головы лучше,0,3,18,0
2896,Хромовый король,0,3,18,0
2897,Доставка и разгрузка,0,0,2,5623
2898,Доставка и разгрузка,0,0,2,5623
2901,Вылазки,0,0,18,0
2902,Доставка и разгрузка,0,0,2,5623
2909,Вылазки,0,0,18,0
2914,Вылазки,0,0,18,0
2915,Вылазки,0,0,18,0
2916,Видение души мира,0,0,0,0
2917,Видение души мира,0,0,0,0
2918,Вылазки,0,0,18,0
2921,Вылазки,0,0,18,0
2923,Раскол короны,0,3,2,0
2927,Коварный Купол,0,3,0,5656
2928,Вылазки,0,0,18,0
2933,Доставка и разгрузка,0,0,2,5623
2940,Доставка и разгрузка,0,0,2,5623
2941,Доставка и разгрузка,0,0,2,5623
2942,Доставка и разгрузка,0,0,2,5623
2950,Видение Штормграда,15942,0,2,5278
2951,Видение Оргриммара,15946,0,2,5278
