ID,Name_lang,Cost_lang,OutOfError_lang,ToolTip_lang,MinPower,MaxPower,StartPower,CenterPower,RegenerationPeace,RegenerationCombat,BarType,Flags,StartInset,EndInset,FileDataID[0],FileDataID[1],FileDataID[2],FileDataID[3],FileDataID[4],FileDataID[5],Color[0],Color[1],Color[2],Color[3],Color[4],Color[5]
9,Potere di prova,%d potere di prova,Potere di prova insufficiente.,,0,1000,1000,0,-12.5,-5,0,0,0,0,0,0,0,0,0,0,-16777216,-16777216,-16777216,-16777216,-16777216,0
10,Potere di prova,%d potere di prova,Potere di prova insufficiente.,,0,2000,0,0,20,10,0,1,0,0,0,0,0,0,0,0,-16777216,-16777216,-16777216,-16777216,-16777216,0
18,Indicatore di letalità,,,,0,10,0,0,0,0,0,7,0,0,457299,457296,457297,457300,457298,0,-1,-1,-1,-1,-1,0
23,Barra del suono,Suono,Non sei stato rilevato.,Quanto sei rumoroso!,0,100,0,0,0,0,2,2,0,0,457566,457564,449443,0,457565,0,-401539,-16777216,-7678738,-16777216,-598016,0
24,Campione di morbo,,,,0,250,0,0,0,0,0,23,0.1328,0.1367,457299,457296,457297,457300,457298,0,-1,-1,-1,-1,-1,0
26,Acidi digestivi,,,"Gli acidi nello stomaco di Iso'rath ti stanno digerendo!|n|nLa forza dell'acido aumenta nel tempo, trova riparo presso il vicino Sciamano del Circolo della Terra per curarti!",0,300,0,0,0,0,0,23,0.1328,0.1367,459000,449447,457302,0,462656,0,-1,-1,-13902018,-1,-1,0
29,Progresso della corsa,Cosa significa?,,,0,34,0,0,0,0,0,6,0.1328,0.1367,457310,457307,457308,0,457309,0,-1,-1,-1,-1,-1,0
30,Progresso dell'ondata,Cosa significa?,,,0,5,0,0,0,0,0,6,0.1328,0.1367,457310,457307,457308,0,457309,0,-1,-1,-1,-1,-1,0
32,Progresso dell'ondata,Cosa significa?,,,0,4,0,0,0,0,0,6,0.1328,0.1367,457310,457307,457308,0,457309,0,-1,-1,-1,-1,-1,0
33,Progresso dell'ondata,Cosa significa?,,,0,7,0,0,0,0,0,6,0.1328,0.1367,457310,457307,457308,0,457309,0,-1,-1,-1,-1,-1,0
34,Potere di Alexstrasza,,,,0,5,5,0,0,0,3,2,0,0.5,457617,449452,457583,457576,457575,0,-406016,-16777216,-837632,-16777216,-16777216,0
35,Progresso dell'ondata,Cosa significa?,,,0,7,0,0,0,0,0,6,0.1328,0.1367,457310,457307,457308,0,457309,0,-1,-1,-1,-1,-1,0
36,Custode Acquaferma,Cosa significa?,,La quantità di vita rimasta prima che il Custode Acquaferma venga sconfitto.,0,35000,0,0,0,0,0,6,0.1328,0.1367,459012,449447,449448,0,449449,0,-1,-1,-65536,-1,-1,0
37,Sangue Corrotto,Sangue Corrotto,Il tuo sangue è di nuovo pulito!,Causa:|n Corruzione accelerata al 25%. |n Corruzione debilitante al 50% |n Corruzione mutante al 75% |n Corruzione assoluta al 100%,0,100,0,0,0,0,0,2,0.28,0.22,462333,462330,462331,462334,462332,0,-1,-1,-1,-1,-1,0
39,Carica elettrica,Elettricità,,Livello attuale di carica elettrica di Onyxia. Esploderà quando sarà completamente carica.,0,100,0,0,0,0,0,2,0.15,0.15,457319,449467,457317,457320,457318,0,-1,-1,-1,-1,-1,0
61,Chi,%d chi,Chi insufficiente.,L'energia accumulata dai tuoi attacchi.,0,100,0,0,0,0,2,2,0,0,457566,457564,449443,0,457565,0,-401539,-16777216,-7678738,-16777216,-598016,0
62,Progresso del salvataggio,,,Non allontanarti dal Druido!,0,45,1,0,1,1,0,23,0.1328,0.1367,458992,457301,457302,0,457303,0,-1,-1,-5038305,-1,-1,0
63,Progresso del rituale,,,Combatti contro gli elementali presso il portale sopra la Cresta di Nordune!,0,105,0,0,1,1,0,23,0.1328,0.1367,458992,457301,457302,0,457303,0,-1,-1,-5038305,-1,-1,0
64,Indicatore di direzione,Indicatore di direzione,,Indica la direzione in cui si sta dirigendo Sire Rhyolith.,0,50,25,50,0,0,0,6,0.15,0.15,525293,525291,525292,0,0,0,-1,-1,-1,-1,-1,-16777216
65,Concentrazione,Concentrazione,Concentrazione persa.,I danni e le cure aumentano man mano che ti concentri sull'azione in corso. Questi bonus vengono persi se vieni colpito da un attacco ostile o da un incantesimo.,0,100,0,0,5,5,0,6,0.13,0.13,449450,449447,449448,0,446220,0,-1,-1,-1,-1,-1,-16777216
66,Campo dei Ribelli difeso,,,Difendi il Campo dei Ribelli dall'assalto dei Troll!,0,180,1,0,1,1,0,6,0.1328,0.1367,457295,449447,449468,0,457303,0,-1,-1,-16757025,-1,-1,0
67,Grom'gol difeso,,,Difendi il Forte di Grom'gol dall'assalto dei Troll!,0,180,1,0,1,1,0,6,0.1328,0.1367,457306,449447,449468,0,457303,0,-1,-1,-1177600,-1,-1,0
68,Protezione di Thrall,,,Combatti contro gli elementali che cercano di lacerare l'anima di Thrall!,0,100,0,0,0,0,0,6,0.1328,0.1367,458988,457301,457302,0,457303,0,-1,-1,-6752257,-1,-1,0
69,Protezione di Thrall,,,Combatti contro gli elementali che cercano di lacerare l'anima di Thrall!,0,100,0,0,0,0,0,6,0.1328,0.1367,459016,457301,457302,0,457303,0,-1,-1,-16742657,-1,-1,0
72,Protezione di Thrall,,,Sconfiggi le forze del Crepuscolo che minacciano Thrall!,0,100,0,0,0,0,0,6,0.1328,0.1367,459008,457301,457302,0,457303,0,-1,-1,-10921639,-1,-1,0
78,Liberazione di Thrall,,,Attiva i totem per liberare Thrall!,0,100,0,0,0,0,0,6,0.1328,0.1367,458992,457301,457302,0,457303,0,-1,-1,-65536,-1,-1,0
80,Piume Fuse,Piuma Fusa,Non hai nessuna Piuma Fusa!,Numero di Piume Fuse raccolte.,0,3,0,0,0,0,0,2,0.27,0.28,0,525288,525289,0,525290,0,-1,-1,-1,-1,-1,0
83,Pesta-lo-Gnoll,,,Pestali per bene!,0,60,60,0,-1,-1,0,6,0.2125,0.2125,533452,533449,533450,533453,533451,0,-1,-1,-1,-1,-1,-16777216
84,Tiro a Segno,,,Spara più velocemente per guadagnare più punti!,0,60,60,0,-1,-1,0,6,0.2125,0.2125,533452,533449,533450,533453,533451,0,-1,-1,-1,-1,-1,-16777216
86,Sfida dei Carri Giocattolo,,,Pronti alla partenza!,0,60,60,0,-1,-1,0,6,0.2125,0.2125,533452,533449,533450,533453,533451,0,-1,-1,-1,-1,-1,-16777216
87,Vitalità,,,Rianima i marinai feriti prima che la loro Vitalità scenda a zero.,0,120,50,0,-1,-1,0,6,0.1328,0.1367,457295,457301,457302,0,457303,0,-1,-1,-16711918,-1,-1,0
88,Lancio degli Anelli,,,Lancia l'Anello.,0,10,10,0,0,0,3,6,0,0,457617,449432,449453,0,0,0,-1,-1,-3126561,-1,-1,0
89,Caduta col Paracadute,,,Paracaduti rimanenti.,0,4,4,0,0,0,3,6,0,0,457617,449432,449453,0,0,0,-1,-1,-3126561,-1,-1,0
90,Sabbie del Tempo,Sabbie del Tempo,La clessidra non ha più sabbia!,Il numero di volte che la Clessidra può riportare indietro il tempo.,0,5,5,0,0,0,0,4,0,0,0,533349,533350,0,0,0,-1,-1,-1,-1,-1,-16777216
91,Potenziamento del Bastone,,,Uccidi gli Spiriti Antichi per potenziare il Bastone di Pei-Zhi e interrompere il rituale!,0,100,0,0,0,0,0,6,0.1328,0.1367,449450,457301,457302,0,457303,0,-1,-1,-8053343,-1,-1,-16777216
92,Equilibrio,Equilibrio,,"Mostra l'equilibrio tra i giocatori a sinistra e a destra della spina dorsale di Alamorte. Se tutti i giocatori saranno dallo stesso lato, Alamorte eseguirà un avvitamento sul suo asse.",0,100,50,100,0,0,0,10,0.15,0.15,525293,525291,525292,0,0,0,-1,-1,-1,-1,-1,-16777216
93,Meditazione,,,Trova il tuo equilibrio.,0,100,50,0,0,0,0,6,0.1328,0.1367,457321,457301,457302,457320,457303,0,-1,-1,-16742657,-1,-1,0
94,Ponte tra Terra e Cielo,,,Tieni lontani gli aggressori da Pei-Zhi mentre esegue il rituale!,0,100,0,0,0,0,0,6,0.1328,0.1367,449450,449447,449448,449451,449449,0,-1,-1,-11608077,-1,-70400,0
95,Succo Demoniaco,Succo Demoniaco,Hai bisogno di più Furia per farlo!,Consumata dalle abilità quando è attiva Metamorfosi Demoniaca.,0,1000,200,0,0,0,0,2,0.2,0.2,462333,462330,462331,462334,462332,0,-1,-1,-1,-1,-1,-16777216
97,Lucidità Mentale,Lucidità,Le tue energie mentali non si sono ancora ricaricate.,,0,3,0,0,0,0,2,0,0.27,0.28,0,525288,525289,0,525290,0,-1,-1,-1,-1,-1,0
103,Barra del Fango,,,La tua attuale quantità di fango.,0,100,10,0,0,0,1,147,0.1,0.17,457569,0,457567,0,0,0,-1,-16777216,-7690425,-16777216,-16777216,-16777216
104,Entra nel Sogno,Sogno,La tua mente non si è ancora ripresa dall'ultimo sogno.,,0,3,0,0,0,0,2,0,0.27,0.28,0,525288,525289,0,525290,0,-1,-1,-1,-16777216,-1,-16777216
105,Prova Contatore,,,,0,101,0,0,0,0,4,384,0,0,533341,0,0,0,0,533342,-1,-16777216,-16777216,-16777216,-16777216,-1
106,Barra del Pugno,,,Colpisci più forte che puoi!,0,100,0,0,0,0,2,2,0,0,457602,0,457570,0,457565,0,-1,-10790053,-65536,-16777216,-20705,-16777216
107,Sangue Corrotto,Sangue Corrotto,,"Il Sangue Corrotto di Alamorte causa maggiori danni da fuoco con la diminuzione della sua salute. A 15, 10 e 5 percento di salute, Alamorte subirà un'emorragia raddoppiando l'effetto di Sangue Corrotto.",0,100,0,50,0,0,0,10,0.15,0.15,0,533343,533344,533346,533345,0,-1,-1,-1,-1,-1,-16777216
110,Carica Statica,Carica Statica,,Aumenta l'effetto di stordimento e dei danni delle abilità del fulmine del Boss.,0,100,0,0,0,0,0,2,0.15,0.15,457319,449467,457317,457320,457318,0,-1,-1,-1,-1,-1,-16777216
113,Odiato,Odiato,Nessun odio.,Il tuo odio per lo Sha aumenta gradualmente nel tempo o quando vieni colpito da una delle sue abilità.,0,60,0,0,0.2,0.2,0,4,0.13,0.14,457315,449447,449448,449451,449449,0,-1,-1,-65536,-4113,-65536,-16777216
114,Hozen Uccisi,Hozen Uccisi,La festa degli Hozen sta andando alla grande!,Numero di festaioli degli Hozen uccisi.|n|nRovina la festa per incorrere nell'ira di Ugga-Ugga!,0,40,0,0,0,0,4,390,0,0,633766,0,0,0,0,633767,-1,-16777216,-16777216,-16777216,-16777216,-602368
115,Braci Instabili,Braci Instabili,Ti servono altre braci instabili.,Le braci instabili potenzieranno il prossimo incantesimo Conflagrazione o Fuoco dell'Anima.,0,30,0,0,0,0,0,259,0.1328,0.1367,458992,457301,457302,0,457303,0,-1,-1,-65536,-1,-1,-16777216
116,Livello di calore,Calore,,Mostra il numero di Sangue Corrotto assorbito dal suo Amalgama Malvagio.,0,9,0,0,0,0,4,2,0,0,533347,0,0,0,0,533348,-1,-16777216,-16777216,-16777216,-16777216,-16777216
117,Tiro a Segno,,,Ottieni 25 centri per vincere!,0,25,0,0,0,0,4,388,0,0,533341,0,0,0,0,533342,-1,-16777216,-16777216,-16777216,-16777216,-1
129,Sfida dei Carri Giocattolo,,,Fai più punti che puoi!,0,100,0,0,0,0,4,260,0,0,533341,0,0,0,0,533342,-1,-16777216,-16777216,-16777216,-16777216,-1
133,Pesta-lo-Gnoll,,,Pestali per bene!,0,100,0,0,0,0,4,260,0,0,533341,0,0,0,0,533342,-1,-16777216,-16777216,-16777216,-16777216,-1
134,Birra Esplosiva di Blanche,,,Impedisci ai barili di birra di bruciare per completare il capolavoro di Blanche.,0,100,0,0,0,0,0,6,0.1328,0.1367,653596,653593,653594,653597,653595,0,-1,-1,-5268647,-1,-1,-16777216
137,Anello della Sopravvivenza: Esplosioni,,,Non morire.,0,60,0,0,1,1,0,6,0.1328,0.1367,457325,457301,457302,0,0,0,-1,-16777216,-1,-1,-1,-16777216
139,Tempo di Sopravvivenza,,,Non morire.,0,60,60,0,-1,-1,0,6,0.1328,0.1367,457325,457301,457302,0,0,0,-1,-1,-1,-1,-1,-16777216
141,Conto alla Rovescia Cambio Spirituale,,,,0,15,15,0,-1,-1,2,6,0,0,457623,449442,449443,0,0,0,-16777216,-16777216,-16777216,-16777216,-16777216,-16777216
148,Controllo del Carro,Controllo del Carro,Controllo perso!,Il controllo del carro viene determinato dal numero di giocatori vicini dell'Orda o dell'Alleanza.,0,100,50,0,0,0,0,2,0.13,0.13,449450,449447,449448,0,449449,0,-1,-1,-1,-1,-1,-16777216
149,Meditazione di Aysa,,,Proteggi Aysa mentre medita.,0,90,0,0,1,1,0,6,0.1328,0.1367,457325,457301,457302,0,0,0,-1,-16777216,-1,-1,-1,-16777216
151,Presa sullo Squalo,,,Non mollare lo squalo! Non farti disarcionare!,0,100,50,0,-1,-1,0,6,0.1328,0.1367,457328,457301,457302,0,457303,0,-1,-1,-2293246,-1,-1,-16777216
158,Guarigione di Shen-Zin Su,,,Salva e difendi i guaritori finché le ferite di Shen-Zin Su non vengono curate.,0,500,0,0,0,0,0,22,0.1328,0.1367,525287,457301,457302,0,0,0,16777215,0,2877779,16777215,16777215,0
165,Odio,,,Controlla il tuo odio entrando nelle Fonti dell'Armonia!,0,100,0,0,1,1,0,6,0.1328,0.1367,459004,457301,457302,0,457303,0,-1,-1,-196608,-1,-1,-16777216
171,Barra dello Sputo,,,La tua attuale quantità di saliva.,0,100,0,0,0,0,1,130,0.1,0.17,457569,0,457567,0,0,0,-1,-16777216,-10044673,-16777216,-16777216,-16777216
175,Potere Definitivo,Potere Definitivo,Sei troppo debole.,Hai assorbito il crudo potere dello Sha dopo averlo sconfitto.,0,100,10,0,-1,-1,0,6,0.13,0.14,458992,457301,457302,449431,457303,0,-1,-1,-65536,-1,-1,-16777216
176,Viscosità,Viscosità,Viscosità minima.,La barra si riempie man mano che la resina si indurisce. Salta per impedire alla resina di solidificarsi!,0,100,50,0,2,2,0,6,0.13,0.14,457315,449447,449448,449451,449449,0,-1,-1,-31232,-4113,-12800,-16777216
177,Birra della Giungla di Bo,,,Raccogli la birra dai pirati Hozen che abitano l'isola.,0,100,0,0,0,0,0,6,0.1328,0.1367,457325,457301,457302,0,457303,0,-1,-1,-5268647,-1,-1,-16777216
178,Forza di Volontà,Forza di volontà,Forza di volontà insufficiente!,"Combatti per mantenere il controllo della tua nuova forma. Se la forza di volontà si esaurisce, la tua coscienza verrà spazzata via...",0,100,100,0,0,0,0,10,0.13,0.13,628130,628127,628128,0,628129,0,-1,-1,-1,-1,-1,-16777216
179,Bottiglia d'Ombra di Vu,,,La tua attuale quantità d'ombra.,0,100,0,0,0,0,1,130,0.1,0.17,457569,0,457567,0,0,0,-1,-16777216,-11402617,-16777216,-16777216,-16777216
183,Meditazione,,,Trova il tuo equilibrio.,0,100,50,0,0,0,0,6,0.1328,0.1367,627342,457301,457302,627343,457303,0,-1,-1,-16742657,-1,-1,-16777216
195,Anello della Sopravvivenza: Lame,,,Non morire.,0,60,0,0,1,1,0,6,0.1328,0.1367,457325,457301,457302,0,0,0,-1,-16777216,-1,-1,-1,-16777216
199,Barra del Pugno,,,Colpisci più forte che puoi!,0,100,0,0,0,0,2,2,0,0.15,629942,629939,629940,0,629941,0,-1,-1,-1,-16777216,-20705,-16777216
203,Purificazione della Pozza della Vita,,,Distruggi la corruzione dello Sha che infesta la Pozza della Vita,0,40,0,0,0,0,0,6,0.1328,0.1367,0,653598,653599,653601,653600,0,-1,-1,-1,-1,-1,-16777216
204,Pietrificazione in Ametista,Pietrificazione in Ametista,Potere alternativo insufficiente.,"Il tuo corpo si sta trasformando in Ametista! Se il processo verrà completato, non potrai più muoverti o agire.|n|nDurante il processo, la velocità di movimento si riduce progressivamente e tutti i danni da ombra subiti si riducono del 90%.",0,100,5,0,0,0,0,6,0.13,0.13,629030,629037,629029,0,629038,0,-1,-1,-1,-1,-1,-16777216
205,Pietrificazione in Cobalto,Pietrificazione in Cobalto,Potere alternativo insufficiente.,"Il tuo corpo si sta trasformando in Cobalto! Se il processo verrà completato, non potrai più muoverti o agire.|n|nDurante il processo, la velocità di movimento si riduce progressivamente e tutti i danni da gelo subiti si riducono del 90%.",0,100,5,0,0,0,0,6,0.13,0.13,629032,629037,629031,0,629038,0,-1,-1,-1,-1,-1,-16777216
206,Pietrificazione in Giada,Pietrificazione in Giada,Potere alternativo insufficiente.,"Il tuo corpo si sta trasformando in Giada! Se il processo verrà completato, non potrai più muoverti o agire.|n|nDurante il processo, la velocità di movimento si riduce progressivamente e tutti i danni da natura subiti si riducono del 90%.",0,100,5,0,0,0,0,6,0.13,0.13,629034,629037,629033,0,629038,0,-1,-1,-1,-1,-1,-16777216
207,Pietrificazione in Diaspro,Pietrificazione in Diaspro,Potere alternativo insufficiente.,"Il tuo corpo si sta trasformando in Diaspro! Se il processo verrà completato, non potrai più muoverti o agire.|n|nDurante il processo, la velocità di movimento si riduce progressivamente e tutti i danni da fuoco subiti si riducono del 90%.",0,100,5,0,0,0,0,6,0.13,0.13,629036,629037,629035,0,629038,0,-1,-1,-1,-1,-1,-16777216
213,Difese dei Jinyu,,,Progresso della costruzione.,0,1000,0,0,0,0,0,4,0.1328,0.1367,459016,457301,457302,449451,457303,0,-1,-1,-16730159,-1,-1,-16777216
214,Vilpotenza,,,Assorbi l'energia vile uccidendo i demoni nelle vicinanze.,0,100,0,0,0,0,0,86,0.086,0.086,0,1036120,1036121,1036123,1036122,0,-1,-1,-1,-1,-1,-16777216
216,Difese degli Gnomi,,,Progresso della costruzione.,0,1000,0,0,0,0,0,4,0.1328,0.1367,457311,457301,457302,449451,457303,0,-1,-1,-4825088,-5224954,-1,-16777216
220,Difese dei Nani,,,Progresso della costruzione.,0,1000,0,0,0,0,0,4,0.1328,0.1367,457327,457301,457302,449451,457303,0,-1,-1,-12566464,-1,-1,-16777216
221,Difese dei Pandaren,,,Progresso della costruzione.,0,1000,0,0,0,0,0,4,0.1328,0.1367,610155,457301,457302,449451,457303,0,-1,-1,-4614848,-924892,-1,-16777216
222,Distanza Anomalia,,,,0,100,0,0,0,0,2,2,0,0,669472,669469,669470,0,669471,0,-1,-1,-1,-16777216,-1,-16777216
223,Difese degli Elfi della Notte,,,Progresso della costruzione.,0,1000,0,0,0,0,0,4,0.1328,0.1367,525287,457301,457302,449451,457303,0,-1,-1,-9391552,-13215964,-11667684,-16777216
229,Tiro a Segno,,,Spara più velocemente per guadagnare più punti!,0,1200,1200,0,-1,-1,0,6,0.1328,0.1367,462333,462330,462331,462334,462332,0,-1,-1,-1,-1,-1,-16777216
234,Energia Condensatore,,,,0,100,0,0,0,0,0,2,0,0,457328,457301,457302,0,457303,0,-1,-1,-1,-16777216,-1,-16777216
237,Livello Condotto,,,Il livello di potenza del Condotto.,0,3,1,0,0,0,0,2,0,0,0,840384,840385,0,0,0,-1,-1,-1,-1,-1,-16777216
238,Potenza Condotto,Potenza Condotto,Potenza Condotto,Il livello di potenza del Condotto che Lei Shen sta caricando.,0,100,0,0,0,0,0,6,0.13,0.13,653596,653593,796705,653597,653595,0,-1,-1,-1,-1,-1,-16777216
240,Livello Condotto,,,Il livello di potenza del Condotto.,0,3,1,0,0,0,0,2,0,0,0,840390,840391,0,0,0,-1,-1,-1,-1,-1,-16777216
241,Livello Condotto,,,Il livello di potenza del Condotto.,0,3,1,0,0,0,0,2,0,0,0,840388,840389,0,0,0,-1,-1,-1,-1,-1,-16777216
242,Livello Condotto,,,Il livello di potenza del Condotto.,0,3,1,0,0,0,0,2,0,0,0,840386,840387,0,0,0,-1,-1,-1,-1,-1,-16777216
243,Tesori del Re del Tuono,,,Oro sottratto finora ai Mogu.,0,9999,0,0,0,0,4,22,0,0,796706,0,0,0,0,796707,-1,-16777216,-16777216,-16777216,-16777216,-1
244,Livello di carica,,,I Lingotti di Trillio si stanno caricando in uno stampo vicino.,0,200,0,0,0,0,0,6,0.1328,0.1367,0,840432,840433,840435,840434,0,-1,-1,-1,-1,-1,-16777216
245,Progresso della forgiatura,,,Progresso del Fabbro Celestiale nella creazione della Lancia della Folgore.,0,160,0,0,0,0,0,6,0.1328,0.1367,653596,653593,796705,653597,653595,0,-1,-1,-1,-1,-1,-16777216
247,Manufatti Recuperati,,,Corri attraverso la Miniera di Fioreterno per recuperare il maggior numero di manufatti possibile!,0,150,0,0,0,0,0,6,0.1328,0.1367,457316,457301,457302,449451,457303,0,-1,-1,-14234,-1,-1,-16777216
248,Scudo di Urtharges,,,Urtharges è protetto da un potente scudo: puoi uccidere gli Elementali Minori per indebolirlo.,0,100,100,0,0,0,0,6,0.1328,0.1367,459004,457301,457302,0,0,0,-1,-1,-20992,-1,-1,-16777216
253,Furia,,,L'Orco Cantaguerra diventa più pericoloso man mano che la sua furia aumenta.,0,3,0,0,0,0,0,10,0,0,0,840388,840389,0,0,0,-1,-1,-1,-1,-1,-16777216
254,Aggressività,,,"L'Orco Roccianera diventa più offensivo man mano che la sua aggressività aumenta, e più difensivo man mano che diminuisce.",0,4,2,0,0,0,0,40,0.1328,0.1367,459008,457301,0,627343,0,0,-1,-1,-1,-1,-1,-16777216
257,Orgoglio,Orgoglio,Sei umile.,"Orgoglio Rigonfiante attiva i seguenti effetti.

A 25 orgoglio: Orgoglio Esplosivo.
A 50 orgoglio: Proiezione.
A 75 orgoglio: Aura d'Orgoglio.
A 100 orgoglio: Sopraffazione.",0,100,0,0,0,0,0,83,0.13,0.13,898411,898408,898409,898412,898410,0,-1,-1,-1,-1,-1,-16777216
258,Corruzione,Corruzione,Sei puro.,Le energie Sha ti stanno corrompendo: riduci i tuoi punti di corruzione per completare la prova di Norushen.,0,100,75,0,0,0,0,82,0.13,0.13,898411,898408,898409,898412,898410,0,-1,-1,-1,-1,-1,-16777216
259,Potenza del Sistema Difensivo,Potenza del Sistema Difensivo,Potenza del Sistema Difensivo,La quantità di energia necessaria per disattivare il Sistema Difensivo.,0,50,0,0,0,0,0,6,0.13,0.13,0,898400,898401,898403,898402,0,-1,-1,-1,-1,-1,-16777216
263,Potere di Garrosh,Potere di Garrosh,Potere di Garrosh,Garrosh sta assorbendo il potere dal Cuore di Y'shaarj.,0,100,0,0,0,0,0,6,0.2,0.2,0,898404,898405,898407,898406,0,-1,-1,-9691459,-9691459,-9691459,-16777216
266,Forza della Torre,,,Sconfiggi i difensori di questa torre per ridurne la forza.,0,100,100,0,0,0,0,6,0.1328,0.1367,459008,457301,457302,0,449449,0,-1,-1,-6908266,-1,-2416608,-16777216
267,Potenza del Sistema Difensivo,Potenza del Sistema Difensivo,Potenza del Sistema Difensivo,La quantità di energia necessaria per disattivare il Sistema Difensivo.,0,50,0,0,0,0,0,2,0.13,0.13,0,898400,898401,898403,898402,0,-1,-1,-1,-1,-1,-16777216
268,Corruzione,Corruzione,Sei puro.,Le energie Sha ti stanno corrompendo: riduci i tuoi punti di corruzione per completare la prova di Norushen.,0,100,75,0,0,0,0,82,0.13,0.13,898411,898408,898409,898412,898410,0,-1,-1,-1,-1,-1,-16777216
271,Esca di Risonanza del Vuoto del Cristallo di Platonio,,,Riempi l'indicatore con l'energia del vuoto uccidendo gli Orchi Torvaluna nelle vicinanze.,0,100,0,0,0,0,0,6,0.1328,0.1367,457322,457301,457302,449451,457303,0,-1,-1,-6675498,-1,-1,-16777216
274,Schiavi liberati,,,Numero di schiavi liberati dalla prigionia degli Ogre.,0,99,0,0,0,0,4,22,0,0,796706,0,0,0,0,633767,-1,-16777216,-16777216,-16777216,-16777216,-1
280,Progresso di Illona,,,Illona sta disattivando la Cisterna di Ferro. Proteggila!,0,100,0,0,0,0,0,6,0.1328,0.1367,457311,457301,457302,449451,457303,0,-1,-1,-6675498,-1,-1,-16777216
281,Potenza Vapore,Potenza Vapore,Carburante insufficiente.,Pressione sfruttata per rompere rocce e mura.,0,60,60,0,0,0,0,6,0.1328,0.1367,457299,457296,457297,0,0,0,-1,-1,-1,-1,-1,-16777216
284,Calore,Carburante,In fiamme,Il Cuore della Montagna genera più Combustioni man mano che si scalda.,0,100,0,0,0,0,0,19,0.1328,0.1367,458992,457301,457302,449451,449449,0,-1,-1,-871119,-1,-1,-16777216
287,Rabbia,Carburante,In fiamme,,0,100,0,0,0,0,0,83,0.13,0.13,459004,628127,628128,462334,0,0,-1,-1,-1,-1,-1,-16777216
290,Legna raccolta,,,Proteggi i tuoi popolani mentre raccolgono la legna.,0,100,0,0,0,0,0,6,0.1328,0.1367,457324,457301,446219,653597,446220,0,-1,-1,-7050445,-1,-1,-16777216
291,Punti Vittoria,,,Determina la tua ricompensa finale.,0,9999,0,0,0,0,4,772,0,0,985508,0,0,0,0,985509,-1,-16777216,-16777216,-16777216,-16777216,-1
292,Periodo di riscaldamento,Tempo,Non riscaldato,Potenziamento della sequenza finale del bombardamento.,0,100,0,0,0,0,1,10,0,0,458994,449477,457582,449481,0,0,-31744,-16777216,-31744,-16777216,-16777216,-16777216
293,Disposizione,,,"Infuriato per la distanza dal gemello Ogron.
Celerità aumentata.
Velocità di lancio e di canalizzazione d'incantesimi aumentate.",1,100,0,0,0,0,0,2,0.1328,0.1367,0,1041330,1041331,1041333,1041332,0,-1,-1,-1,-1,-1,-16777216
295,Succo di Fungo,,,Riempi il vaso con succo di funghi strizzando Funghi Succosi nella Cava Spinarossa.,0,20,0,0,0,0,1,6,0.1328,0.1367,457569,457569,457567,0,0,0,-1,-1,-65435,-1,-1,-16777216
296,Energia di K'ara,Energia di K'ara,Energia di K'ara.,Difendi K'ara!,0,100,0,0,0,0,0,2,0.14,0.14,0,1036804,1036805,1036807,1036806,0,-1,-1,-9691459,-9691459,-9691459,-16777216
297,Integrità del veicolo,,,,0,100,0,0,0,0,0,0,0.1328,0.1367,457299,457296,457297,457300,457298,0,-1,-1,-1,-1,-1,-16777216
298,Barriera Nullificatrice,,,,0,15000000,0,0,0,0,0,83,0.086,0.086,0,1036120,1036121,1036123,1036122,0,-1,-1,-1,-1,-1,-16777216
299,Punteggio Vittoria,,,Determina la tua ricompensa finale.,0,9999,0,0,0,0,4,772,0,0,1053204,0,0,0,0,1053205,-1,-16777216,-16777216,-16777216,-16777216,-1
300,Materiali,,,La tua Guarnigione ottiene 1 materiale ogni 10 minuti.,0,100000,0,0,0,0,4,868,0,0,985510,0,0,0,0,985511,-1,-16777216,-16777216,-16777216,-16777216,-1
303,Ruggito della Folla,Ruggito della Folla,Ruggito della Folla,Il ruggito della folla potenzia i tuoi attacchi.,0,100,0,0,0,0,0,6,0.2,0.2,0,1031659,1031660,1031662,1031661,0,-1,-1,-9691459,-9691459,-9691459,-16777216
304,Barriera Nullificatrice,,,,0,100,100,0,0,0,0,83,0.13,0.13,898411,898408,898409,898412,898410,0,-1,-1,-10096574,-1,-1,-16777216
305,Barriera Nullificatrice,,,,0,100,100,0,0,0,0,83,0.086,0.086,0,1036120,1036121,1036123,1036122,0,-1,-1,-1,-1,-1,-16777216
306,Manuale d'Uso del CMN9000,Calore,,"Congratulazioni per aver acquistato un CMN9000!

ATTENZIONE: l'uso di questo lanciafiamme genera calore in base alla durata dell'utilizzo. Dopo l'uso, attendere 5 secondi per l'inizio del raffreddamento. Se l'unità si surriscalda, deve raffreddarsi completamente prima di essere riutilizzata.

NESSUN RIMBORSO!",0,100,0,0,0,0,0,307,0.13,0.13,457299,457296,1062073,457300,457298,0,-1,-131587,-1990349,-1,-2355184,-16777216
310,Ogre Magliorosso assaliti,,,Uccidi gli Ogre Magliorosso e raccogli informazioni sul loro clan.,0,500,0,0,0,0,0,307,0.13,0.13,629036,629037,629035,0,629038,0,-1,-131587,-1990349,-1,-2355184,-16777216
312,Assalto al Covo dei Foscamarea,,,Manda a monte i piani di soggiogazione dei rylak da parte dell'Orda di Ferro presso il Covo dei Foscamarea.,0,500,0,0,0,0,0,307,0.13,0.13,629036,629037,629035,0,629038,0,-1,-131587,-1990349,-1,-2355184,-16777216
313,Operazione: Rovine di Skettis,,,"Morale totale degli Esiliati Arakkoa liberati. Per procedere con l'operazione, porta gli Esiliati in battaglia contro gli Alti Arakkoa e poi portali al sicuro presso un Veggente dell'Ombra ai margini delle Rovine di Skettis.",0,100,0,0,0,0,0,307,0.13,0.13,457314,457301,457302,0,449449,0,-1,-131587,-1500086,-1,-2355184,-16777216
314,Barra,,,,0,500,0,0,0,0,0,307,0.13,0.13,629036,629037,629029,0,629038,0,-1,-131587,-3036435,-1,-7466788,-16777216
317,Munizioni,Munizioni,Munizioni esaurite!,Munizioni utilizzate dai macchinari dell'Orda di Ferro.,0,100,0,0,0,0,0,23,0.122,0.12,1059359,1059354,1059356,0,1059357,0,-1,-1,-1,-1,-1,-16777216
318,Resistenza al Vuoto,,,Hai un tempo limitato nella Distorsione Fatua. Lasciare la relativa sicurezza di una bolla di realtà logorerà la tua resistenza al Vuoto.,0,100,100,0,0,0,0,6,0.1328,0.1367,457322,457301,457302,449451,0,0,-1,-1,-6675498,-6082082,-6675498,-16777216
319,Potere del rituale,,,Potenzia il rituale seguendo le istruzioni del Gran Oratore dei Corvi Krikka presso il Nido degli Oratori dei Corvi.,0,6,0,0,0,0,1,6,0.1328,0.1367,458990,449457,449458,1036807,449459,0,-1,-1,-4818957,-16777216,-4037167,-16777216
320,Essenza del Fuoco,,,L'Essenza del Fuoco si estingue lentamente nel tempo.,0,100,0,0,0,0,0,6,0.13,0.15,458992,457301,457302,449431,0,0,-1,-1,-1006573,-263173,-331107,-16777216
321,Noia crescente di Mar'gok,,,Meglio sbrigarsi con le uccisioni!,0,1200,1,0,1,1,0,6,0.1328,0.1367,629032,457301,1031660,0,0,0,-1,-1,-1,-1,-1,-16777216
322,Carburante,Calore,,Carburante rimasto.,0,100,100,0,0,0,0,291,0.13,0.13,457299,457296,1062073,457300,457298,0,-1,-1,-1990349,-1,-2355184,-16777216
325,Goblin Predone,,,Oro sottratto finora al Goblin Predone.,0,99999,0,0,0,0,4,22,0,0,985510,0,0,0,0,796707,-4608,-16777216,-16777216,-16777216,-16777216,-1
326,Tempo totale,,,Tempo totale della corsa attuale.,0,100,0,0,0,0,4,870,0,0,533341,0,0,0,0,533342,-1,-16777216,-16777216,-16777216,-16777216,-1
329,Carica del Trasmettitore,Carica del Trasmettitore,Carica del Trasmettitore,Assorbi gli attacchi elettrici del Draco della Tempesta per caricare il trasmettitore.,0,100,0,0,0,0,0,6,0.13,0.13,653596,653593,796705,653597,653595,0,-1,-1,-1,-1,-1,-16777216
330,Portale della Legione,,,Sconfiggi le forze demoniache per chiudere il portale.,0,250,250,0,0,0,0,518,0.1328,0.1367,457328,457301,457302,449451,457303,0,-1,-1,-4825088,-5224954,-1,-16777216
331,Spezza l'illusione,,,Dissolvi l'illusione.,0,150,0,0,0,0,0,4,0.1328,0.1367,457319,0,457317,0,0,0,-1,-1,-1,-1,-1,-16777216
332,Spiriti sconfitti,,,Uccidi gli assaltatori nemici per spezzare le loro linee di difesa!,0,100,0,0,0,0,0,4,0,0,457314,449447,449448,449451,449449,0,-655616,-16777216,-17920,-16777216,-16777216,-16777216
335,Rifiuti instabili,,,Riempi l'unità di contenimento con i rifiuti instabili del relitto della Rosa Nera.,0,100,0,0,0,0,0,23,0.1328,0.1367,457299,457296,457297,457300,457298,0,-1,-1,-13902018,-1,-13967554,-16777216
336,Vilcorruzione,Vilcorruzione,Vilcorruzione.,"Quando la Vilcorruzione è al massimo, si diventa un servitore della Legione Infuocata.",0,100,0,0,0,0,0,6,0.2,0.2,0,1130150,1130149,1130147,1130146,0,-1,-1,-1,-1,-1,-16777216
337,Vilcorruzione,Vilcorruzione,Vilcorruzione.,,0,100,0,0,0,0,0,10,0.2,0.2,0,1130150,1130149,1130147,1130146,0,-1,-1,-65794,-1,-1,-16777216
338,Oggetti demoniaci distrutti,,,Numero di punti anti-demone guadagnati!,0,500,0,0,0,0,4,390,0,0,633766,0,0,0,0,633767,-1,-16777216,-16777216,-16777216,-16777216,-602368
339,Difendi la Fuoco Celeste,,,Uccidi i nemici Reietti e rimuovi le Fialabengala Instabili dalla Fuoco Celeste.,0,20,0,0,0,0,0,4,0.1328,0.1367,457295,0,446219,0,0,0,-1,-1,-1,-1,-1,-16777216
342,Pazzia,Pazzia,Non possiedi abbastanza pazzia.,Con l'aumento di pazzia si sbloccano altre abilità.,0,100,0,0,0,0,0,2,0.28,0.22,462333,462330,462331,462334,462332,0,-1,-1,-1,-1,-1,-16777216
343,Vicinanza alla Pozza,,,Kormrok è vicino alla Pozza d'Ombra.,0,100,0,0,100,100,0,82,0,0,449450,449447,457302,0,0,0,-1,-16777216,-6347796,-1,-1,-16777216
344,Vicinanza alla Pozza,,,Kormrok è vicino alla Pozza Ardente.,0,100,0,0,100,100,0,82,0,0,449450,449447,457302,0,0,0,-1,-16777216,-33023,-1,-1,-16777216
345,Vicinanza alla Pozza,,,Kormrok è vicino alla Pozza Vile.,0,100,0,0,100,100,0,82,0,0,449450,449447,457302,0,0,0,-1,-16777216,-9246700,-1,-1,-16777216
346,Potere Corrotto,,,Il Potere Corrotto viene consumato per alimentare formidabili abilità.,0,3,0,0,0,0,0,2,0,0,0,1129701,1129702,0,0,0,-16777216,-1,-1,-16777216,-16777216,-16777216
347,Maelstrom,Maelstrom,Ti serve dell'altro maelstrom.,Usato per potenziare le tue abilità.,0,100,0,0,-5,5,0,6,0.1,0.1,0,1036120,840433,840435,0,0,-1,-1,-11507457,-5257732,-1,-16777216
348,Tempesta,Tempesta,Non possiedi abbastanza Tempesta.,Generato da un Dardo Fulminante. Usato per lanciare molti dei tuoi incantesimi.,0,20,20,0,0,0,0,2,0.1,0.1,0,1036120,840433,840435,840434,0,-1,-1,-11507457,-5257732,-1,-16777216
349,Potere della Luna di Sangue,Potere della Luna di Sangue,Potere della Luna di Sangue,Bisogna trovare i Cristalli di Sangue Prosciugati e usarli sulla Luna per indebolirla!,0,1000,0,0,0,0,0,518,0.1,0.15,0,1131301,1131302,1131304,1131303,0,-1,-1,-1,-1,-1,-16777216
350,Assalta la Fuoco Celeste,,,Uccidi i nemici dell'Alleanza e piazza le Fialabengala Instabili sulla Fuoco Celeste.,0,40,0,0,0,0,0,4,0.1328,0.1367,457306,0,446219,0,0,0,-1,-1,-1,-1,-1,-16777216
351,Caccia al tesoro,,,La distanza dall'obiettivo.,0,100,0,0,0,0,0,130,0.1,0.23,457310,457307,457308,0,457309,0,-1,-13433743,-2541828,-16777216,-768,-16777216
352,Tormento dell'Incubo,Tormento dell'Incubo,Tormento dell'Incubo,L'Incubo sta consumando la tua mente.,0,60,0,0,0,0,0,6,0,0,0,840432,840433,840435,840434,0,-16777216,-1572864,-65536,-16777216,-16777216,-16777216
353,Hozen uccisi,Hozen uccisi,La festa degli Hozen sta andando alla grande!,"Numero di festaioli Hozen uccisi.

Rovina la festa per incorrere nell'ira di Ugga-Ugga!",0,300,0,0,0,0,4,390,0,0,633766,0,0,0,0,633767,-1,-16777216,-16777216,-16777216,-16777216,-602368
354,Corruzione dell'Incubo,Corruzione dell'Incubo,Corruzione dell'Incubo,La Corruzione dell'Incubo distorce i tuoi pensieri.,0,100,0,0,0,0,0,415,0.19,0.19,0,1452757,1452758,1452760,1452759,0,-16777216,-1078646,-491135,-65536,-361091,-16777216
355,Carica Arcana,Carica Arcana,Ti servono più cariche arcane.,"Una carica arcana, generata da Detonazione Arcana, Missili Arcani ed Esplosione Arcana, e consumata da Sbarramento Arcano ed Evocazione.",0,4,0,0,-0.01,0,0,6,0.1,0.1,0,1036120,840433,840435,0,0,-1,-1,-11507457,-5257732,-1,-16777216
358,Potere Lunare,Potere Lunare,Ti serve più potere lunare.,Usato per potenziare le tue abilità.,0,100,0,0,0,0,0,6,0.1,0.1,457328,0,628128,840435,0,0,-1,-1,-11503361,-5257732,-1,-16777216
361,Egida di Aggramar,,,,0,100,100,0,0,0,0,6,0.1328,0.1367,457322,457301,629031,1041333,0,0,-1,-1,-1,-1,-1,-16777216
362,Energia di Faglia,,,Ti infonde con l'energia della linea di faglia presente nelle Secche dei Murloc.,0,50,0,0,0,0,0,6,0.13,0.13,459016,449447,446219,449431,449449,0,-1,-1,-1,-1,-1,-16777216
365,Sanguinite,,,La Sanguinite deve nutrirsi del sangue dei demoni.,0,100,0,0,0,0,0,6,0.14,0.14,0,1130148,1131302,1131304,1131303,0,-1,-1,-1,-1,-1,-16777216
369,Corruzione,Corruzione,Sei puro.,"G'hanir trasuda energia oscura. Se la corruzione diventa troppa, ci si risveglia improvvisamente dal Sogno di Smeraldo!

Gli incantesimi di cura riducono la corruzione.",0,100,0,0,1,1,0,71,0.13,0.13,525287,1131301,1131302,1131304,1131303,0,-1,-1,-1,-1,-1,-16777216
370,Passaggio del Tempo,,,Indica la differenza dalla norma nel passaggio del tempo.,0,100,50,100,0,0,0,2,0.15,0.15,525293,525291,525292,0,0,0,-1,-1,-1,-517,-1,-16777216
371,Energia Sacra Instabile,Ira Sacra,,Raccogli l'energia sacra rilasciata dall'Ira della Luce dentro la Volta del Nexus.,0,100,0,0,0,0,0,275,0.15,0.15,458992,457301,457302,533346,449449,0,-3882045,-15856120,-1146,-723307,-394762,-16777216
376,Energia Arcana Instabile,Energia arcana,,Raccogli l'energia arcana rilasciata da Aluneth dentro la Volta del Nexus.,0,100,0,0,0,0,0,275,0.15,0.15,653596,457301,457302,457320,653595,0,-3882045,-15856120,-16522497,-11081217,-16733441,-16777216
377,Fame,,Hai troppa fame per continuare.,Devi mangiare per sopravvivere.,0,100,100,0,0,0,0,6,0.14,0.14,0,1130148,1131302,1131304,1131303,0,-1,-1,-1,-1,-1,-16777216
380,Stato della Birra,,,Completa la produzione della birra seguendo le istruzioni del Signore delle Scimmie.,0,4,0,0,0,0,1,6,0.1328,0.1367,457569,449457,457567,449461,457568,0,-1,-1,-4818957,-16777216,-4037167,-16777216
381,Energia di Faglia raccolta,Energia di Faglia,,Livello attuale dell'Energia di Faglia. Bisogna correre verso la successiva linea di faglia per ricaricare la Manafiera.,0,100,0,0,0,0,0,275,0.15,0.15,653596,457301,457302,457320,653595,0,-3882045,-15856120,-16522497,-11081217,-16733441,-16777216
384,Metamorfosi Demoniaca,,,Tempo restante della Metamorfosi Demoniaca.,1,45,45,20,0,0,0,102,0.1328,0.1367,457319,0,457317,0,0,0,-1,-1,-1,-1,-1,-16777216
387,Polvere del Mortaio,,,Spara in fretta prima che la polvere finisca!,0,30,30,0,-1,-1,0,6,0.15,0.15,0,1130150,1130149,1130147,1130146,0,-1,-1,-1,-1,-1,-16777216
388,Tempo restante,,,Scopri le miniere prima che sia troppo tardi!,0,300,300,0,0,0,0,6,0.1328,0.1367,457328,457301,796705,653597,840434,0,-1,-1,-5268647,-1,-1,-16777216
389,Tempo restante,,,Scopri le miniere prima che sia troppo tardi!,0,270,270,0,0,0,0,6,0.1328,0.1367,457328,457301,796705,653597,840434,0,-1,-1,-5268647,-1,-1,-16777216
390,Tempo restante,,,Scopri le miniere prima che sia troppo tardi!,0,240,240,0,0,0,0,6,0.1328,0.1367,457328,457301,796705,653597,840434,0,-1,-1,-5268647,-1,-1,-16777216
391,Tempo restante,,,Scopri le miniere prima che sia troppo tardi!,0,210,210,0,0,0,0,6,0.1328,0.1367,457328,457301,796705,653597,840434,0,-1,-1,-5268647,-1,-1,-16777216
392,Nebbie di Helheim,,,"Il potere di Helya cresce, scatenando la Furia delle Fauci quando raggiunge l'apice.",0,100,0,0,0,0,0,2,0.1328,0.1367,458988,457301,457302,653601,0,0,-1,-1,-6752257,-4463400,-1840148,-16777216
393,Tempo Restante,,,Tempo restante per fermare Termospin!,0,11,10,0,0,0,4,375,0,0,1053204,0,0,0,0,1053205,-1,-16777216,-16777216,-16777216,-16777216,-602368
394,Tempo Restante,,,Tempo restante per fermare Termospin!,0,11,10,0,0,0,4,375,0,0,985508,0,0,0,0,985509,-1,-16777216,-16777216,-16777216,-16777216,-655344
395,Tormento,Tormento,Zero tormento.,Il tormento subito per mano dei membri della Legione aumenta quando si viene colpiti da una delle loro abilità.,0,100,0,0,0,0,0,29,0.1679,0.1679,1588828,1588825,1588826,1588829,1588827,0,-1,-1,-65536,-4113,-65536,-16777216
399,Carica Arcana,,,Accumula energia arcana per lanciare Dispersione Ombre.,0,300,0,0,0,0,0,10,0.1,0.1,0,1130150,1130149,1130147,0,0,-1,-1,-11507457,-5257732,-1,-16777216
400,Energia Vile,,,Accumula energia vile infliggendo danni ai nemici.,0,300,300,0,0,0,0,6,0.14,0.14,0,1130148,1130145,1130147,1130146,0,-1,-1,-1,-1,-1,-16777216
401,Potere dell'Egida,,,Livello di protezione fornito dall'Egida di Aggramar.,0,100,100,0,0,0,0,10,0.1,0.1,0,898400,628128,449451,0,0,-1,-1,-11507457,-5257732,-1,-16777216
404,Bersaglio Assassinio della Legione,Minaccia della Legione,Attualmente non sei un bersaglio della Legione.,"Il tuo attuale livello di minaccia per la Legione. Se la tua minaccia aumenterà, verranno inviati degli assassini per ucciderti.",0,15,0,0,0,0,0,23,0,0,0,840388,840389,0,0,0,-1,-1,-1,-1,-1,-16777216
405,Essenza del Rosso,Essenza del Rosso,,Essenza raccolta del Drago Rosso perduto.,0,100,0,0,0,0,0,275,0.15,0.15,458992,457301,457302,457320,1131303,0,-5409419,-15856120,-65536,-65536,-5672621,-16777216
408,Energia del Vuoto,Energia del Vuoto,Energia terminata.,In questo reame si è infusi dell'Energia del Vuoto.,0,100,0,0,0,0,0,29,0.13,0.14,457319,449447,449448,449451,449449,0,-16777216,-16777216,-9764698,-7536430,-9764698,-16777216
410,Manuale d'Uso del CMN9000,Calore,,,0,100,0,50,0,0,0,307,0.13,0.13,982814,449447,449448,457300,449449,0,-1,-131587,-13356063,-1,-855316,-16777216
411,Manuale d'Uso del CMN9000,Calore,,,0,100,99,50,0,0,0,51,0.13,0.13,982815,449447,449448,457300,449449,0,-1,-131587,-1105626,-1,-919048,-16777216
414,Resa dei conti,,,Forza!,0,60,60,0,-1,-1,0,6,0.12,0.13,449450,449447,449448,449451,449449,0,-1,-1,-1,-1,-1,-16777216
415,Punti,,,Ottieni il punteggio più alto. Fallo con stile per raggiungere risultati migliori.,0,1000,0,0,0,0,4,260,0,0,1053204,0,0,0,0,1053205,-1,-16777216,-16777216,-16777216,-16777216,-1
416,Potere di Akunda,,,Ottieni Potere di Akunda assorbendo i suoi Assalti Tonanti.,0,100,0,0,0,0,0,6,0.14,0.14,0,840432,796705,840435,840434,0,-1,-1,-1,-1,-1,-16777216
417,Spiriti sconfitti,,,Uccidi gli assaltatori nemici per spezzare le loro linee di difesa!,0,100,100,0,0,0,0,4,0,0,457314,449447,449448,449451,449449,0,-655616,-16777216,-17920,-16777216,-16777216,-16777216
421,Essenza Titanica,Essenza Titanica,Essenza Titanica insufficiente.,"La potenza dei Titani, ottenuta assorbendo danni come Avatar di Aggramar.",0,100,0,0,0,0,0,93,0.13,0.13,898411,898408,898409,898412,898410,0,-1,-1,-1,-1,-1,-16777216
424,Energia Vitale,Energia Vitale,,"Sconfiggere i nemici ricarica l'Energia Vitale di Eonar.
Eonar lancia Forza Vitale quando raggiunge 100 Energia Vitale.",0,100,0,0,0,0,0,275,0.14,0.14,525287,457301,457302,457320,0,0,-3882045,-15856120,-12132806,-4131652,-10296488,-16777216
427,Pacificazione,Pacificazione,,Stai pacificando un grifone. Riempi la barra per addomesticare questa bestia selvaggia!,0,100,0,0,0,0,0,0,0.13,0.13,458988,898408,457317,457320,457318,0,-25620,-1,-1481773,-1,-1,-16777216
428,Fermacuori,Fermacuori,Il tuo cuore è stato fermato!,Il movimento fa scorrere la tossina nelle tue vene!,0,100,0,0,0,0,0,10,0.13,0.13,628130,628127,628128,0,628129,0,-1,-1,-1,-1,-1,-16777216
430,Manuale d'Uso della Compagnia di Miccianera,Morbo,,,0,100,100,0,0,0,0,307,0.13,0.13,457299,457296,457297,457300,0,0,-1,-131587,-2105377,-1,-8355712,-16777216
431,Posizionamento,Posizionamento,,Mantieni una buona posizione nello scontro. Spingi fuori l'avversario!,0,60,30,0,0,0,0,0,0.13,0.13,457327,628127,1131306,898403,898402,0,-1,-6654667,-10873322,-1,-16777216,-16777216
432,Nome,,,Descrizione,0,30,30,0,1,1,0,6,0.15,0.15,0,1130150,1130149,1130147,1130146,0,-1,-1,-1,-1,-1,-16777216
433,Potere del Bastone dell'Invocatore Celeste,,,Accresci il potere del Bastone dell'Invocatore Celeste per scagliare fulmini contro i Sethrak!,0,100,0,0,0,0,0,6,0.14,0.14,0,840432,796705,840435,840434,0,-1,-1,-1,-1,-1,-16777216
434,Livello d'Energia,Energia,,"Questa creatura ottiene energia quando è Galvanizzata. Quando raggiunge il massimo dell'energia, lancia Consumo Carica e ottiene un accumulo di Reattanza.",0,100,0,0,0,0,0,275,0.15,0.15,653596,457301,457302,457320,653595,0,-3882045,-15856120,-16522497,-11081217,-16733441,-16777216
435,Livello d'Energia,Energia,,"Quando sei Galvanizzato, ottieni energia. Quando raggiungi il massimo dell'energia, non puoi più essere Galvanizzato.",0,100,0,0,0,0,0,275,0.15,0.15,653596,457301,457302,457320,653595,0,-3882045,-15856120,-16522497,-11081217,-16733441,-16777216
436,Presa sul Grifone,,,Non mollare il grifone! Non farti disarcionare!,0,100,50,0,-1,-1,0,6,0.1328,0.1367,457328,457301,457302,0,457303,0,-1,-1,-16744449,-1,-1,-16777216
437,Livello d'Energia,Energia,,"Accumula Potere Fluente mentre eviti le Scintille Smosse. Se entri in contatto con una Scintilla Smossa perderai parte dell'energia raccolta, mentre se abbandoni l'area delle Scintille Smosse tutta l'energia raccolta si disperderà.",0,100,0,0,0,0,0,262,0.15,0.15,653596,457301,457302,457320,653595,0,-3882045,-15856120,-16522497,-11081217,-16733441,-16777216
438,Potenza Baluardo,Potenza Baluardo,Potenza Baluardo,Assorbi i Globi del Fulmine per ricaricare il Baluardo di Vorrik.,0,100,100,0,1,1,0,6,0.13,0.13,653596,653593,796705,653597,653595,0,-1,-1,-1,-1,-1,-16777216
439,Sorgente del Vuoto,Energia,,Raccogli l'essenza del Vuoto uccidendo i nemici che ne sono infestati.,0,100,0,0,0,0,0,23,0.13,0.13,449450,898408,898409,898412,0,0,-1,-1,-1,-1,-1,-16777216
440,Sangue Infetto,Sangue Infetto,Sangue Infetto,,0,30,0,0,0,0,0,6,0.1,0.15,0,1131301,1131302,1131304,1131303,0,-1,-1,-1,-1,-1,-16777216
541,Sforzo,Sforzo,Spinto al Limite,"I terrori di questo luogo assalgono la tua mente...
Le abilità d'attacco nella Baia Dimenticata applicano Sforzo. Se lo Sforzo raggiunge 100, la tua determinazione verrà messa alla prova...",0,100,0,0,0,0,0,10,0.13,0.13,459000,898408,1131302,1131304,898402,0,-1,-1,-1,-16777216,-1,-16777216
542,Forza Vitale di Azeroth,Energia,,Il Cuore di Azeroth sta potenziando l'anima del mondo di Azeroth.,0,100,0,0,0,0,0,150,0.13,0.13,0,2203827,2203828,2203830,2203829,0,-1,-1,-1,-1,-1,-16777216
543,Potenza Combinata,Potenza,,"Col proseguire dello scontro, la Potenza Combinata dei combattenti aumenta. Quando raggiunge determinate soglie, i combattenti scatenano i loro attacchi combinati.",0,100,0,0,0,0,0,770,0.15,0.15,1059359,457302,457302,0,1059357,0,-3882045,-65280,-255,-11081217,-16733441,-16777216
544,Potenza Putrida,Potenza Putrida,Potenza Putrida insufficiente!,La Potenza Putrida alimenta Rabbia Abominevole. Usa Slurp per aumentare la Potenza Putrida.,0,100,0,0,0,0,0,10,0.13,0.13,457306,628127,628128,0,449449,0,-1,-1,-11147708,-1,-10033066,-16777216
545,Polline Potenziante,Polline Potenziante,Polline Potenziante insufficiente!,Il Polline Potenziante alimenta Crescita Rapida. Usa Respiro Profondo per consumare le Spore del Boschetto e aumentare il Polline Potenziante.,0,100,0,0,0,0,0,10,0.13,0.13,525287,457301,628128,0,449449,0,-1,-1,-13013453,-1,-13013453,-16777216
546,Essenza Lunare,Essenza Lunare,Essenza Lunare insufficiente!,L'Essenza Lunare è richiesta per lanciare Luna Mite e Intervento Sereno. Accumula altra Essenza Lunare lanciando Fiotto Lunare e Sparastelle sui nemici.,0,5,0,0,0,0,0,8,0.13,0.13,525287,0,449448,0,449449,0,-4025092,-16711681,-6921985,-1,-6921985,-16777216
547,Tristezza Disperata,Tristezza Disperata,Tristezza Disperata insufficiente!,È richiesta Tristezza Disperata per lanciare Impulso degli Imperituri e Forza dei Malatomba. Accumula altra Tristezza Disperata lanciando Lamento Letale ed Eruzione Tombale sui nemici.,0,5,0,0,0,0,0,8,0.13,0.13,458988,0,449448,0,449449,0,-3173124,-16711681,-10457345,-1,-9150209,-16777216
548,Polline Energizzante,Polline Energizzante,Polline Energizzante insufficiente!,Il Polline Energizzante alimenta Cuore di Spine. Usa Lancia Verdeggiante per aumentare il Polline Energizzante.,0,100,0,0,0,0,0,10,0.13,0.13,525287,457301,628128,0,449449,0,-1,-1,-13013453,-1,-13013453,-16777216
549,Sangue,Sangue,Sangue insufficiente!,Il Sangue permette alla Regina del Sangue di volare per un breve periodo di tempo.,0,30,0,0,0,0,0,10,0.08,0.08,446221,446218,446219,0,0,0,-1,-1,-4849664,-1,-1,-16777216
550,Energia Ibridata,Energia Ibridata,Energia Ibridata insufficiente!,L'Energia Ibridata alimenta la Nanocombustione. Usa il MEKdemolitore per aumentare l'Energia Ibridata.,0,100,0,0,0,0,0,10,0.13,0.13,457306,457301,2203828,0,449449,0,-1,-1,-6294278,-1,-6294278,-16777216
551,Distanza dalla Squadra Gob nascosta,,,Quanto si è distanti da un membro della Squadra Gob nascosto.,0,100,0,0,0,0,2,2,0,0,457591,457564,669470,0,457565,0,-1,-1,-1,-16777216,-1,-16777216
552,Anime Raccolte,Anima,,Anime raccolte per nutrire Xal'atath e potenziarla.,0,100,0,0,0,0,0,275,0.15,0.15,653596,457301,457302,457320,653595,0,-3882045,-15856120,-16542209,-11053313,-12779265,-16777216
553,Aspirizzatore d'Azerite,,,"Questo dispositivo accumula l'Azerite presente nel Fango d'Azerite che si trova nei paraggi. 

Non è stato costruito molto bene, quindi ogni tanto potrebbero esserci delle perdite d'Azerite.",0,100,0,0,-2,-2,0,0,0.1328,0.1367,457299,457296,1062073,457300,457298,0,-1,-1,-13606754,-1,-1,-16777216
554,Sanità Mentale,Sanità Mentale,La tua mente è perduta!,"Le Visioni e coloro che le abitano consumano la tua Sanità Mentale.

Quando la tua Sanità Mentale raggiunge lo 0, puoi tornare in vita solo se un alleato ti dona la sua Sanità Mentale tramite un Globo della Rigenerazione della Sanità Mentale o un'evacuazione titanica.",0,1000,1000,0,0,0,0,13336,0.13,0.14,3193609,3193605,3193607,3193610,3193608,0,-1,-1,-1,-1,-1,-16777216
555,Carburante Eterno,,,Riempi il Serbatoio di Carburante con il Carburante Eterno proveniente dalla Riva Fiammeggiante.,0,100,0,0,0,0,0,23,0.1328,0.1367,457299,457296,457297,457300,457298,0,-1,-1,-386041,-1,-13967554,-16777216
556,Tormenta,Tormenta,Potere insufficiente.,"Devi restare vicino agli altri giocatori per evitare Congelamento del Sangue.
Il numero di giocatori richiesti aumenta man mano che la Tormenta si intensifica.",0,100,0,0,0,0,0,6,0.13,0.13,0,2565842,2565843,2565845,2565844,0,-1,-1,-1,-1,-1,-16777216
557,Magia dei Drust,Magia dei Drust,,Magia dei Drust raccolta.,0,100,0,0,0,0,0,279,0.15,0.15,459008,1036120,629031,2203830,840434,0,-8408352,-1,-65794,-1,-2561537,-16777216
558,Magia dei Drust,Magia dei Drust,,Magia dei Drust raccolta.,0,100,100,0,0,0,0,275,0.15,0.15,459008,1036120,629031,2203830,840434,0,-8408352,-1,-65794,-1,-2561537,-16777216
561,Progresso nel Tracciamento,Progresso nel Tracciamento,,Tracciare le forme in modo accurato aumenta il tuo Progresso nel Tracciamento.,0,100,0,0,0,0,0,275,0.15,0.15,653596,457301,457302,457320,653595,0,-3882045,-15856120,-16522497,-11081217,-16733441,-16777216
562,Temporizzatore Miccia,,,,0,100,100,0,-1,-1,0,23,0,0,0,2203827,457302,449471,0,0,-16777216,-1,-7593,-16777216,-16777216,-16777216
565,Cella d'Alimentazione N-RG1A 100,Cella d'Alimentazione N-RG1A 100,Cella d'Alimentazione N-RG1A 100,Sconfiggi i robot malfunzionanti per assorbirne l'energia.,0,100,0,50,0,0,0,6,0.13,0.13,653596,653593,796705,653597,653595,0,-1,-1,-1,-1,-1,-16777216
567,Luce Guida,,,Questa Luce Guida ti protegge dalle terrificanti visioni che ti attendono nell'oscurità.,0,100,100,0,0,0,0,10,0.1,0.1,0,898400,628128,449451,0,0,-1,-1,-11507457,-5257732,-1,-16777216
568,Sangue Congelato,Sangue Congelato,Il tuo sangue si congela!,Rimanere fermi causa il congelamento del sangue.,0,100,0,0,0,0,0,22,0.136719,0.136719,3023867,3023864,3023865,3023868,3023866,0,-14636289,-16777216,-12064769,-16777216,-16777216,-16777216
569,Sangue Velenoso,Sangue Velenoso,Le tossine scorrono nelle tue vene!,Muoversi provoca una diffusione più rapida del veleno nel corpo.,0,100,0,0,0,0,0,22,0,0,3023872,3023869,3023870,3023873,3023871,0,-1,-16777216,-10223780,-16777216,-16777216,-16777216
570,Equilibrio,,,Mantieni l'equilibrio tra la forza e la magia.,0,100,50,0,0,0,0,6,0.1328,0.1367,627342,457301,457302,627343,0,0,-1,-1,-16742657,-1,-1,-16777216
572,Carapace Indurito,,,,0,100,100,0,0,0,0,83,0.086,0.086,0,2981812,2981813,2981814,0,0,16777215,16777215,16777215,16777215,16777215,0
575,Energia Canalizzata,,,Ralia sta canalizzando dell'energia attraverso di te per un rituale.,0,100,0,0,0,0,0,0,0.1328,0.1367,653596,1036120,840433,2203830,457303,0,-1,-1,-13606754,-1,-1,-16777216
576,Indicatore di Soffocamento,,,"Mangiare salsicce aumenta il soffocamento, mentre bere lo riduce.

Non mangiare troppo in fretta o soffocherai!",0,100,0,0,0,0,0,0,0,0,457325,457301,457302,449451,457303,0,-4490434,-3435684,-11674,-16777216,-600438,-16777216
577,Integrità del Pilone,,,La trappola arcana di Mardivas sta tentando di destabilizzare il pilone. Usa le sue difese per sconfiggere gli attaccanti prima che venga distrutto.,0,6,6,0,0,0,0,6,0.1328,0.1367,457321,457301,457302,449451,449449,0,-1,-1,-4818957,-5723992,-1,-16777216
578,Calore della Forgia dell'Animum,Calore,,Calore proveniente dalla Forgia dell'Animum.,0,100,0,0,0,0,0,279,0.15,0.15,0,0,0,0,0,0,-1,-11549185,-6110977,-1,-11428353,-16777216
579,Difesa della Posizione,,,,0,100,0,0,0,0,0,16390,0.13,0.13,0,0,0,0,0,0,-1,-11842741,-1,-1,-1,-16777216
580,Pressione,,,Il peso della lealtà preme su di te.,0,100,50,0,-1,-1,0,6,0.1328,0.1367,457328,457301,457302,0,457303,0,-1,-1,-16744449,-1,-1,-16777216
581,Risonanza,Risonanza,Nessuna Risonanza,Grado di Risonanza della Campana della Purezza.,0,100,0,0,0,0,2,2,0,0,457566,457564,449443,0,457565,0,-401539,-16777216,-7678738,-16777216,-598016,-16777216
582,Sanità Mentale,,La tua mente è perduta!,"N'zoth consuma la tua Sanità Mentale nel corso dello scontro.

Quando la tua Sanità Mentale raggiunge lo 0, N'zoth prende possesso della tua mente, fornendoti il Dono di N'zoth e facendoti diventare un Servitore di N'zoth.",0,100,100,0,0,0,0,3096,0.13,0.14,3193609,3193605,3193607,3193610,3193608,0,-1,-1,-1,-1,-1,-16777216
585,Profitto,Profitto,,Permette di ottenere le ricompense di un'antica invasione.,0,750,0,0,0,0,4,0,0,0,985510,0,0,0,0,985511,-6496513,-16777216,-16777216,-16777216,-16777216,-15270122
586,Pompa del Portale della Melma,,,Invia la Poltiglia Coagulata da Revendreth agli Alienatori.,0,100,0,0,0,0,0,23,0.1328,0.1367,457299,457296,457297,457300,457298,0,-1,-1,-386041,-1,-13967554,-16777216
588,Distanza da una Necrosentinella nascosta,,,Segnala la distanza da una Sentinella Necrotica nascosta.,0,100,0,0,0,0,2,2,0,0,457566,669469,669470,0,669471,0,-1,-1,-16716395,-16777216,-16723583,-16777216
591,Animum Prosciugato,Animum Prosciugato,Animum Prosciugato,Uccidi i divoratori per prosciugare il loro Animum.,0,100,0,0,0,0,0,6,0.13,0.13,653596,653593,796640,653597,653595,0,-1,-1,-1,-1,-1,-16777216
592,Scorte d'Animum,,,Mostra la quantità di Animum disponibile al momento.,0,100,0,0,0,0,0,22,0.14,0.14,0,3614126,3614127,3614129,3614128,0,-1,-1,-1,-1,-1,-16777216
594,Carica Lama Runica,,,Incanala l'Animum dei nemici per caricare la Lama Runica.,0,100,0,0,0,0,0,6,0.1328,0.1367,653596,457301,457302,0,840434,0,-1,-1,-14364258,-1,-16725249,-16777216
595,Cariche d'Animum,Cariche d'Animum,,,0,4,0,50,0,0,0,0,0.15,0.15,0,1131305,1131306,1131304,1131303,0,-1,-1,-1,-1,-1,-16777216
596,Canalizzatore d'Animum,Carica d'Animum,Il Canalizzatore d'Animum non è carico.,Usa gli Estrattori Necrotici per estrarre l'Animum e caricare il Canalizzatore d'Animum.,0,60,0,0,0,0,0,71,0.13,0.13,0,3614118,3614119,3614121,3614120,0,-1,-1,-1,-1,-1,-16777216
599,Livello del Contenitore,,,,0,3,0,0,0,0,0,0,0.2,0.2,0,1036804,1036805,1036807,1036806,0,-16777216,-1,-5263441,-1,-5000269,-16777216
600,Alternate Power Bar Test B,,,,0,1,0,0,0,0,3,516,0,0,457590,967530,0,0,457589,0,-1,-1,-1,-16777216,-16777216,-16777216
601,Pietra di Transito in attivazione,,,Il dispositivo misterioso si sta attivando!,0,150,0,0,0,0,0,3095,0.1328,0.1367,653596,653593,796705,653597,653595,0,-1,-1,-16292870,-1,-13967403,-16777216
602,Ghianda d'Animum,,,"La quantità di Animum all'interno di una Ghianda d'Animum.

Riempila per ricevere una Ghianda piena d'Animum!",0,100,0,0,0,0,0,2052,0.1328,0.1367,449450,457301,457302,0,840434,0,-1,-1,-13606754,-1,-1,-16777216
603,Distanza dal Demonio di Pietra scomparso.,,,Quanto si è distanti dal Demonio di Pietra scomparso.,0,100,0,0,0,0,2,2,0,0,457602,449442,449443,0,669471,0,-1,-1,-2945503,-16777216,-2162648,-16777216
604,Carica,,,Carica l'amuleto di Bolvar. Uccidi i Giurafauce all'interno del Calderone per assorbire la loro essenza.,0,120,0,0,0,0,0,3223,0.13,0.13,0,3614122,3614123,0,3614124,0,-1,-1,-1,-2181,-1,-16777216
605,Canalizzatore d'Animum,Carica d'Animum,Il Canalizzatore d'Animum è scarico.,Prosciuga l'Animum dai divoratori e dai centurioni caduti per caricare il Canalizzatore d'Animum.,0,100,0,0,0,0,0,71,0.13,0.13,0,3614118,3614119,3614121,3614120,0,-1,-1,-1,-1,-1,-16777216
606,Docilità,,,"Mostra la Docilità di un Divoratore Vorace. Quando è esaurita, il Divoratore Vorace attaccherà.",0,100,100,0,0,0,0,6,0.14,0.14,457328,457301,457305,0,0,0,-1,-8882056,-7650,-1,-1,-16777216
607,Animum,Animum,,Riempimento del Nucleo di Centurione Inerte di Animum.,0,100,0,0,0,0,0,2131,0.13,0.13,0,3614118,3614119,3614121,3614120,0,-1,-1,-1,-1,-1,-16777216
608,Modulo di Contenimento del Potere,,,L'energia accumulata carica il Nullificatore di Combattimento 07-X.,0,100,0,0,0,0,0,6,0.1328,0.1367,653596,1036120,840433,2203830,457303,0,-1,-1,-13606754,-1,-1,-16777216
609,Cristallo del Cercatore d'Anime,,,Uccidi i nemici nella Casata dei Rituali per caricare il Cristallo del Cercatore d'Anime.,0,100,0,0,0,0,0,6,0.1328,0.1367,0,3614122,3614123,3614125,3614124,0,-1,-1,-1,-1,-1842205,-16777216
610,Bastone Lenitivo,Animum,Il Bastone Lenitivo è scarico.,Pacifica gli animali Affamati d'Animum per caricare il Bastone Lenitivo.,0,100,0,0,0,0,0,71,0.13,0.13,0,3614118,3614119,3614121,3614120,0,-1,-1,-1,-1,-1,-16777216
611,Fluido Sperimentale,,,,0,100,0,0,0,0,0,6,0.1328,0.1367,3023867,3023869,3023870,3023873,3023871,0,-1,-1,-13606754,-1,-1,-16777216
612,Animum,Animum,,Riempimento del Nucleo Colossale con l'Animum.,0,100,0,0,0,0,0,2131,0.13,0.13,0,3614118,3614119,3614121,3614120,0,-1,-1,-1,-1,-1,-16777216
615,Tormento Manifesto,,,Energia condensata delle anime sofferenti nella Fauce.,0,100,0,0,0,0,1,3095,0.2,0.2,457610,449437,449458,449441,449439,0,-4341568,-16579580,-262145,-3024679,-722953,-16777216
616,Applauso,Applauso,La folla è contrariata!,Non perdere la folla!,0,100,0,0,0,0,0,22,0.1,0.1,449450,449447,449448,449431,449449,0,-16777216,-7237231,-1048802,-16777216,-16777216,-16777216
619,Energia dello Stormo,,,,0,100,100,0,0,0,0,2054,0.1328,0.1367,0,840432,840433,840435,840434,0,-1,-1,-1,-1,-1,-16777216
622,Dominio,,,Purificati prima che il Gran Razziatore Damaris possa dominarti completamente.,0,30,0,0,0,0,0,3079,0.1328,0.1367,653596,653593,796705,653597,653595,0,-1,-1,-16531713,-65794,-16717825,-16777216
625,Prossimità al Reagente della Chiave.,,,La tua vicinanza al reagente della chiave.,0,100,0,0,0,0,2,2,0,0,457566,669469,669470,0,669471,0,-1,-1,-16716395,-16777216,-16723583,-16777216
627,Libero Arbitrio,,,,0,100,0,0,0,0,0,0,0,0,628130,533343,457317,3193610,457318,0,-1,-4738125,-817787,-162684,-7500403,-16777216
630,Temperatura del Nucleo,,,"Quando questo indicatore raggiunge il massimo, il Guardiano Vigile espone il proprio nucleo per raffreddarlo.",0,100,0,0,0,0,0,2562,0.15,0.15,457314,449447,3193607,449471,449449,0,-1,-1,-1,-1,-1,-16777216
631,Vigore,Vigore,,"Le abilità del Volo Dinamico consumano Vigore.
Il vigore si ricarica lentamente quando si è a terra.",0,3,6,0,0,0,0,17413,0.1328,0.1367,0,0,0,0,0,0,16777215,16777215,3170462,16777215,16777215,0
632,Soffocamento,,,I gas volatili rilasciati dai nidi degli insetti ti stanno soffocando.,0,100,0,0,0,0,0,23,0.1328,0.1367,458988,1059354,457302,0,462332,0,-1,-1,-1524156,-1,-1,-16777216
633,Bersagli Controllati,,,,0,100,100,0,0,0,0,2054,0.1328,0.1367,0,457301,457305,449451,449449,0,-1,-1,-1,-1,-1,-16777216
636,Barriera Arcana,Energia Arcana,,Energia restante nella barriera arcana di Khadgar.,0,100,100,0,0,0,0,258,0.15,0.15,653596,457301,457302,457320,653595,0,-3882045,-15856120,-16522497,-11081217,-16733441,-16777216
640,Energia Catturata,,,Energia raccolta dalle creature all'interno degli Archivi Azzurri.,0,100,0,0,0,0,0,23,0.13,0.13,1588828,1588825,1588826,0,1588827,0,-1,-1,-1,-2181,-1,-16777216
643,Nucleo Energetico di Irideus,Sintonia,,Livello di sintonia.,0,100,0,0,0,0,0,7443,0.15,0.15,457311,457301,457302,3614117,653595,0,-3882045,-15856120,-7935756,-11081217,-16733441,-16777216
650,Vigore,Vigore,,Le abilità dei draghetti consumano Vigore.,0,5,5,0,0,0,0,17413,0.1328,0.1367,0,0,0,0,0,0,-1,-1,-13606754,-1,-1,-16777216
653,Timer Uovo Evanescente,,,Trovateli in fretta!,0,60,60,0,-1,-1,0,6,0.2125,0.2125,525287,457301,457317,1036123,457303,0,-1,-1,-1,-1,-1,-16777216
657,Distanza da un oggetto della sintonia,,,Quanto sei distante da un oggetto della sintonia.,0,100,0,0,0,0,2,2,0,0,457566,669469,669470,0,669471,0,-1,-1,-16716395,-16777216,-16723583,-16777216
659,Distanza da un oggetto della sintonia,,,Quanto sei distante da un oggetto della sintonia.,0,100,0,0,0,0,0,2,0,0,457310,457307,457308,0,457309,0,-1,-1,-1236480,-16777216,-16723583,-16777216
661,Birra consegnata,,,Consegna abbastanza birra al Mercato degli Artigiani!,0,100,100,0,0,0,0,2052,0,0,457325,457301,653594,653597,0,0,-4490434,-3435684,-11674,-16777216,-600438,-16777216
670,Scheggia di Sargerite,,,Misura la distanza da una fonte di magia dei Man'ari.,0,150,0,0,0,0,2,2,0,0,457602,669469,669470,0,669471,0,16777215,40213,52262,0,65311,0
671,Sensibilità al Tremore,,,I passi sono sentiti da qualcuno. Meglio restare fermi o camminare sulle rocce più spesse per ridurre i suoni emessi.,0,100,0,0,-5,-5,0,6,0.1328,0.1367,459008,457301,457302,0,457303,0,16777215,16777215,5855577,16777215,16777215,0
689,Luce di Candela,,,"Il movimento riduce la durata della candela.

Quando la candela raggiunge lo 0, non avrai più protezioni dall'oscurità.",0,100,100,0,0,0,0,10,0.1,0.1,0,898400,628128,449451,0,0,16777215,16777215,16777215,16777215,16777215,0
690,Rilevatore di Potenza,,,Misura la distanza da una batteria...,0,100,0,0,0,0,2,2,0,0,457594,457564,629944,0,669471,0,16777215,11310344,16777215,0,15662370,0
693,Carica Fulminante,,,Accumula cariche con Dardo Fulminante per lanciare Detonazione della Tempesta.,0,100,0,0,0,0,0,2,0.14,0.14,653596,449467,796705,840435,653595,0,16777215,16777215,16777215,16777215,16777215,0
694,Distanza da un bambino nascosto,,,Quanta distanza ti separa da un giovane Arathi nascosto.,0,100,0,0,0,0,0,2,0.14,0.14,457310,449467,457308,0,446220,0,16777215,16777215,60821,0,53633,0
697,Speranza,,,L'oscurità di Xal'atath cresce e si fa sempre più vicina. Trascorrere troppo tempo lontano dalla luce ti costringerà a ritirarti.,0,120,120,0,0,0,0,10256,0.15,0.15,457314,457301,3193607,449451,898410,0,16629248,16777215,16766976,16777215,30719,0
698,Tempo restante per cucinare,,,Tempo restante per terminare la cottura.,0,60,0,0,0,0,0,2,0.14,0.14,457299,449467,457297,0,446220,0,16777215,16777215,60821,0,53633,0
701,Armonia,Armonia,Non sei più in armonia con la visione!,"Sei in armonia con la visione di Azeroth.

Sconfiggi i nemici per restare in armonia, o non sarai più nella visione.",0,100,100,0,0,0,0,1046,0.13,0.13,0,2203827,2203828,2203830,2203829,0,16777215,16777215,16777215,16777215,16777215,0
702,Prova dello Stile,,,Nastri del Voto,0,5,5,0,0,0,3,6,0,0,457600,449432,449453,457576,449454,0,16777215,16777215,16659472,16777215,16777215,0
707,Misuratore dell'Integrità di Sistema (M.I.S.),,,"Raccogli i Pacchetti Caduti per rigenerare l'integrità di sistema.

Gli Osservatori B.E.C.C.O. consumano rapidamente l'integrità.

Se l'integrità si azera, l'unità di spegne.",0,100,75,50,0,0,0,8194,0.13,0.13,457299,457296,1062073,533346,457298,0,16777215,16777215,16755712,16738048,16735232,0
709,Spazzatura,Spazzatura,,Sei una sfera quasi inarrestabile di pura spazzatura. Travolgi gli oggetti sul tuo percorso per aumentare di dimensioni!,0,200,0,0,0,0,0,16388,0.13,0.13,0,0,0,0,0,0,16777215,16777215,16777215,16777215,16777215,0
712,Scavo dei Kaheti,,,Ogni più piccolo frammento di ceramica Kaheti vale la pena di essere collezionato.,0,100,0,0,0,0,0,6,0.1328,0.1367,457312,457301,628128,0,457303,0,16777215,16777215,16777215,16777215,16777215,0
716,Pazzia,,La tua pazzia non è sufficiente per farlo.,"L'esposizione al Sangue Nero puro ti farà impazzire, infliggendoti danni se ti allontanerai troppo.",0,100,100,0,0,0,0,13314,0.1328,0.1367,3193609,3193605,3193607,3193610,3193608,0,16777215,16777215,16777215,16777215,16777215,0
719,Honcho Capo,,,,0,10,0,0,0,0,0,512,0,0,449450,449447,446219,449451,449469,0,16777215,0,16763392,0,0,0
720,Indicatore del Turbo,,,Tenere premuta la barra spaziatrice mentre svolti ti permette di derapare. La derapata ripristina l'indicatore del turbo.,0,100,100,50,50,50,0,32771,0.13,0.13,457299,457296,1062073,533346,457298,0,16777215,16777215,16755712,16738048,16735232,0
721,Blindatura Protettiva,,,,0,100,0,0,0,0,0,83,0,0,0,457313,457304,0,0,0,0,9737364,11908533,0,0,0
727,Wattaggio,,,,0,100,0,0,0,0,0,770,0.1328,0.1367,457299,457296,457297,457300,457298,0,16777215,16777215,16391175,16777215,2809662,0
731,Pressione dell'Aria,Carica del Trasponditore,Nessuna Pressione dell'Aria,Ricarica la tanica di pressione con le bolle d'aria.,0,100,0,0,0,0,0,6,0.13,0.13,457299,457296,457297,457300,0,0,16777215,16777215,16777215,16777215,16777215,0
732,Carica Statica,Carica Statica,Carica Statica sta tentando di accumularsi!,Muoversi accumula Carica Statica. Restare immobile la riduce.,0,100,0,0,0,0,0,6,0.15,0.15,653596,653593,796705,840435,653595,0,16777215,0,2743295,0,0,0
733,Localizzatore di Equipaggiamento Troppo Sicuro,,,Misura la tua distanza da qualsiasi equipaggiamento troppo sicuro alla Legna & Co.,0,150,0,0,0,0,2,2,0,0,457602,449442,457570,0,449444,0,16777215,11495936,16751360,0,16751360,0
745,Batteria restante,,,Tempo restante prima che la batteria si esaurisca.,0,15,0,0,0,0,0,2,0.14,0.14,457299,449467,457297,0,446220,0,16777215,16777215,60821,0,53633,0
