Name_lang,ID,MapID,DifficultyID,OrderIndex,CompleteWorldStateID,Bit,Flags,SpellIconFileID,Faction,Field_11_1_5_59735_010
Grande Interrogatrice Gerstahn,227,230,1,0,4625,0,4,0,-1,0
Seigneur Roccor,228,230,1,1000,4626,1,4,0,-1,0
Maître-chien Grebmar,229,230,1,2000,4627,2,4,0,-1,0
Cercle de la loi,230,230,1,3000,4628,3,4,0,-1,0
Pyromancien Blé-du-Savoir,231,230,1,4000,4629,4,4,0,-1,0
Seigneur Incendius,232,230,1,5000,4630,5,4,0,-1,0
Gardien Stilgiss,233,230,1,6000,4633,6,4,0,-1,0
Fineous Sombrevire,234,230,1,7000,4634,7,4,0,-1,0
Bael'Gar,235,230,1,8000,4635,8,4,0,-1,0
Général Forgehargne,236,230,1,9000,4636,9,4,0,-1,0
Seigneur golem Argelmach,237,230,1,10000,4637,10,4,0,-1,0
Hurley Soufflenoir,238,230,1,11000,4638,11,4,0,-1,0
Phalange,239,230,1,12000,4639,12,4,0,-1,0
Ribbly Fermevanne,240,230,1,13000,4640,13,4,0,-1,0
Lanfiche Brouillecircuit,241,230,1,14000,4641,14,4,0,-1,0
Ambassadeur Cinglefouet,242,230,1,15000,4642,15,4,0,-1,0
Les Sept,243,230,1,16000,4643,16,4,0,-1,0
Magmus,244,230,1,17000,4644,17,4,0,-1,0
Empereur Dagran Thaurissan,245,230,1,18000,4645,18,4,0,-1,0
Yor,250,557,2,1500,4607,3,4,0,-1,0
Généralissime Omokk,267,229,1,0,4646,0,4,0,-1,0
Chasseresse des ombres Vosh'gajin,268,229,1,1000,4647,1,4,0,-1,0
Maître de guerre Voone,269,229,1,2000,4648,2,4,0,-1,0
Matriarche Couveuse,270,229,1,3000,4649,3,4,0,-1,0
Urok Hurleruine,271,229,1,4000,4650,4,4,0,-1,0
Intendant Zigris,272,229,1,5000,4651,5,4,0,-1,0
Gizrul l'esclavagiste,273,229,1,6000,4652,6,4,0,-1,0
Halycon,274,229,1,5500,4653,7,4,0,-1,0
Seigneur Wyrmthalak,275,229,1,8000,4654,8,4,0,-1,0
Zevrim Sabot-de-Ronce,343,429,0,0,4669,0,4,0,-1,0
Hydrogénos,344,429,0,-500,4670,1,4,0,-1,0
Lethtendris,345,429,0,-1000,4671,2,4,0,-1,0
Alzzin le Modeleur,346,429,0,3000,4672,3,4,0,-1,0
Illyanna Corvichêne,347,429,0,4000,4676,4,4,0,-1,0
Magistère Kalendris,348,429,0,5000,4675,5,4,0,-1,0
Immol'thar,349,429,0,6000,4676,6,4,0,-1,0
Tendris Crochebois,350,429,0,3500,4673,7,4,0,-1,0
Prince Tortheldrin,361,429,0,7000,4677,8,4,0,-1,0
Garde Mol'dar,362,429,1,8000,4678,9,4,0,-1,0
Kreeg le Marteleur,363,429,1,9000,4679,10,4,0,-1,0
Garde Fengus,364,429,1,10000,4680,11,4,0,-1,0
Garde Slip'kik,365,429,1,11000,4681,12,4,0,-1,0
Capitaine Kromcrabouille,366,429,1,12000,4682,13,4,0,-1,0
Cho'Rush l'Observateur,367,429,1,13000,4683,14,4,0,-1,0
Roi Gordok,368,429,1,14000,1544,15,4,0,-1,0
Retombée visqueuse,378,90,1,2500,4693,1,4,0,-1,0
Grubbis,379,90,1,2000,4694,2,4,0,-1,0
Electrocuteur 6000,380,90,1,3000,4695,3,4,0,-1,0
Disperseur de foule 9-60,381,90,1,4000,4696,4,4,0,-1,0
Mekgénieur Thermojoncteur,382,90,1,5000,4697,5,4,0,-1,0
Noxcion,422,349,1,0,4703,0,4,0,-1,0
Tranchefouet,423,349,1,1000,4704,1,4,0,-1,0
Seigneur Vylelangue,424,349,1,2000,4705,2,4,0,-1,0
Celebras le Maudit,425,349,1,3000,4706,3,4,0,-1,0
Glissement de terrain,426,349,1,4000,4707,4,4,0,-1,0
Bricoleur Kadenaz,427,349,1,1500,4708,5,4,0,-1,0
Grippe-charogne,428,349,1,6000,4709,6,4,0,-1,0
Princesse Theradras,429,349,1,7000,4710,7,4,0,-1,0
Roogug,438,47,1,375,8591,0,0,0,-1,0
Interrogateur Vislar,444,189,1,0,24615,0,0,0,-1,0
Maître-chien Loksey,446,189,1,2000,24617,2,0,0,-1,0
Arcaniste Doan,447,189,1,3000,24618,3,0,0,-1,0
Hérode,448,189,1,4000,24619,4,0,0,-1,0
Grand inquisiteur Fairbanks,449,189,1,5000,24620,5,0,0,-1,0
Grande inquisitrice Blanchetête,450,189,1,6000,24621,6,0,0,-1,0
Kirtonos le Héraut,451,289,1,0,4573,0,0,0,-1,0
Jandice Barov,452,289,1,1000,4574,1,0,0,-1,0
Cliquettripes,453,289,1,2000,4575,2,0,0,-1,0
Marduk Noirétang,454,289,1,3000,4576,3,0,0,-1,0
Vectus,455,289,1,4000,4577,4,0,0,-1,0
Ras Murmegivre,456,289,1,5000,4578,5,0,0,-1,0
Instructrice Malicia,457,289,1,6000,4588,6,0,0,-1,0
Docteur Theolen Krastinov,458,289,1,7000,4589,7,0,0,-1,0
Gardien du savoir Polkelt,459,289,1,8000,4590,8,0,0,-1,0
Le Voracien,460,289,1,9000,4591,9,0,0,-1,0
Seigneur Alexei Barov,461,289,1,10000,4592,10,0,0,-1,0
Dame Illucia Barov,462,289,1,11000,4593,11,0,0,-1,0
Sombre Maître Gandling,463,289,1,12000,4594,12,0,0,-1,0
Le Condamné,472,329,0,6500,4719,0,4,0,-1,0
Chanteloge Forrestin,473,329,0,1000,4720,1,4,0,-1,0
Timmy le Cruel,474,329,0,2000,4721,2,4,0,-1,0
Willey Mutilespoir,475,329,0,3000,4723,3,4,0,-1,0
Commandant Malor,476,329,0,2500,4722,4,4,0,-1,0
Instructeur Galford,477,329,0,5000,4724,5,4,0,-1,0
Balnazzar,478,329,0,6000,4725,6,4,0,-1,0
Baronne Anastari,479,329,0,7000,4726,7,4,0,-1,0
Nerub'enkan,480,329,0,8000,4727,8,4,0,-1,0
Maleki le Blafard,481,329,0,9000,4728,9,4,0,-1,0
Magistrat Barthilas,482,329,0,10000,4729,10,4,0,-1,0
Ramstein Grandgosier,483,329,0,11000,4730,11,4,0,-1,0
Seigneur Aurius Vaillefendre,484,329,0,12000,4731,12,4,0,-1,0
Fauche-rêve,486,109,1,1000,4734,1,4,0,-1,0
Tisserand,487,109,1,2000,4735,2,4,0,-1,0
Jammal'an le Prophète,488,109,1,500,121,3,4,0,-1,0
Morphaz,490,109,1,5000,4737,5,4,0,-1,0
Hazzas,491,109,1,6000,4738,6,4,0,-1,0
Avatar d'Hakkar,492,109,1,-500,4739,7,4,0,-1,0
Ombre d'Eranikus,493,109,1,8000,4740,8,4,0,-1,0
Commandant gelé,519,576,2,0,3685,0,0,0,-1,0
Drakos l'Interrogateur,528,578,1,0,3869,0,0,0,-1,0
Drakos l'Interrogateur,529,578,2,1000,3869,0,0,0,-1,0
Varos Arpentenuée,530,578,1,1000,3871,1,0,0,-1,0
Varos Arpentenuée,531,578,2,2000,3871,1,0,0,-1,0
Seigneur-mage Urom,532,578,1,2000,3872,2,0,0,-1,0
Seigneur-mage Urom,533,578,2,3000,3872,2,0,0,-1,0
Gardien-tellurique Eregos,534,578,1,3000,3873,3,0,0,-1,0
Gardien-tellurique Eregos,535,578,2,4000,3873,3,0,0,-1,0
Revelosh,547,70,1,0,4758,0,4,0,-1,0
Les nains perdus,548,70,1,1000,4761,1,4,0,-1,0
Ironaya,549,70,1,2000,4762,2,4,0,-1,0
Ancien gardien en pierre,551,70,1,4000,4764,4,4,0,-1,0
Galgann Martel-de-Feu,552,70,1,5000,4765,5,4,0,-1,0
Grimelok,553,70,1,6000,4766,6,4,0,-1,0
Archaedas,554,70,1,7000,4767,7,4,0,-1,0
Dame Anacondra,585,43,1,0,4776,0,4,0,-1,0
Seigneur Cobrahn,586,43,1,1000,4777,1,4,0,-1,0
Kresh,587,43,1,2000,4778,2,4,0,-1,0
Seigneur Pythas,588,43,1,3000,4779,3,4,0,-1,0
Skum,589,43,1,4000,4780,4,4,0,-1,0
Seigneur Serpentis,590,43,1,5000,4781,5,4,0,-1,0
Verdan l'Immortel,591,43,1,6000,4782,6,4,0,-1,0
Mutanus le Dévoreur,592,43,1,7000,4783,7,4,0,-1,0
Hydromancienne Velratha,593,209,0,0,4784,0,4,0,-1,0
Ghaz'rilla,594,209,0,1000,4785,1,4,0,-1,0
Antu'sul,595,209,0,-500,4786,2,4,0,-1,0
Theka le Martyr,596,209,0,-1000,4787,3,4,0,-1,0
Féticheur Zum'rah,597,209,0,-250,4788,4,4,0,-1,0
Nekrum Mâchentrailles,598,209,0,5000,4789,5,4,0,-1,0
Prêtre des ombres Sezz'ziz,599,209,0,6000,4790,6,4,0,-1,0
Chef Ukorz Scalpessable,600,209,0,7000,4791,7,4,0,-1,0
Grand seigneur de guerre Naj'entus,601,564,0,0,3013,0,6,0,-1,0
Supremus,602,564,0,1000,3012,1,6,0,-1,0
Ombre d'Akama,603,564,0,2000,3058,2,6,0,-1,0
Teron Fielsang,604,564,0,3000,4792,3,6,0,-1,0
Gurtogg Fièvresang,605,564,0,4000,3014,4,6,0,-1,0
Reliquaire des âmes,606,564,0,5000,4793,5,6,0,-1,0
Mère Shahraz,607,564,0,6000,12150,6,6,0,-1,0
Le conseil illidari,608,564,0,7000,3030,7,6,0,-1,0
Illidan Hurlorage,609,564,0,8000,4794,8,7,0,-1,0
Tranchetripe l'Indompté,610,469,0,0,4795,0,6,0,-1,0
Vaelastrasz le Corrompu,611,469,0,1000,4796,1,6,0,-1,0
Seigneur des couvées Lanistaire,612,469,0,2000,4797,2,6,0,-1,0
Gueule-de-feu,613,469,0,3000,4798,3,6,0,-1,0
Rochébène,614,469,0,4000,4799,4,6,0,-1,0
Flamegor,615,469,0,5000,4800,5,6,0,-1,0
Chromaggus,616,469,0,6000,4801,6,6,0,-1,0
Nefarian,617,469,0,7000,1641,7,7,0,-1,0
Rage Froidhiver,618,534,0,0,2519,0,6,0,-1,0
Anetheron,619,534,0,1000,2464,1,6,0,-1,0
Kaz'rogal,620,534,0,2000,2523,2,6,0,-1,0
Azgalor,621,534,0,3000,2487,3,6,0,-1,0
Archimonde,622,534,0,4000,2530,4,7,0,-1,0
Hydross l'Instable,623,548,0,0,2853,0,6,0,-1,0
Le Rôdeur d'En bas,624,548,0,1000,2855,1,6,0,-1,0
Leotheras l'Aveugle,625,548,0,2000,2857,2,6,0,-1,0
Seigneur des fonds Karathress,626,548,0,3000,2856,3,6,0,-1,0
Morogrim Marcheur-des-flots,627,548,0,4000,2854,4,6,0,-1,0
Dame Vashj,628,548,0,5000,4802,5,7,0,-1,0
Haut Roi Maulgar,649,565,0,0,2778,0,2,0,-1,0
Gruul le Tue-Dragon,650,565,0,1000,4804,1,3,0,-1,0
Magtheridon,651,544,0,0,4805,0,7,0,-1,0
Attumen le Veneur,652,532,0,0,2315,0,4,0,-1,0
Moroes,653,532,0,1000,2309,1,4,0,-1,0
Damoiselle de vertu,654,532,0,2000,4806,2,4,0,-1,0
L’Opéra,655,532,0,3000,2381,3,4,0,-1,0
Le Conservateur,656,532,0,4000,2501,4,4,0,-1,0
Terestian Malsabot,657,532,0,5000,2336,5,4,0,-1,0
Ombre d'Aran,658,532,0,6000,2910,6,4,0,-1,0
Dédain-du-Néant,659,532,0,7000,2865,7,4,0,-1,0
Évènement de l'échiquier,660,532,0,8000,2517,8,4,0,-1,0
Prince Malchezaar,661,532,0,9000,4807,9,4,0,-1,0
Plaie-de-Nuit,662,532,0,10000,4808,10,4,0,-1,0
Lucifron,663,409,0,0,4809,0,6,0,-1,0
Magmadar,664,409,0,1000,847,1,6,0,-1,0
Gehennas,665,409,0,2000,848,2,6,0,-1,0
Garr,666,409,0,3000,846,3,6,0,-1,0
Shazzrah,667,409,0,4000,850,4,6,0,-1,0
Baron Geddon,668,409,0,5000,845,5,6,0,-1,0
Messager de Sulfuron,669,409,0,6000,761,6,6,0,-1,0
Golemagg l’Incinérateur,670,409,0,7000,741,7,6,0,-1,0
Chambellan Executus,671,409,0,8000,1502,8,6,0,-1,0
Ragnaros,672,409,0,9000,1666,9,7,0,-1,0
Le prophète Skeram,709,531,0,0,4821,0,6,0,-1,0
Famille royale silithide,710,531,0,1000,4822,1,6,0,-1,0
Garde de guerre Sartura,711,531,0,2000,4823,2,6,0,-1,0
Fankriss l'Inflexible,712,531,0,3000,4824,3,6,0,-1,0
Viscidus,713,531,0,4000,4825,4,6,0,-1,0
Princesse Huhuran,714,531,0,5000,4826,5,6,0,-1,0
Empereurs jumeaux,715,531,0,6000,4827,6,6,0,-1,0
Ouro,716,531,0,7000,2296,7,6,0,-1,0
C’Thun,717,531,0,8000,4828,8,7,0,-1,0
Kurinnaxx,718,509,0,0,4811,0,6,0,-1,0
Général Rajaxx,719,509,0,1000,2174,1,6,0,-1,0
Moam,720,509,0,2000,4812,2,6,0,-1,0
Buru Grandgosier,721,509,0,3000,4813,3,6,0,-1,0
Ayamiss le Chasseur,722,509,0,4000,4814,4,6,0,-1,0
Ossirian l'Intouché,723,509,0,5000,4815,5,7,0,-1,0
Kalecgos,724,580,0,0,3434,0,6,0,-1,0
Brutallus,725,580,0,1000,3336,1,6,0,-1,0
Gangrebrume,726,580,0,2000,3337,2,6,0,-1,0
Jumelles érédars,727,580,0,3000,3435,3,6,0,-1,0
M'uru,728,580,0,4000,3423,4,6,0,-1,0
Kil'jaeden,729,580,0,5000,4816,5,7,0,-1,0
Al'ar,730,550,0,0,4817,0,6,0,-1,0
Saccageur du Vide,731,550,0,1000,4818,1,6,0,-1,0
Grande astromancienne Solarian,732,550,0,2000,4819,2,6,0,-1,0
Kael’thas Haut-Soleil,733,550,0,3000,4820,3,7,0,-1,0
Grand prêtre Venoxis,784,309,1,0,1967,0,0,0,-1,0
Grande prêtresse Jeklik,785,309,1,-1000,1968,1,0,0,-1,0
Grande prêtresse Mar'li,786,309,1,2000,1969,2,0,0,-1,0
Seigneur sanglant Mandokir,787,309,1,3000,4839,3,0,0,-1,0
Frontière de la folie,788,309,1,4000,4850,4,0,0,-1,0
Grand prêtre Thekal,789,309,1,5000,1970,5,0,0,-1,0
Gahz'ranka,790,309,1,6000,4840,6,0,0,-1,0
Grande prêtresse Arlokk,791,309,1,7000,1971,7,0,0,-1,0
Jin'do le Maléficieur,792,309,1,8000,4841,8,0,0,-1,0
Hakkar,793,309,1,9000,4844,9,0,0,-1,0
Atramédès,1022,669,0,0,5182,0,6,0,-1,0
Chimaeron,1023,669,0,1000,5318,1,6,0,-1,0
Magmagueule,1024,669,0,-500,5301,2,14,0,-1,0
Maloriak,1025,669,0,3000,5315,3,6,0,-1,0
Fin de Nefarian,1026,669,0,4000,5203,4,7,0,-1,0
Système de défense Omnitron,1027,669,0,-1000,5303,5,6,0,-1,0
Conseil d'Ascendance,1028,671,0,2000,5339,0,10,0,-1,0
Cho’gall,1029,671,0,2500,5494,1,11,0,-1,0
Halfus Brise-Wyrm,1030,671,0,-1000,5380,2,10,0,-1,0
Theralion et Valiona,1032,671,0,1500,5517,4,10,0,-1,0
Argaloth,1033,757,0,0,5575,0,14,0,-1,0
Al'Akir,1034,754,0,0,5565,0,11,0,-1,0
Conclave du Vent,1035,754,0,-1000,5563,1,6,0,-1,0
Seigneur ascendant Obsidius,1036,645,0,0,5131,0,4,0,-1,0
La Belle,1037,645,0,-1000,5129,1,4,0,-1,0
"Corla, héraut du Crépuscule",1038,645,0,-2000,5112,2,4,0,-1,0
Karsh Plielacier,1039,645,0,-1500,5119,3,4,0,-1,0
Rom’ogg Broie-les-Os,1040,645,0,-3000,5127,4,4,0,-1,0
Altairus,1041,657,0,0,5497,0,4,0,-1,0
Asaad,1042,657,0,1000,5496,1,4,0,-1,0
Grand vizir Ertan,1043,657,0,-1000,5500,2,4,0,-1,0
Commandant Ulthok,1044,643,0,0,5325,0,4,0,-1,0
Dame Naz'jar,1045,643,0,-1000,5125,1,4,0,-1,0
Torve-esprit Ghur'sha,1046,643,0,1000,5326,2,4,0,-1,0
Ozumat,1047,643,0,2000,5557,3,4,0,-1,0
Drahga Brûle-Ombre,1048,670,0,0,5098,0,4,0,-1,0
Erudax,1049,670,0,1000,5175,1,4,0,-1,0
Maître-forge Throngus,1050,670,0,-1000,5077,2,4,0,-1,0
Général Umbriss,1051,670,0,-2000,5065,3,4,0,-1,0
Général Husam,1052,755,0,0,5389,0,4,0,-1,0
Grand prophète Barim,1053,755,0,1000,5382,1,4,0,-1,0
Claque-mâchoire,1054,755,0,2000,5562,2,4,0,-1,0
Siamat,1055,755,0,3000,5476,3,4,0,-1,0
Corborus,1056,725,0,0,5569,0,4,0,-1,0
Grande prêtresse Azil,1057,725,0,1000,5572,1,4,0,-1,0
Ozruk,1058,725,0,500,5571,2,4,0,-1,0
Peau-de-Pierre,1059,725,0,250,5570,3,4,0,-1,0
Baron Ashbury,1069,33,0,0,5551,0,4,0,-1,0
Baron d'Argelaine,1070,33,0,1000,4597,1,4,0,-1,0
Commandant Printeval,1071,33,0,2000,4598,2,4,0,-1,0
Seigneur Godfrey,1072,33,0,3000,5553,3,4,0,-1,0
Seigneur Walden,1073,33,0,2500,5552,4,4,0,-1,0
Ammunae,1074,644,0,0,5166,0,4,0,-1,0
Anraphet,1075,644,0,-1000,5107,1,4,0,-1,0
Enrageterre Ptah,1076,644,0,-2000,5165,2,4,0,-1,0
Isiset,1077,644,0,-500,5002,3,4,0,-1,0
Rajh,1078,644,0,1000,5168,4,4,0,-1,0
Setesh,1079,644,0,500,5167,5,4,0,-1,0
Gardien du temple Anhuur,1080,644,0,-3000,4985,6,4,0,-1,0
Vanessa VanCleef,1081,36,2,7000,5613,5,4,0,-1,0
Sinestra,1082,671,5,3500,5523,3,11,0,-1,0
Sinestra,1083,671,6,3500,5523,3,11,0,-1,0
Onyxia,1084,249,0,0,4810,0,7,0,-1,0
Anub'arak,1085,649,0,5000,4241,0,11,0,-1,0
Champions de faction,1086,649,0,3000,4803,1,10,0,-1,0
Seigneur Jaraxxus,1087,649,0,2000,4272,2,10,0,-1,0
Bêtes du Norfendre,1088,649,0,0,4370,3,10,0,-1,0
Les jumelles val'kyrs,1089,649,0,4000,4334,4,10,0,-1,0
Sartharion,1090,615,0,4000,4833,0,7,0,-1,0
Obscuron,1091,615,0,3000,4831,1,4,0,-1,0
Ténébron,1092,615,0,2000,4830,2,4,0,-1,0
Vespéron,1093,615,0,0,4832,3,4,0,-1,0
Malygos,1094,616,0,0,4829,0,2,0,-1,0
Conseil de sang,1095,631,0,7000,4733,0,10,0,-1,0
Porte-mort Saurcroc,1096,631,0,3000,4519,1,2,0,-1,0
Pulentraille,1097,631,0,5000,4870,2,10,0,-1,0
Valithria Marcherêve,1098,631,0,10000,4855,3,6,0,-1,0
Bataille des canonnières de la Couronne de glace,1099,631,0,2000,4492,4,10,0,-1,0
Dame Murmemort,1100,631,0,1000,4869,5,10,0,-1,0
Seigneur Gargamoelle,1101,631,0,0,4471,6,10,0,-1,0
Professeur Putricide,1102,631,0,6000,4871,7,10,0,-1,0
Reine Lana'thel,1103,631,0,9000,4868,8,10,0,-1,0
Trognepus,1104,631,0,4000,4435,9,10,0,-1,0
Sindragosa,1105,631,0,12000,4842,10,10,0,-1,0
Le roi-liche,1106,631,0,14000,4910,11,7,0,-1,0
Anub'Rekhan,1107,533,0,0,2255,0,14,0,-1,0
Gluth,1108,533,0,1000,2242,1,14,0,-1,0
Gothik le Moissonneur,1109,533,0,500,2238,2,14,0,-1,0
Grande veuve Faerlina,1110,533,0,250,2256,3,14,0,-1,0
Grobbulus,1111,533,0,750,2247,4,14,0,-1,0
Heigan l'Impur,1112,533,0,375,2258,5,14,0,-1,0
Instructeur Razuvious,1113,533,0,437,2307,6,14,0,-1,0
Kel'Thuzad,1114,533,0,2000,2269,7,7,0,-1,0
Horreb,1115,533,0,406,2245,8,14,0,-1,0
Maexxna,1116,533,0,312,2253,9,14,0,-1,0
Noth le Porte-Peste,1117,533,0,343,2257,10,14,0,-1,0
Le Recousu,1118,533,0,625,2244,11,14,0,-1,0
Saphiron,1119,533,0,1500,2268,12,14,0,-1,0
Thaddius,1120,533,0,1250,2243,13,14,0,-1,0
Les quatre cavaliers,1121,533,0,562,4012,14,6,0,-1,0
Archavon le Gardien des pierres,1126,624,0,0,4836,0,10,0,-1,0
Emalon le Guetteur d'orage,1127,624,0,1000,4837,1,10,0,-1,0
Koralon le Veilleur des flammes,1128,624,0,2000,4838,2,10,0,-1,0
Toravon la Sentinelle de glace,1129,624,0,3000,4895,3,10,0,-1,0
Algalon l'Observateur,1130,603,0,0,4093,0,66,0,-1,0
Auriaya,1131,603,0,-1000,4140,1,6,0,-1,0
Léviathan des flammes,1132,603,0,-2000,4114,2,6,0,-1,0
Freya,1133,603,0,-500,4059,3,6,0,-1,0
Général Vezax,1134,603,0,-250,4067,4,6,0,-1,0
Hodir,1135,603,0,-750,4050,5,6,0,-1,0
Ignis le maître de la Fournaise,1136,603,0,-1500,4834,6,6,0,-1,0
Kologarn,1137,603,0,-1250,4089,7,6,0,-1,0
Mimiron,1138,603,0,-375,4060,8,6,0,-1,0
Tranchécaille,1139,603,0,-1375,4835,9,6,0,-1,0
L'assemblée du Fer,1140,603,0,-1312,4091,10,6,0,-1,0
Thorim,1141,603,0,-625,4057,11,6,0,-1,0
Déconstructeur XT-002,1142,603,0,-1343,4138,12,6,0,-1,0
Yogg-Saron,1143,603,0,-125,4121,13,7,0,-1,0
Lardeur,1144,34,1,1000,5509,3,4,0,-1,0
Seigneur Surchauffe,1145,34,1,2000,5510,4,4,0,-1,0
Randolph Moloch,1146,34,1,3000,5511,5,4,0,-1,0
Baltharus l'Enfant de la guerre,1147,724,0,0,5031,0,4,0,-1,0
Général Zarithrian,1148,724,0,1000,5033,1,4,0,-1,0
Saviana Ragefeu,1149,724,0,500,5032,2,4,0,-1,0
Halion,1150,724,0,2000,5048,3,6,0,-1,0
Ancien Brillefeuille,1164,603,0,-562,5630,14,0,0,-1,0
Ancien Branchefer,1165,603,0,-531,5631,15,0,0,-1,0
Ancien Ecorcepierre,1166,603,0,-515,5632,16,0,0,-1,0
Grand prêtre Venoxis,1178,859,0,0,5779,0,12,0,-1,0
Seigneur sanglant Mandokir,1179,859,0,1000,5810,1,4,0,-1,0
Grande prêtresse Kilnara,1180,859,0,2000,5780,2,4,0,-1,0
Zanzil,1181,859,0,3000,5769,3,12,0,-1,0
Jin'do le Briseur de dieux,1182,859,0,4000,5778,4,4,0,-1,0
Chambellan Forteramure,1185,720,0,0,5827,0,14,0,-1,0
Antre de la Folie,1188,859,0,1500,5824,5,4,0,-1,0
Akil’zon,1189,568,0,0,3122,0,12,0,-1,0
Nalorakk,1190,568,0,1000,3077,1,12,0,-1,0
Jan’alai,1191,568,0,2000,3153,2,12,0,-1,0
Halazzi,1192,568,0,3000,3152,3,12,0,-1,0
Seigneur des maléfices Malacrass,1193,568,0,4000,3146,4,12,0,-1,0
Daakara,1194,568,0,5000,3148,5,12,0,-1,0
Beth'tilac,1197,720,0,-4000,5882,1,14,0,-1,0
Baleroc,1200,720,0,-1000,5898,2,14,0,-1,0
Ragnaros,1203,720,0,2000,5911,3,15,0,-1,0
Seigneur Rhyolith,1204,720,0,-3000,5872,4,6,0,-1,0
Shannox,1205,720,0,-2375,5919,5,14,0,-1,0
Alysrazor,1206,720,0,-1750,5942,6,14,0,-1,0
Occu’thar,1250,757,0,1000,5821,1,14,0,-1,0
Murozond,1271,938,0,8000,6048,4,4,0,-1,0
Peroth'arn,1272,939,0,0,6067,0,4,0,-1,0
Reine Azshara,1273,939,0,1000,6038,1,4,0,-1,0
Mannoroth,1274,939,0,2000,6055,2,4,0,-1,0
Échine d’Aile de mort,1291,967,0,0,6097,0,6,0,-1,0
Morchok,1292,967,0,-1000,6082,1,2,0,-1,0
Seigneur de guerre Zon’ozz,1294,967,0,-500,6084,2,2,0,-1,0
Yor'sahj l’Insomniaque,1295,967,0,-250,6102,3,2,0,-1,0
Hagara,1296,967,0,-125,6106,4,2,0,-1,0
Ultraxion,1297,967,0,-62,6128,5,2,0,-1,0
Maître de guerre Corne-Noire,1298,967,0,-31,6134,6,2,0,-1,0
Folie d’Aile de mort,1299,967,0,1000,6142,7,7,0,-1,0
Gu Foudre des Nuages,1303,959,0,0,6585,0,0,0,-1,0
Maître Banc de Neige,1304,959,0,1000,6117,1,0,0,-1,0
Sha de la violence,1305,959,0,2000,6138,2,0,0,-1,0
Taran Zhu,1306,959,0,3000,6151,3,0,0,-1,0
Alizabal,1332,757,0,2000,6158,2,14,0,-1,0
Arcurion,1337,940,0,0,6161,0,4,0,-1,0
Archevêque Benedictus,1339,940,0,1000,6088,1,4,0,-1,0
Asira Fauchelaube,1340,940,0,500,6062,2,4,0,-1,0
Omar le dragon de test,1348,598,1,0,6215,0,0,0,-1,0
Feng le Maudit,1390,1008,0,0,6428,0,6,306868,-1,0
La garde de pierre,1395,1008,0,-1000,6431,1,6,0,-1,0
Saboteur Kip’tilak,1397,962,0,0,6153,0,4,0,-1,0
Frappeur Ga’dok,1405,962,0,1000,6465,1,0,0,-1,0
Commandant Ri’mok,1406,962,0,2000,6466,2,0,0,-1,0
Volonté de l’empereur,1407,1008,0,3000,6470,2,7,0,-1,0
Protecteurs de l’Éternel,1409,996,0,0,6473,0,6,0,-1,0
Ouk-Ouk,1412,961,0,0,6143,0,4,0,-1,0
Sautallus,1413,961,0,1000,6375,1,4,0,-1,0
Yan Zhu le Déballonné,1414,961,0,2000,6378,2,4,0,-1,0
Liu Cœur de Flamme,1416,960,0,1000,6141,1,4,0,-1,0
Chroniqueur Pas de Pierre,1417,960,0,0,6295,2,4,0,-1,0
Sage Mari,1418,960,0,-1000,6400,3,4,0,-1,0
Raigonn,1419,962,0,3000,6293,3,0,0,-1,0
Tisseur de flammes Koegler,1420,1001,0,0,6330,0,4,0,-1,0
Maître d’armes Harlan,1421,1001,0,-500,6542,1,4,0,-1,0
Maître-chien Braun,1422,1001,0,-1000,6521,2,4,0,-1,0
Thalnos le Déchiqueteur d’âmes,1423,1004,0,1000,4568,0,4,0,-1,0
Frère Korloff,1424,1004,0,2000,6444,1,4,0,-1,0
Grande inquisitrice Blanchetête,1425,1004,0,3000,6450,2,4,0,-1,0
Instructrice Froidecœur,1426,1007,0,0,6321,0,0,0,-1,0
Jandice Barov,1427,1007,0,1000,6331,1,0,0,-1,0
Cliquettripes,1428,1007,0,2000,6335,2,0,0,-1,0
Lilian Voss,1429,1007,0,3000,6334,3,0,0,-1,0
Sombre Maître Gandling,1430,1007,0,4000,6319,4,0,0,-1,0
Sha de la peur,1431,996,0,1000,6525,1,7,0,-1,0
Gara’jal le Lieur d’esprit,1434,1008,0,500,6463,3,6,0,-1,0
Les esprits-rois,1436,1008,0,2000,6529,4,6,0,-1,0
Sha du doute,1439,960,0,3000,6125,0,4,0,-1,0
Xin le Maître d’armes,1441,994,0,1000,6579,1,0,0,-1,0
L’épreuve du roi,1442,994,0,-1000,6586,2,4,0,-1,0
Adarogg,1443,389,0,0,6580,0,4,0,-1,0
Sombre chaman Koranthal,1444,389,0,1000,6583,1,4,0,-1,0
Crassegueule,1445,389,0,2000,6589,2,4,0,-1,0
Garde de lave Gordoth,1446,389,0,3000,6592,3,4,0,-1,0
Général Pa’valak,1447,1011,0,1500,6594,0,0,0,-1,0
Garalon,1463,1009,0,-1250,6649,0,6,0,-1,0
Chef d’escadre Ner’onok,1464,1011,0,2500,6658,1,0,0,-1,0
Vizir Jin’bak,1465,1011,0,0,6625,2,0,0,-1,0
Seigneur du Vent Mel’jarak,1498,1009,0,-1000,6677,1,6,0,-1,0
Sculpte-ambre Un’sok,1499,1009,0,1000,6700,2,7,0,-1,0
Elegon,1500,1008,0,2500,6786,5,6,368365,-1,0
Grande impératrice Shek’zeer,1501,1009,0,2000,6729,3,7,237143,-1,0
Commandant Vo’jak,1502,1011,0,1250,6735,3,0,0,-1,0
Seigneur des lames Ta’yak,1504,1009,0,-1500,6944,5,6,0,-1,0
Tsulong,1505,996,0,500,6747,2,6,0,-1,0
Lei Shi,1506,996,0,750,6738,3,6,0,-1,0
Vizir impérial Zor’lok,1507,1009,0,-2500,6741,6,6,0,-1,0
Qwon de fer,1559,1098,0,0,7329,0,7,646675,-1,0
Jumelles empyréennes,1560,1098,0,1000,7502,1,7,133886,-1,0
Galion,1563,870,0,0,0,0,8,0,-1,0
Sha de la colère,1564,870,0,1000,0,1,8,0,-1,0
Tortos,1565,1098,0,-1000,7507,2,6,0,-1,0
Conseil des anciens,1570,1098,0,-1500,7543,3,6,0,-1,0
Nalak,1571,870,0,2000,0,2,8,0,-1,0
Durumu l’Oublié,1572,1098,0,-250,7563,4,6,0,-1,0
Ji Kun,1573,1098,0,-500,7565,5,6,0,-1,0
Primordius,1574,1098,0,-125,7571,6,6,0,-1,0
Horridon,1575,1098,0,-2000,7570,7,6,0,-1,0
Sombre animus,1576,1098,0,-62,7582,8,6,0,-1,0
Jin’rokh le Briseur,1577,1098,0,-3000,7575,9,6,0,-1,0
Megaera,1578,1098,0,-750,7577,10,6,0,-1,0
Lei Shen,1579,1098,0,2000,7603,11,6,0,-1,0
Ra Den,1580,1098,5,3000,7605,12,38,0,-1,0
Ra Den,1581,1098,6,3000,7605,12,38,0,-1,0
Oondasta,1587,870,0,3000,0,3,8,0,-1,0
Parangons des Klaxxi,1593,1136,0,3500,8109,0,6,897697,-1,0
Butin de Pandarie,1594,1136,0,1500,8202,1,6,897406,-1,0
Malkorok,1595,1136,0,1000,8225,2,6,897029,-1,0
Protecteurs déchus,1598,1136,0,-2000,8253,3,6,897027,-1,0
Thok le Sanguinaire,1599,1136,0,2000,8258,4,6,896625,-1,0
Mastodonte de fer,1600,1136,0,-1500,8260,5,6,896624,-1,0
Ingé-siège Boîte-Noire,1601,1136,0,3000,8236,6,6,897633,-1,0
Immerseus,1602,1136,0,-3000,8268,7,6,896623,-1,0
Général Nazgrim,1603,1136,0,-1250,8272,8,6,897144,-1,0
Sha de l’orgueil,1604,1136,0,-1750,8276,9,6,651086,-1,0
Omar's Test Encounter (Cosmetic only) DNT,1605,1136,0,4000,6215,10,16,0,-1,0
Sombres chamans kor’krons,1606,1136,0,-1375,8285,11,6,897028,-1,0
Galakras,1622,1136,0,-1625,8415,12,6,896665,-1,0
Garrosh Hurlenfer,1623,1136,0,3750,8356,13,6,896622,-1,0
Norushen,1624,1136,0,-1875,8299,14,6,897064,-1,0
Roltall,1652,1175,0,0,8565,0,4,0,-1,0
Surveillant des esclaves Crushto,1653,1175,0,-1000,8563,1,4,0,-1,0
Gug’rokk,1654,1175,0,1000,8566,2,4,0,-1,0
Magmolatus,1655,1175,0,-2000,8586,3,4,0,-1,0
Chasseur Ossathure,1656,47,1,250,8592,6,0,0,-1,0
Seigneur de guerre Brusquebroche,1659,47,1,500,8595,7,0,0,-1,0
"Groyat, le chasseur aveugle",1660,47,1,625,8620,8,0,0,-1,0
Charlga Trancheflanc,1661,47,1,687,8597,9,0,0,-1,0
Aaurx,1662,129,1,4000,8622,4,0,0,-1,0
Mordresh Oeil-de-Feu,1663,129,1,5000,8623,5,0,0,-1,0
Bouillegrume,1664,129,1,6000,8624,6,0,0,-1,0
Nécrorateur Noirépine,1665,129,1,7000,8625,7,0,0,-1,0
Amnennar le Porte-Froid,1666,129,1,8000,8626,8,0,0,-1,0
Ghamoo-Ra,1667,48,1,-500,4617,4,4,0,-1,0
Domina,1668,48,1,500,8615,8,4,0,-1,0
Subjugateur Kor’ul,1669,48,1,750,8614,9,4,0,-1,0
Exécuteur Carnage,1670,48,1,875,4623,10,4,0,-1,0
Seigneur du Crépuscule Bathiel,1671,48,1,937,4623,11,4,0,-1,0
Aku’mai,1672,48,1,968,4624,12,4,0,-1,0
Thruk,1675,48,1,812,8653,0,4,0,-1,0
Gardien des profondeurs,1676,48,1,843,8655,1,4,0,-1,0
Sadana Rougefurie,1677,1176,0,0,8661,0,4,0,-1,0
"Azzakel, avant-garde de la Légion",1678,1182,0,0,8665,0,4,0,-1,0
Ossegueule,1679,1176,0,1000,8678,1,4,0,-1,0
Ner’zhul,1682,1176,0,2000,8691,2,4,0,-1,0
Lieuse d’âme Nyami,1685,1182,0,-1000,8667,1,4,0,-1,0
Kaathar le Vigilant,1686,1182,0,-2000,8669,2,4,0,-1,0
Nhallish,1688,1176,0,500,8705,3,4,0,-1,0
Courbe-flamme Ka’graz,1689,1205,0,3250,8720,0,6,0,-1,0
Haut-fourneau,1690,1205,0,3812,8724,1,6,0,-1,0
Gruul,1691,1205,0,-1000,8731,2,6,236412,-1,0
Conducteur Thogar,1692,1205,0,3750,8733,3,6,0,-1,0
Hans’gar et Franzok,1693,1205,0,3000,8738,4,6,0,-1,0
Seigneur des bêtes Darmac,1694,1205,0,3125,8746,5,6,1004898,-1,0
Les Vierges de Fer,1695,1205,0,4000,8755,6,6,0,-1,0
Mangeroc le Dévoreur,1696,1205,0,-2000,8761,7,6,1003743,-1,0
Ranjit,1698,1209,0,0,8770,0,4,0,-1,0
Araknath,1699,1209,0,1000,8771,1,4,0,-1,0
Rukhran,1700,1209,0,2000,8772,2,4,0,-1,0
Grand sage Viryx,1701,1209,0,3000,8773,3,4,0,-1,0
Main-Noire,1704,1205,0,5000,8874,8,7,0,-1,0
Imperator Mar’gok,1705,1228,0,0,8800,0,7,1030796,-1,0
Le Boucher,1706,1228,0,-1000,8806,1,6,1006454,-1,0
"Kromog, légende de la montagne",1713,1205,0,3875,8831,9,6,0,-1,0
Teron’gor,1714,1182,0,1000,8843,3,4,0,-1,0
Fusétincelle et Borka,1715,1208,0,0,8848,0,4,0,-1,0
Les ogrons jumeaux,1719,1228,0,-500,8866,2,6,1019377,-1,0
Fougerme,1720,1228,0,-625,8884,3,6,1019378,-1,0
Kargath Lamepoing,1721,1228,0,-2000,8903,4,6,1005701,-1,0
"Tectus, la montagne vivante",1722,1228,0,-562,8923,5,6,1006111,-1,0
Ko’ragh,1723,1228,0,-250,8930,6,6,841221,-1,0
Nitrogg Tour-de-Tonnerre,1732,1208,0,1000,8948,1,4,0,-1,0
Seigneur du ciel Tovra,1736,1208,0,2000,9038,2,4,0,-1,0
A’shran,1745,1191,0,0,0,0,16,0,-1,0
Fanécorce,1746,1279,0,0,9175,0,4,0,-1,0
Ken's Test Encounter [DNT],1747,605,0,0,0,0,0,0,-1,0
Massacreurs du Tristerail,1748,1195,0,0,9219,0,4,0,-1,0
Tranchechair Nok’gar,1749,1195,0,-1000,9233,1,4,0,-1,0
Oshir,1750,1195,0,1000,9235,2,4,0,-1,0
Archimage Sol,1751,1279,0,1000,9297,1,4,0,-1,0
Xeri’tac,1752,1279,0,2000,9298,2,4,0,-1,0
"Crânoc, fils de Gruul",1754,1195,0,2000,9341,3,4,0,-1,0
"Rukhmar, déesse solaire des Arakkoa",1755,1116,0,0,0,0,8,0,-1,0
Yalnu,1756,1279,0,3000,9354,3,4,0,-1,0
Anciens protecteurs,1757,1279,0,500,9356,4,4,0,-1,0
Kyrak,1758,1358,0,0,9020,0,4,0,-1,0
Commandant Tharbek,1759,1358,0,1000,9060,1,4,0,-1,0
Ragevolée l’Indomptable,1760,1358,0,2000,8703,2,4,0,-1,0
Tord-minerai Gor’ashan,1761,1358,0,-1000,8699,3,4,0,-1,0
Seigneur de guerre Zaela,1762,1358,0,3000,9373,4,4,0,-1,0
Tarlna l’Éternel,1770,1116,0,1000,0,1,8,0,-1,0
Gangreseigneur Zakuun,1777,1448,0,2250,10004,0,6,1113433,-1,0
Assaut des Flammes infernales,1778,1448,0,-1000,10010,1,6,0,-1,0
Fielsang,1783,1448,0,1000,10039,2,6,1113437,-1,0
Velhari la Despote,1784,1448,0,4500,10041,3,6,1113430,-1,0
Saccageur de Fer,1785,1448,0,-500,10043,4,6,0,-1,0
Kilrogg Oeil-Mort,1786,1448,0,-250,10048,5,6,970886,-1,0
Kormrok,1787,1448,0,-375,10051,6,6,1113434,-1,0
Seigneur de l’ombre Iskar,1788,1448,0,1500,10060,7,6,0,-1,0
Rokmora,1790,1458,0,0,10092,0,4,0,-1,0
Ularogg Sculpte-Roche,1791,1458,0,500,10094,1,4,0,-1,0
Naraxas,1792,1458,0,750,10097,2,4,0,-1,0
Dargrul le roi d’en bas,1793,1458,0,875,10099,3,4,0,-1,0
Socrethar l’Éternel,1794,1448,0,1875,10101,8,6,1113441,-1,0
Mannoroth,1795,1448,0,5000,10141,9,6,1113439,-1,0
Haut conseil des Flammes infernales,1798,1448,0,-312,10177,10,6,970886,-1,0
Archimonde,1799,1448,0,6000,10179,11,7,1113431,-1,0
Xhul’horac,1800,1448,0,3125,10208,12,6,1113442,-1,0
Seigneur suprême Kazzak,1801,1116,0,2000,0,2,8,0,-1,0
Hymdall,1805,1477,0,0,10335,0,4,0,-1,0
Hyrja,1806,1477,0,1000,10365,1,0,0,-1,0
Fenryr,1807,1477,0,2000,10367,2,0,0,-1,0
Skovald le Dieu-Roi,1808,1477,0,3000,10369,3,0,0,-1,0
Odyn,1809,1477,0,4000,10371,4,4,0,-1,0
Seigneur de guerre Parjesh,1810,1456,0,0,10382,0,4,0,-1,0
Dame Glissefiel,1811,1456,0,1000,10384,1,4,0,-1,0
Roi Barbe-Fond,1812,1456,0,2000,10388,2,4,0,-1,0
Serpentrix,1813,1456,0,3000,10386,3,4,0,-1,0
Courroux d’Azshara,1814,1456,0,4000,10390,4,4,0,-1,0
Tirathon Saltheril,1815,1493,0,0,10392,0,4,0,-1,0
Scor’roc,1816,1493,0,1000,10397,1,4,0,-1,0
Vitrœil,1817,1493,0,2000,10398,2,4,0,-1,0
Cordana Gangrechant,1818,1493,0,3000,10401,3,4,0,-1,0
"Ymiron, le roi déchu",1822,1492,0,0,10479,0,4,0,-1,0
Harbaron,1823,1492,0,1000,10482,1,4,0,-1,0
Helya,1824,1492,0,2000,10484,2,4,0,-1,0
Corstilax,1825,1516,0,0,10562,0,4,0,-1,0
Nal’tira,1826,1516,0,1000,10566,1,4,0,-1,0
Ivanyr,1827,1516,0,2000,10563,2,4,0,-1,0
Général Xakal,1828,1516,0,3000,10564,3,4,0,-1,0
Conseiller Vandros,1829,1516,0,4000,10565,4,4,0,-1,0
Amalgame d’âmes,1832,1501,0,0,10580,0,4,0,-1,0
Ilysanna Corvaltus,1833,1501,0,1000,10582,1,4,0,-1,0
Vexécrase le Haineux,1834,1501,0,2000,10584,2,4,0,-1,0
Seigneur Kur’talos Corvaltus,1835,1501,0,3000,10586,3,4,0,-1,0
Archidruide Glaidalis,1836,1466,0,0,10381,0,0,0,-1,0
Chênecœur,1837,1466,0,1000,10592,1,0,0,-1,0
Dresaron,1838,1466,0,2000,10593,2,0,0,-1,0
Ombre de Xavius,1839,1466,0,3000,10594,3,0,0,-1,0
Ursoc,1841,1520,0,0,10640,0,6,1413870,-1,0
Krosus,1842,1530,0,1875,10668,0,6,0,-1,0
Froidegueule,1845,1544,0,0,10707,0,4,0,-1,0
Ecorcheur d’esprit Kaahrj,1846,1544,0,1000,10713,1,4,0,-1,0
Millificent Tempête-de-Mana,1847,1544,0,2000,10718,2,4,0,-1,0
Gueule-Purulente,1848,1544,0,3000,10721,3,4,0,-1,0
Skorpyron,1849,1530,0,-1000,10728,1,6,0,-1,0
Inquisiteur Tourmentorum,1850,1493,0,500,10730,4,4,0,-1,0
Sael’orn,1851,1544,0,4000,10737,4,4,0,-1,0
Anub’esset,1852,1544,0,5000,10742,5,4,0,-1,0
Nythendra,1853,1520,0,-1000,10758,1,6,1413869,-1,0
Dragons du Cauchemar,1854,1520,0,2000,10762,2,6,1413866,-1,0
Princesse de sang Thal’ena,1855,1544,0,6000,10767,6,4,0,-1,0
Gangreseigneur Betrug,1856,1544,0,7000,10771,7,4,0,-1,0
Tichondrius,1862,1530,0,1000,10906,2,6,0,-1,0
"Etraeus, l’augure stellaire",1863,1530,0,2000,11101,3,6,0,-1,0
Xavius,1864,1520,0,6000,10922,3,7,1413871,-1,0
Anomalie chronomatique,1865,1530,0,-500,10953,4,6,0,-1,0
Gul’dan,1866,1530,0,3000,11037,5,6,0,-1,0
Trilliax,1867,1530,0,-250,11083,6,6,0,-1,0
Capitaine de patrouille Gerdo,1868,1571,0,0,11089,0,4,0,-1,0
Talixae Voluteflamme,1869,1571,0,1000,11091,1,4,0,-1,0
Conseiller Melandrus,1870,1571,0,2000,11093,2,4,0,-1,0
Sorcelame Aluriel,1871,1530,0,-125,11377,7,6,0,-1,0
Grande magistrice Élisande,1872,1530,0,2500,11442,8,6,0,-1,0
"Il’gynoth, le Cœur de la Corruption",1873,1520,0,1500,11476,4,6,1413868,-1,0
Raid Boss Dummy (5min),1874,1457,0,0,0,0,0,0,-1,0
Raid Boss Dummy (10min),1875,1457,0,1000,0,1,0,0,-1,0
Elerethe Ranfarouche,1876,1520,0,4000,11502,5,6,1413867,-1,0
Cénarius,1877,1520,0,5000,11498,6,6,1413865,-1,0
Les faucheurs d’âmes,1879,1220,0,0,0,0,8,0,-1,0
Nithogg,1880,1220,0,1000,0,1,8,0,-1,0
Écho de Baine,1881,938,0,1000,6072,0,4,0,-1,0
Écho de Sylvanas,1882,938,0,5000,6072,3,4,0,-1,0
Écho de Jaina,1883,938,0,6000,6073,2,4,0,-1,0
Écho de Tyrande,1884,938,0,7000,6073,5,4,0,-1,0
Postier Malown,1885,329,0,1500,11875,13,4,0,-1,0
Grand botaniste Tel’arn,1886,1530,0,1750,11887,9,6,0,-1,0
Sentinelle d’obsidienne,1887,70,1,8000,4761,3,4,0,-1,0
Shar’thos,1888,1220,0,2000,0,2,8,0,-1,0
Exarque Maladaar,1889,558,0,0,2702,0,4,0,-1,0
Shirrak le Veillemort,1890,558,0,1000,4603,1,4,0,-1,0
Omor l’Intouché,1891,543,0,0,4699,0,4,0,-1,0
Vazruden le Héraut,1892,543,0,1000,4700,1,4,0,-1,0
Gardien des guetteurs Gargolmar,1893,543,0,2000,4698,2,4,0,-1,0
Kael’thas Haut-Soleil,1894,585,0,1000,4702,0,4,0,-1,0
Prêtresse Delrissa,1895,585,0,3000,3450,1,4,0,-1,0
Selin Cœur-de-Feu,1897,585,0,4000,3448,2,4,0,-1,0
Vexallus,1898,585,0,5000,3449,3,4,0,-1,0
Prince-nexus Shaffar,1899,557,0,0,4606,0,4,0,-1,0
Pandemonius,1900,557,0,1000,4604,1,4,0,-1,0
Tavarok,1901,557,0,2000,4605,2,4,0,-1,0
Roi-serre Ikiss,1902,556,0,0,2818,0,4,0,-1,0
Sombre tisseur Syth,1903,556,0,1000,4608,1,4,0,-1,0
Anzu,1904,556,0,2000,3022,2,4,0,-1,0
Lieutenant Drake,1905,560,0,0,4659,0,4,0,-1,0
Chasseur d’époques,1906,560,0,1000,4660,1,4,0,-1,0
Capitaine Skarloc,1907,560,0,2000,2711,2,4,0,-1,0
Ambassadeur Gueule-d’Enfer,1908,555,0,0,4609,0,4,0,-1,0
Cœur-Noir le Séditieux,1909,555,0,1000,2802,1,4,0,-1,0
Marmon,1910,555,0,2000,4610,2,4,0,-1,0
Grand Maître Vorpil,1911,555,0,3000,2803,3,4,0,-1,0
Dalliah l’Auspice-Funeste,1913,552,0,0,4742,0,4,0,-1,0
Messager Cieuriss,1914,552,0,1000,4744,1,4,0,-1,0
Scrute-courroux Soccothrates,1915,552,0,2000,4743,2,4,0,-1,0
Zereketh le Délié,1916,552,0,3000,4741,3,4,0,-1,0
Balmorgue,1917,1220,0,3000,0,3,8,0,-1,0
Mannequin des dégâts sur la durée,1918,1148,0,0,0,0,0,0,-1,0
Aeonus,1919,269,0,0,2819,0,4,0,-1,0
Chronoseigneur Déjà,1920,269,0,1000,2820,1,4,0,-1,0
Temporus,1921,269,0,2000,2821,2,4,0,-1,0
Le Faiseur,1922,542,0,0,2400,0,4,0,-1,0
Keli’dan le Briseur,1923,542,0,1000,2403,1,4,0,-1,0
Broggok,1924,542,0,2000,4854,2,4,0,-1,0
Commandant Sarannis,1925,553,0,0,4745,0,4,0,-1,0
Grand botaniste Freywinn,1926,553,0,1000,4746,1,4,0,-1,0
Laj,1927,553,0,2000,4748,2,4,0,-1,0
Rirépine le Tendre,1928,553,0,3000,4747,3,4,0,-1,0
Brise-Dimension,1929,553,0,4000,4749,4,4,0,-1,0
Néantomancienne Sepethrea,1930,554,0,0,4751,0,4,0,-1,0
Pathaleon le Calculateur,1931,554,0,1000,4752,1,4,0,-1,0
Mécanoseigneur Capacitus,1932,554,0,2000,4750,2,4,0,-1,0
Gardien de porte Gyro-Meurtre,1933,554,0,3000,12051,3,4,0,-1,0
Gardien de porte Main-en-Fer,1934,554,0,4000,12053,4,4,0,-1,0
Garde de sang Porung,1935,540,0,0,4701,0,4,0,-1,0
Grand démoniste Néanathème,1936,540,0,1000,2804,1,4,0,-1,0
Porteguerre O’mrogg,1937,540,0,2000,2844,2,4,0,-1,0
Chef de guerre Kargath Lamepoing,1938,540,0,3000,2907,3,4,0,-1,0
Mennu le Traître,1939,547,0,0,4661,0,4,0,-1,0
Bourbierreux,1940,547,0,1000,2532,1,4,0,-1,0
Rokmar le Crépitant,1941,547,0,2000,4662,2,4,0,-1,0
Hydromancienne Thespia,1942,545,0,0,4663,0,4,0,-1,0
Mekgénieur Montevapeur,1943,545,0,1000,4664,1,4,0,-1,0
Seigneur de guerre Kalithresh,1944,545,0,2000,4665,2,4,0,-1,0
Ghaz’an,1945,546,0,0,4667,0,4,0,-1,0
Hungarfen,1946,546,0,1000,4666,1,4,0,-1,0
Seigneur des marais Musel’ek,1947,546,0,2000,2448,2,4,0,-1,0
La Traqueuse noire,1948,546,0,3000,4668,3,4,0,-1,0
Drugon le Givre-Sang,1949,1220,0,8000,0,4,8,0,-1,0
Na’zak le démon,1950,1220,0,4000,0,5,8,0,-1,0
Débris,1951,1220,0,5000,0,6,8,0,-1,0
Calamir,1952,1220,0,6000,0,7,8,0,-1,0
Levantus,1953,1220,0,7000,0,8,8,0,-1,0
Damoiselle de vertu,1954,1651,0,-1000,12521,0,4,0,-1,0
L’Opéra,1957,1651,0,-3000,12534,1,4,0,-1,0
Odyn,1958,1648,0,-2000,12546,0,6,0,-1,0
Dévoreur de mana,1959,1651,0,7000,12548,2,4,0,-1,0
Attumen le Veneur,1960,1651,0,-250,12542,3,4,0,-1,0
Moroes,1961,1651,0,-500,12554,4,4,0,-1,0
Guarm,1962,1648,0,-1000,12556,1,6,0,-1,0
Le Conservateur,1964,1651,0,0,12560,5,4,0,-1,0
Ombre de Medivh,1965,1651,0,6000,12566,8,4,0,-1,0
Prince Taldaram,1966,619,0,0,3870,0,4,0,-1,0
Jedoga Cherchelombre,1967,619,0,1000,4612,1,4,0,-1,0
Héraut Volazj,1968,619,0,5000,4613,2,4,0,-1,0
Ancien Nadox,1969,619,0,-1000,4611,3,4,0,-1,0
Krik’thir le Gardien de porte,1971,601,0,0,3874,0,4,0,-1,0
Hadronox,1972,601,0,1000,4615,1,4,0,-1,0
Anub’arak,1973,601,0,2000,4616,2,4,0,-1,0
Trollétripe,1974,600,0,0,4684,0,4,0,-1,0
Prophète Tharon’ja,1975,600,0,4000,4687,1,4,0,-1,0
Novos l’Invocateur,1976,600,0,2000,4685,2,4,0,-1,0
Roi Dred,1977,600,0,3000,4686,3,4,0,-1,0
Slad’ran,1978,604,0,0,3852,0,4,0,-1,0
Moorabi,1980,604,0,1000,3851,1,4,0,-1,0
Gal’darah,1981,604,0,4000,3850,2,4,0,-1,0
Colosse drakkari,1983,604,0,500,3853,4,4,0,-1,0
Ionar,1984,602,0,0,3865,0,4,0,-1,0
Volkhan,1985,602,0,-500,3864,1,4,0,-1,0
Loken,1986,602,0,2000,3866,2,4,0,-1,0
Général Bjarngrim,1987,602,0,-1000,3863,3,4,0,-1,0
Eck le Féroce,1988,604,2,3500,3854,5,4,0,-1,0
Amanitar,1989,619,2,4500,4614,5,4,0,-1,0
Échappé à Arthas,1990,668,0,1000,4948,0,4,0,-1,0
Falric,1992,668,0,0,4897,1,4,0,-1,0
Marwyn,1993,668,0,500,4898,2,4,0,-1,0
Krystallus,1994,599,0,0,4768,0,4,0,-1,0
Tribunal des Âges,1995,599,0,2000,3861,1,4,0,-1,0
Damoiselle de peine,1996,599,0,1000,4769,2,4,0,-1,0
Sjonnir le Sculptefer,1998,599,0,5000,4770,3,4,0,-1,0
Maître-forge Gargivre,1999,658,0,0,4852,0,4,0,-1,0
Seigneur du Fléau Tyrannus,2000,658,0,1000,4861,1,4,0,-1,0
Krick,2001,658,0,500,4860,2,4,0,-1,0
Grancrochet,2002,595,0,0,4688,0,4,0,-1,0
Chronoseigneur Epoque,2003,595,0,1000,4690,1,4,0,-1,0
Salramm le Façonneur de chair,2004,595,0,2000,4689,2,4,0,-1,0
Mal’Ganis,2005,595,0,3000,4691,3,4,0,-1,0
Bronjahm,2006,632,0,0,4859,0,4,0,-1,0
Dévoreur d’âmes,2007,632,0,1000,4424,1,4,0,-1,0
Helya,2008,1648,0,0,12597,2,6,0,-1,0
Anomalus,2009,576,0,0,3692,0,4,0,-1,0
Grand magus Telestra,2010,576,0,1000,3691,1,4,0,-1,0
Keristrasza,2011,576,0,2000,3694,2,4,0,-1,0
Ormorok le Sculpte-arbre,2012,576,0,3000,3693,3,4,0,-1,0
Gardien-tellurique Eregos,2013,578,0,0,3873,0,4,0,-1,0
Seigneur-mage Urom,2014,578,0,1000,3872,1,4,0,-1,0
Varos Arpentenuée,2015,578,0,2000,3871,2,4,0,-1,0
Drakos l’Interrogateur,2016,578,0,3000,3869,3,4,0,-1,0
Viz’aduum l’Observateur,2017,1651,0,8000,12613,6,4,0,-1,0
Second prisonnier,2018,608,0,0,3833,0,4,0,-1,0
Premier prisonnier,2019,608,0,1000,3828,1,4,0,-1,0
Cyanigosa,2020,608,0,2000,3836,2,4,0,-1,0
Le Chevalier noir,2021,650,0,3000,4363,0,4,0,-1,0
Grands champions,2022,650,0,-1000,4361,1,4,0,-1,0
Champion d’argent,2023,650,0,2000,4362,2,4,0,-1,0
Skarvald et Dalronn,2024,574,0,0,4772,0,4,0,-1,0
Ingvar le Pilleur,2025,574,0,1000,4771,1,4,0,-1,0
Prince Keleseth,2026,574,0,-1000,4773,2,4,0,-1,0
Gortok Pâle-Sabot,2027,575,0,0,4775,0,4,0,-1,0
Roi Ymiron,2028,575,0,1000,3808,1,4,0,-1,0
Skadi le Brutal,2029,575,0,500,3809,2,4,0,-1,0
Svala Tristetombe,2030,575,0,-1000,4774,3,4,0,-1,0
Plaie-de-Nuit,2031,1651,0,9000,12670,7,68,0,-1,0
Goroth,2032,1676,0,0,12773,0,6,0,-1,0
Harjatan,2036,1676,0,1000,12815,1,6,0,-1,0
Maîtresse Sassz'ine,2037,1676,0,2000,12861,2,6,236422,-1,0
Avatar déchu,2038,1676,0,3000,12863,3,6,1546417,-1,0
Méphistroth,2039,1677,0,0,12865,0,4,0,-1,0
Inquisition démoniaque,2048,1676,0,500,12996,4,6,0,-1,0
Furie du Givre primordiale,2049,1689,0,0,13019,0,8,893779,-1,0
Sœurs de la Lune,2050,1676,0,1500,13026,5,6,0,-1,0
Kil’jaeden,2051,1676,0,5000,12967,6,6,0,-1,0
Damoiselle de vigilance,2052,1676,0,2875,13123,7,6,0,-1,0
Domatrax,2053,1677,0,1000,13131,1,4,0,-1,0
L’Hôte désolé,2054,1676,0,2500,13139,8,6,1546416,-1,0
Agronox,2055,1677,0,-1000,13121,2,4,0,-1,0
Hersétrave le Teigneux,2057,1677,0,-500,13122,3,4,0,-1,0
Fureur de la Déesse-Reine,2059,1703,0,0,0,0,64,0,-1,0
Aggramar,2063,1712,0,3000,13507,0,6,0,-1,0
Hasabel la Garde-portail,2064,1712,0,-1000,13517,1,6,0,-1,0
Zuraal le Zélateur,2065,1753,0,0,13543,0,4,0,-1,0
Saprish,2066,1753,0,1000,13547,1,4,0,-1,0
Vice-roi Nezhar,2067,1753,0,2000,13551,2,4,0,-1,0
L’ura,2068,1753,0,3000,13534,3,4,0,-1,0
Varimathras,2069,1712,0,1750,13536,2,6,0,-1,0
Haut-commandement antoréen,2070,1712,0,-500,13553,3,6,0,-1,0
Sabbat des shivarra,2073,1712,0,2000,13593,4,6,0,-1,0
Molosses de Sargeras,2074,1712,0,-2000,13560,5,6,0,-1,0
La défense d’Eonar,2075,1712,0,-250,13565,6,6,0,-1,0
Brise-monde garothi,2076,1712,0,-3000,13571,7,6,0,-1,0
Gardien Aedis,2079,1669,0,0,0,0,8,0,-1,0
Zedaat Lame du Vide,2080,1669,0,1000,0,1,8,0,-1,0
Matrone Folnuna,2081,1669,0,2000,0,2,8,0,-1,0
Imonar le Chasseur d’âmes,2082,1712,0,375,13788,8,6,0,-1,0
Maîtresse Alluradel,2083,1669,0,3000,0,3,8,0,-1,0
Prêtresse Alun’za,2084,1763,0,0,13812,0,0,0,-1,0
Vol’kaal,2085,1763,0,1000,13814,1,0,0,-1,0
Rezan,2086,1763,0,2000,13816,2,0,0,-1,0
Yazma,2087,1763,0,3000,13818,3,4,0,-1,0
Kin’garoth,2088,1712,0,1500,13576,9,6,0,-1,0
Argus l’Annihilateur,2092,1712,0,4000,14017,10,7,0,-1,0
Cap’taine céleste Kragg,2093,1754,0,0,14137,0,0,0,-1,0
Conseil des capitaines,2094,1754,0,1000,14139,1,4,0,-1,0
Arène du Butin,2095,1754,0,2000,14141,2,4,0,-1,0
Seigneur Harlan Sweete,2096,1754,0,3000,14143,3,4,0,-1,0
Sergent Bainbridge,2097,1822,0,0,14405,0,4,0,-1,0
Crochesang,2098,1822,0,1000,14403,1,0,0,-1,0
Hadal Sombrabysse,2099,1822,0,2000,14406,2,0,0,-1,0
Viq’Goth,2100,1822,0,3000,14408,3,4,0,-1,0
Reine des sables,2101,1771,0,0,14419,0,4,0,-1,0
Jes Hurley,2102,1771,0,1000,14421,1,4,0,-1,0
Chevalier-capitaine Valyri,2103,1771,0,2000,14423,2,4,0,-1,0
Surveillant Korgus,2104,1771,0,3000,14425,3,4,0,-1,0
Disperseur de foule automatique,2105,1594,0,0,14432,0,4,0,-1,0
Azerokk,2106,1594,0,1000,14435,1,4,0,-1,0
Rixxa Fluxifuge,2107,1594,0,2000,14437,2,4,0,-1,0
Nabab Razzbam,2108,1594,0,3000,14439,3,4,0,-1,0
Capitaine de l’effroi Boisclos,2109,1822,0,1500,14441,4,0,0,-1,0
Leaxa l’Aînée,2111,1841,0,0,14522,0,4,0,-1,0
Zancha le Mande-spores,2112,1841,0,1000,14554,1,4,0,-1,0
Triade malecarde,2113,1862,0,0,14549,0,4,0,-1,0
Goliath des âmes,2114,1862,0,1000,14553,1,4,0,-1,0
Raal le Bâfreur,2115,1862,0,2000,14557,2,4,0,-1,0
Seigneur et Dame Malvoie vaincus,2116,1862,0,3000,14560,3,4,0,-1,0
Gorak Tul,2117,1862,0,4000,14563,4,4,0,-1,0
Gueule-de-pierre l’Infesté,2118,1841,0,500,14597,2,4,0,-1,0
T’zane,2121,1642,0,0,0,0,8,0,-1,0
G’huun,2122,1861,0,0,14696,0,6,0,-1,0
Monstruosité déchaînée,2123,1841,0,2000,14694,3,4,0,-1,0
Viperis et Aspis,2124,1877,0,0,14715,0,4,0,-1,0
Merekpha,2125,1877,0,1000,14718,1,4,0,-1,0
Galvazzt,2126,1877,0,2000,14721,2,4,0,-1,0
Avatar de Sephraliss,2127,1877,0,3000,14724,3,4,0,-1,0
Dévoreur fétide,2128,1861,0,-1000,14736,1,6,0,-1,0
Gekkan,2129,994,0,0,6558,0,0,0,-1,0
Aqu’sire,2130,1864,0,0,14861,0,4,0,-1,0
Conseil des eaugures,2131,1864,0,1000,14862,1,4,0,-1,0
Seigneur Chantorage,2132,1864,0,2000,14864,2,4,0,-1,0
Vol’zith l’Insidieuse,2133,1864,0,3000,14866,3,4,0,-1,0
Vectis,2134,1861,0,-500,14892,2,6,0,-1,0
Mythrax,2135,1861,0,-250,14894,3,6,0,-1,0
Zek’voz,2136,1861,0,-1500,14895,4,6,254116,-1,0
Le serpent doré,2139,1762,0,0,14931,0,4,0,-1,0
Le conseil des tribus,2140,1762,0,1000,15039,1,4,0,-1,0
D.A.M.E.,2141,1861,0,-2000,15059,5,6,254116,-1,0
Mchimba l’Embaumeur,2142,1762,0,500,15062,2,4,0,-1,0
Roi Dazar,2143,1762,0,2000,15168,3,4,0,-1,0
Taloc,2144,1861,0,-3000,15170,6,6,254116,-1,0
Zul,2145,1861,0,-312,15205,7,6,0,-1,0
Mannequin de boss de raid (30 s),2146,1457,0,2000,0,2,0,0,-1,0
Porteguerre Yenajz,2147,1643,0,0,0,0,8,0,-1,0
Assemblage de grêlons,2148,1643,0,1000,0,1,8,0,-1,0
Ji’arak,2149,1642,0,1000,0,1,8,0,-1,0
Le Rugissement du Lion,2252,529,0,0,0,0,8,0,-1,0
Héraut du malheur,2253,529,0,1000,0,1,8,0,-1,0
Raid Boss Dummy (5min),2254,1457,0,3000,0,3,0,0,-1,0
Cogne-Chariottes,2257,2097,0,1750,16217,0,4,0,-1,0
K.U.-J.0.,2258,2097,0,1875,16219,1,4,0,-1,0
Jardin du Machiniste,2259,2097,0,2000,16221,2,4,0,-1,0
Roi Mécagone,2260,2097,0,3000,16223,3,4,0,-1,0
Grong,2263,2070,0,-1750,16563,1,6,0,0,0
Championne de la Lumière,2265,2070,0,-2000,16560,3,6,0,-1,0
Maîtres du jadefeu,2266,2070,0,-1437,16562,4,6,0,0,0
Conseil des Élus,2268,2070,0,-1062,16310,6,6,0,-1,0
La cabale insatiable,2269,2096,0,0,16316,0,6,0,-1,0
Opulence,2271,2070,0,-1125,16433,8,6,0,-1,0
Roi Rastakhan,2272,2070,0,-1031,16475,9,7,0,-1,0
"Uu’nat, héraut du Vide",2273,2096,0,1000,16542,1,6,0,-1,0
Mekkanivelle,2276,2070,0,-1015,16567,12,6,0,-1,0
Rempart tempétueux,2280,2070,0,-1007,16568,16,6,0,-1,0
Dame Jaina Portvaillant,2281,2070,0,-1003,16569,17,7,0,-1,0
Grong le Revenant,2284,2070,0,-1281,16563,0,6,0,1,0
Maîtres du jadefeu,2285,2070,0,-1359,16562,2,6,0,1,0
Béhémoth des flots noirs,2289,2164,0,0,17142,0,4,0,-1,0
Roi Gobbamak,2290,2097,0,-1000,17145,4,4,0,-1,0
Unité d’oppression aérienne CT-8,2291,2097,0,1500,17161,5,4,0,-1,0
Salcrass,2292,2097,0,-500,17163,6,4,0,-1,0
Za’qul,2293,2164,0,1000,17182,1,6,0,-1,0
Commandant abyssal Sivara,2298,2164,0,-1000,17305,2,4,0,-1,0
Reine Azshara,2299,2164,0,2000,17306,3,5,0,-1,0
Orgozoa,2303,2164,0,750,17342,4,4,0,-1,0
Dame Corsandre,2304,2164,0,500,17371,5,6,0,-1,0
Radiance d’Azshara,2305,2164,0,-250,17399,6,4,0,-1,0
Cour de la reine,2311,2164,0,875,17451,7,4,0,-1,0
Trixie et Naeno,2312,2097,0,500,17680,7,4,0,-1,0
"Ulmath, le Lieur d’âmes",2317,1718,0,0,0,0,0,0,-1,0
Wekemara,2318,1718,0,1000,0,1,0,0,-1,0
Souvenirs d’Azeroth : Burning Crusade,2319,2235,0,0,18048,0,4,0,-1,0
Souvenirs d’Azeroth : Cataclysm,2320,2235,0,1000,18047,1,4,0,-1,0
Souvenirs d’Azeroth : Wrath of the Lich King,2321,2235,0,500,18046,2,4,0,-1,0
Tunk,2325,2236,0,-1000,18064,0,0,0,-1,0
Kalecgos,2326,2236,0,0,18066,1,0,0,-1,0
Maut,2327,2217,0,0,18071,0,6,0,-1,0
Sombre inquisitrice Xanesh,2328,2217,0,1000,18073,1,6,0,-1,0
Irion,2329,2217,0,-1000,18083,2,6,0,-1,0
Ra Den le Spolié,2331,2217,0,5000,18085,3,6,0,-1,0
Thrall le Corrompu,2332,2212,0,0,18015,0,0,0,-1,0
Conscience collective,2333,2217,0,3000,18117,4,6,0,-1,0
Prophète Skitra,2334,2217,0,-500,18116,5,6,0,-1,0
Shad’har l’Insatiable,2335,2217,0,5500,18123,6,4,0,-1,0
Vexiona,2336,2217,0,2000,18130,7,6,0,-1,0
Carapace de N’Zoth,2337,2217,0,6000,18147,8,6,0,-1,0
Alleria Coursevent,2338,2213,0,0,18015,0,0,0,-1,0
Drest’agath,2343,2217,0,5750,18179,9,6,0,-1,0
N’Zoth le Corrupteur,2344,2217,0,7000,18211,10,4,0,-1,0
"Il’gynoth, la corruption ressuscitée",2345,2217,0,5875,18224,11,6,0,-1,0
Grande impératrice Shek’zara,2351,870,0,4000,0,4,0,0,-1,0
Tashara,2352,870,0,5000,0,5,0,0,-1,0
Vuk’laz le Brise-Terre,2353,1,0,0,0,0,8,0,-1,0
Ventunax,2356,2285,0,1500,18606,0,4,0,-1,0
Kin-Tara,2357,2285,0,1000,18607,1,4,0,-1,0
Oryphrione,2358,2285,0,2000,18608,2,4,0,-1,0
"Déva, parangon de loyauté",2359,2285,0,3000,18609,3,4,0,-1,0
Kryxis le Vorace,2360,2284,0,0,18629,0,4,0,-1,0
Exécuteur Tarvold,2361,2284,0,1000,18628,1,4,0,-1,0
Grande déléguée Beryllia,2362,2284,0,2000,18627,2,4,0,-1,0
Général Kaal,2363,2284,0,3000,18630,3,4,0,-1,0
Kul’tharok,2364,2293,0,0,18652,0,4,0,-1,0
Trancheboyau,2365,2293,0,1000,18654,1,4,0,-1,0
Xav l’Invaincu,2366,2293,0,2000,18656,2,4,0,-1,0
Rexxar,2370,2212,0,5000,18699,1,64,0,-1,0
Inquisiteur Gnshal,2371,2212,0,2000,18704,2,64,0,-1,0
Élémentaire de l’Oubli,2372,2212,0,3000,18705,3,64,0,-1,0
Vez’okk l’Enténébré,2373,2212,0,4000,18706,4,64,0,-1,0
Therum Forge-Profonde,2374,2213,0,1000,18707,1,64,0,-1,0
Maître d’esclaves Ul’rok,2375,2213,0,2000,18708,2,64,0,-1,0
Suzerain Mathias Shaw,2376,2213,0,3000,18709,3,64,0,-1,0
Magistère Umbric,2377,2213,0,4000,18710,4,64,0,-1,0
Échelon,2380,2287,0,0,18773,0,4,0,-1,0
Grand chambellan,2381,2287,0,1000,18775,1,4,0,-1,0
Globgrog,2382,2289,0,0,18778,0,4,0,-1,0
Destructeur affamé,2383,2296,0,0,18780,0,6,0,-1,0
Professeur Ickus,2384,2289,0,1000,18781,1,4,0,-1,0
Domina Lamevenin,2385,2289,0,2000,18783,2,4,0,-1,0
Margrave Stradama,2386,2289,0,3000,18785,3,4,0,-1,0
Chancros,2387,2286,0,0,18788,0,4,0,-1,0
"Amarth, le Moissonneur",2388,2286,0,1000,18789,1,4,0,-1,0
Docteur Sutur,2389,2286,0,2000,18794,2,4,0,-1,0
Nalthor le Lieur-de-Givre,2390,2286,0,3000,18790,3,4,0,-1,0
L’Affrontement,2391,2293,0,-1000,18802,3,4,0,-1,0
Mandebrume,2392,2290,0,0,18805,0,4,0,-1,0
Tred’ova,2393,2290,0,1000,18808,1,4,0,-1,0
Les Tempête-de-Mana,2394,2291,0,0,18812,0,4,0,-1,0
"Hakkar, l’écorcheur d’âmes",2395,2291,0,-1000,18815,1,4,0,-1,0
Mueh’zala,2396,2291,0,1000,18817,2,4,0,-1,0
Ingra Maloch,2397,2290,0,-1000,18819,2,4,0,-1,0
Hurlaile,2398,2296,0,-1000,19396,1,6,0,-1,0
Fangepoing,2399,2296,0,3000,19415,2,6,0,-1,0
Marchande Xy’exa,2400,2291,0,500,18824,3,4,0,-1,0
"Halkias, le goliath vicié",2401,2287,0,-1000,18810,2,4,0,-1,0
Salut du roi-soleil,2402,2296,0,-250,19029,3,6,0,-1,0
Grande adjudicatrice Alize,2403,2287,0,500,19047,3,4,0,-1,0
Mordretha,2404,2293,0,3000,19056,4,4,0,-1,0
Artificier Xy’mox,2405,2296,0,2000,19146,4,6,0,-1,0
Dame Inerva Sombreveine,2406,2296,0,2250,19158,5,6,0,-1,0
Sire Denathrius,2407,2296,0,4000,19208,6,7,0,-1,0
Nurgash Fangeformé,2408,2222,0,0,0,0,0,0,-1,0
Oranomonos la Mille-Rameaux,2409,2222,0,1000,0,1,0,0,-1,0
Mortanis,2410,2222,0,2000,0,2,0,0,-1,0
Valinor,2411,2222,0,3000,0,3,0,0,-1,0
Le conseil du Sang,2412,2296,0,2500,19279,7,6,0,-1,0
La cour des Braises,2415,2360,0,0,19342,0,64,0,-1,0
Nathanos le Flétrisseur,2416,0,0,0,0,0,0,0,-1,0
Généraux de la Légion de pierre,2417,2296,0,3500,19388,8,6,0,-1,0
Altimor le Veneur,2418,2296,0,-500,19410,9,6,0,-1,0
Chronocapitaine Harpagone,2419,2441,0,0,20228,0,0,0,-1,0
Kel’Thuzad,2422,2450,0,6500,20232,0,6,0,-1,0
Le Naphtrémens,2423,2450,0,-1000,20242,1,6,0,-1,0
Courrier chaotique,2424,2441,0,-1000,20256,1,0,0,-1,0
Zo’phex la sentinelle,2425,2441,0,-2000,20260,2,0,0,-1,0
Hylbrande,2426,2441,0,-500,20264,3,0,0,-1,0
Les Neuf,2429,2450,0,1000,20449,2,6,0,-1,0
Mal-ferrant Raznal,2430,2450,0,6062,20366,3,6,0,-1,0
Scribe du destin Roh-Kalo,2431,2450,0,6250,20456,4,6,0,-1,0
Vestige de Ner’zhul,2432,2450,0,1750,20439,5,6,0,-1,0
Œil du Geôlier,2433,2450,0,0,20360,6,262,0,-1,0
Étripeur d’âme Dormazain,2434,2450,0,1375,20451,7,6,0,-1,0
Sylvanas Coursevent,2435,2450,0,7000,20347,8,7,0,-1,0
Gardien des Fondateurs,2436,2450,0,6125,20268,9,6,0,-1,0
So’azmi,2437,2441,0,-562,20275,4,0,0,-1,0
Oasis d’Au’myza,2440,2441,0,-750,20353,5,4,0,-1,0
Grandiose Ménagerie,2441,2441,0,-1500,20362,6,0,0,-1,0
So’leah,2442,2441,0,1000,20538,7,0,0,-1,0
Test Chest,2494,2162,0,0,20700,0,64,0,-1,0
9.1 Desmotaeron - World Boss,2495,2456,0,0,0,0,0,3731616,-1,0
"Mor’geth, Tourmenteur des damnés",2496,2222,0,4000,0,4,0,3731616,-1,0
Gardien vigilant,2512,2481,0,0,21151,0,6,0,-1,0
Halondrus le Récupérateur,2529,2481,0,1750,21229,1,6,0,-1,0
Le Geôlier,2537,2481,0,2000,21176,2,6,0,-1,0
"Lihuvim, architecte principal",2539,2481,0,1812,21182,3,6,0,-1,0
"Dausegne, l’Oracle déchu",2540,2481,0,500,21213,4,6,0,-1,0
"Skolex, l’Insatiable vorace",2542,2481,0,1500,21218,5,6,0,-1,0
Seigneurs de l’effroi,2543,2481,0,1875,21220,6,6,0,-1,0
Panthéon des prototypes,2544,2481,0,1250,21225,7,6,0,-1,0
Anduin Wrynn,2546,2481,0,1843,21242,8,6,0,-1,0
Rygelon,2549,2481,0,1968,21268,9,4,0,-1,0
Antros,2550,2222,0,5000,0,5,0,3052064,-1,0
Artificier Xy’mox,2553,2481,0,875,21338,10,6,0,-1,0
Les Nains perdus,2555,2451,0,0,21495,0,4,0,-1,0
Bromach,2556,2451,0,1000,21497,1,4,0,-1,0
Sentinelle Talondras,2557,2451,0,2000,21499,2,4,0,-1,0
Pyron,2558,2451,0,3000,21633,3,4,0,-1,0
Chronoseigneur Déios,2559,2451,0,4000,21503,4,4,0,-1,0
Vexamus,2562,2526,0,0,21592,0,4,0,-1,0
Ancien embroussaillé,2563,2526,0,1000,21593,1,4,0,-1,0
Tricérabec,2564,2526,0,2000,21594,2,4,0,-1,0
Écho de Doragosa,2565,2526,0,3000,21595,3,4,0,-1,0
Tir-Tripes,2567,2520,0,0,21636,0,4,0,-1,0
Arbec,2568,2520,0,-1000,21638,1,4,0,-1,0
Décatriarche Occulâcre,2569,2520,0,1000,21640,2,4,0,-1,0
Bataillon de Griffentaille,2570,2520,0,-2000,21642,3,4,0,-1,0
Khan Balakar,2580,2516,0,0,21903,0,4,0,-1,0
Teera et Maruuk,2581,2516,0,-1000,21901,1,4,0,-1,0
Tellumor,2582,2515,0,0,21670,0,4,0,-1,0
Telash Ailegrise,2583,2515,0,3000,21674,1,4,0,-1,0
Krânombrel,2584,2515,0,2000,21676,2,4,0,-1,0
Lame-Azur,2585,2515,0,500,21677,3,4,0,-1,0
Éranog,2587,2522,0,0,21720,0,6,0,-1,0
Le Conseil primordial,2590,2522,0,1000,21742,1,6,0,-1,0
"Sennarth, la Glaciale",2592,2522,0,2000,21747,2,6,0,-1,0
Kurog Totem-Sinistre,2605,2522,0,3000,21762,3,6,0,-1,0
Kokia Foulebraise,2606,2521,0,0,21835,0,4,0,-1,0
Raszageth la Mange-tempêtes,2607,2522,0,4000,21854,4,4,0,-1,0
Mélidrussa Manteglace,2609,2521,0,-1000,21897,1,4,0,-1,0
Magmodonte,2610,2519,0,0,21909,0,6,0,-1,0
Dame de guerre Sargha,2611,2519,0,1000,21913,1,6,0,-1,0
Maître-forge Gorek,2612,2519,0,-1000,21914,2,4,0,-1,0
"Chargath, Fléau d’écailles",2613,2519,0,-2000,21917,3,4,0,-1,0
Garde-couvée Diurna,2614,2522,0,3500,21927,5,6,0,-1,0
Garde Iridéus,2615,2527,0,0,21929,0,4,0,-1,0
Goliath gobeur,2616,2527,0,1000,21931,1,4,0,-1,0
Khajin l’Inflexible,2617,2527,0,2000,21933,2,4,0,-1,0
Tsunami primordial,2618,2527,0,3000,21935,3,4,0,-1,0
Kyrakka et Erkhart Foudreveine,2623,2521,0,1000,21947,2,4,0,-1,0
"Dathéa, transcendée",2635,2522,0,1500,22026,6,6,0,-1,0
Tempête déchaînée,2636,2516,0,-2000,22116,2,6,0,-1,0
Granyth,2637,2516,0,-3000,22358,3,4,0,-1,0
Terros,2639,2522,0,1750,22094,7,6,0,-1,0
Basrikron,2640,2574,0,0,0,0,4,0,-1,0
Strunraan,2651,2574,0,1000,0,1,4,0,-1,0
Liskanoth,2652,2574,0,2000,0,2,4,0,-1,0
Bazual,2653,2574,0,1500,0,3,4,0,-1,0
Chronikar,2666,2579,0,0,22901,0,4,0,-1,0
Voies temporelles matérialisées,2667,2579,0,1000,22903,1,4,0,-1,0
Chancre de Galakrond,2668,2579,0,2000,22905,2,4,0,-1,0
Iridikron,2669,2579,0,3000,22907,3,4,0,-1,0
Tyr le Gardien infini,2670,2579,0,4000,22909,4,4,0,-1,0
Morchie,2671,2579,0,5000,22911,5,4,0,-1,0
Champ de bataille perdu dans le temps,2672,2579,0,6000,22913,6,4,0,-1,0
Chronoseigneur Déios,2673,2579,0,7000,22915,7,4,0,-1,0
Fyrakka le Flamboyant,2677,2549,0,0,25036,0,6,0,-1,0
"Rashok, l’Ancien",2680,2569,0,0,23125,0,6,0,-1,0
Assaut des Zaqalis,2682,2569,0,-125,23134,1,4,0,-1,0
Magmorax,2683,2569,0,1000,23153,2,6,0,-1,0
Écho de Neltharion,2684,2569,0,2000,23156,3,6,0,-1,0
Squammandant Sarkareth,2685,2569,0,3000,23160,4,6,0,-1,0
Chambre d’amalgamation,2687,2569,0,-500,23162,5,6,0,-1,0
"Kazzara, née des enfers",2688,2569,0,-2000,23168,6,6,0,-1,0
"Zskarn, l’Intendant vigilant",2689,2569,0,500,23244,7,6,0,-1,0
Les expériences oubliées,2693,2569,0,-250,23252,8,6,0,-1,0
Les Anciens zaqalis,2696,2454,172,0,0,0,4,0,-1,0
Test de DPS du donjon (6 min),2707,1457,0,-1000,0,4,0,0,-1,0
"Nymue, la trame du cercle",2708,2549,0,-31,24406,1,6,0,-1,0
Igira la Cruelle,2709,2549,0,-500,24126,2,6,0,-1,0
Le Cavalier sans tête,2725,1004,0,0,24300,0,0,0,-1,0
Conseil des rêves,2728,2549,0,-62,24338,3,6,0,-1,0
"Larodar, gardien de la flamme",2731,2549,0,-125,24357,4,6,0,-1,0
Volcoross,2737,2549,0,-250,24432,5,6,0,-1,0
Le pouvoir de la tentation,2740,2653,0,0,24466,0,4,0,-1,0
"Tindral Vifsage, prophète de flamme",2786,2549,0,-7,24560,6,6,0,-1,0
Le roi-bougie,2787,2651,0,6000,24410,0,4,0,-1,0
Les Ténèbres,2788,2651,0,7000,24893,1,4,0,-1,0
Chevalier de la Lumière,2815,1963,0,0,24610,0,4,0,-1,0
Kyrioss,2816,2648,0,0,24613,0,6,0,-1,0
Mage de sang Thalnos,2818,189,1,1000,24616,1,0,0,-1,0
Briseur de dimensions,2819,1963,0,1000,24623,1,4,0,-1,0
Racine-Noueuse,2820,2549,0,-1000,24632,7,6,0,-1,0
La Dévoreuse,2821,1963,0,2000,24636,2,4,0,-1,0
Fumeron,2824,2549,0,-15,24719,8,6,0,-1,0
Blazikon,2826,2651,0,2000,24751,2,4,0,-1,0
Champignon imprégné d’anima,2827,1457,0,4000,24804,5,4,0,-1,0
Aurostor,2828,2548,0,0,0,0,4,0,-1,0
Vieux Barbecire,2829,2651,0,1000,24823,3,4,0,-1,0
Toupignon,2831,2664,0,1000,0,1,0,0,-1,0
Baron Braunpique,2835,2649,0,0,24899,0,4,0,-1,0
Monstruosité de Skardyn,2836,2648,0,1000,24904,1,4,0,-1,0
Mandataire Couronne d’ombre,2837,2662,0,0,24913,0,4,0,-1,0
Anub’ikkaj,2838,2662,0,1000,24915,1,4,0,-1,0
Rasha’nan,2839,2662,0,2000,24917,2,4,0,-1,0
Capitaine Dailcri,2847,2649,0,-1000,25022,1,4,0,-1,0
Prieuresse Murrpray,2848,2649,0,1000,25024,2,4,0,-1,0
E.D.N.A.,2854,2652,0,0,25026,0,6,0,-1,0
Garde de la tempête Gorren,2861,2648,0,500,25028,2,4,0,-1,0
Général des toiles Ab’enar,2877,2680,0,2000,0,2,0,0,-1,0
Pilleur de tombes Sèche-Moustaches,2878,2681,0,0,0,0,0,0,-1,0
Cie de Chimie La Royale,2879,33,0,4000,0,5,4,0,-1,0
Skarmorak,2880,2652,0,1000,25193,1,4,0,-1,0
Orateur du Vide Eirich,2883,2652,0,2000,25233,2,6,0,-1,0
Machinistes en chef,2888,2652,0,1500,25238,3,4,0,-1,0
Museau-cireux,2894,2683,0,0,0,0,0,0,-1,0
Abomination sous-marine,2895,2689,0,0,0,0,0,0,-1,0
"Sikran, capitaine des Surekis",2898,2657,0,0,25449,0,6,0,-1,0
Maître brasseur Aldryr,2900,2661,0,0,25573,0,4,0,-1,0
Ki’katal la Moissonneuse,2901,2660,0,2000,25585,0,4,0,-1,0
Ulgrax le Dévoreur,2902,2657,0,-1000,25630,1,6,0,-1,0
La Coaglamation,2905,2669,0,250,25658,0,4,0,-1,0
Anub’zekt,2906,2660,0,1000,25668,1,4,0,-1,0
Mandataire Krix’vizk,2907,2669,0,-1000,25674,1,4,0,-1,0
Crocs de la reine,2908,2669,0,-500,25678,2,4,0,-1,0
"Izo, le Grand Faisceau",2909,2669,0,1000,25675,3,4,0,-1,0
L’horreur liée par le sang,2917,2657,0,-500,25695,2,6,0,-1,0
Rasha’nan,2918,2657,0,1000,25697,3,6,0,-1,0
Toressaim Ovi’nax,2919,2657,0,2000,25699,4,6,0,-1,0
Princesse-nexus Ky’veza,2920,2657,0,3000,25701,5,6,0,-1,0
La cour Soyeuse,2921,2657,0,4000,25703,6,6,0,-1,0
Reine Ansurek,2922,2657,0,5000,25705,7,6,0,-1,0
Avanoxx,2926,2660,0,0,25728,2,4,0,-1,0
I’pa,2929,2661,0,750,25739,1,4,0,-1,0
Goldie Baronnie,2930,2661,0,2000,25751,2,4,0,-1,0
Benk Bourdon,2931,2661,0,1500,25769,3,4,0,-1,0
Nerl’athekk le Rôdeur,2946,2685,0,0,0,0,0,0,-1,0
Mandataire Xanventh,2947,2685,0,1000,0,1,0,0,-1,0
Chef des géants des grottes,2948,2685,0,2000,0,2,0,0,-1,0
Nerl’athekk le Rôdeur,2949,2685,0,3000,0,3,0,0,-1,0
Bourbeflûte,2960,2679,0,3000,0,0,0,0,-1,0
Rhahk’Zor,2967,36,24,1000,4531,5,4,0,-1,0
Sneed,2968,36,24,2000,4532,6,4,0,-1,0
Gilnid,2969,36,24,3000,4533,7,4,0,-1,0
M. Châtiment,2970,36,24,4000,4534,8,4,0,-1,0
Capitaine Vertepeau,2971,36,24,5000,4536,9,4,0,-1,0
Edwin VanCleef,2972,36,24,6000,4537,10,4,0,-1,0
« Capitaine » Macaron,2973,36,1,4000,5556,5,4,0,-1,0
Amiral Grondéventre,2974,36,1,2000,5555,6,4,0,-1,0
Faucheur 5000,2975,36,1,1000,5554,7,4,0,-1,0
Glubtok,2976,36,1,-1000,5538,8,4,0,-1,0
Hélix Engrecasse,2977,36,1,0,5549,9,4,0,-1,0
« Capitaine » Macaron,2978,36,2,2000,5556,6,4,0,-1,0
Amiral Grondéventre,2979,36,2,1750,5555,7,4,0,-1,0
Faucheur 5000,2980,36,2,1500,5554,8,4,0,-1,0
Glubtok,2981,36,2,0,5538,9,4,0,-1,0
Hélix Engrecasse,2982,36,2,1000,5549,10,4,0,-1,0
Orta,2984,2601,0,3000,0,0,4,0,-1,0
Zekvir,2985,2682,0,0,0,0,0,0,-1,0
Macaron,2986,36,24,7000,4535,0,4,0,-1,0
Zekvir,2987,2682,0,1000,0,1,0,0,-1,0
Agrégation d’horreurs,2988,2601,0,1000,0,1,4,0,-1,0
Seigneur-du-dessous Vik’tis,2989,2684,0,0,0,0,0,0,-1,0
Surveillante Kaskel,2990,2688,0,0,0,0,0,0,-1,0
Chercheur Ven’kex,2991,2690,0,0,0,0,0,0,-1,0
Chercheur Xik’vik,2992,2690,0,1000,0,1,0,0,-1,0
Abomination affolée,2993,2690,0,2000,0,2,16,0,-1,0
Shurrai,2994,2601,0,2000,0,2,4,0,-1,0
"Kordac, le protecteur inerte",2997,2601,0,4000,0,3,4,0,-1,0
Fureur reconstituée,2998,2686,0,0,0,0,0,0,-1,0
Maître des miroirs Murkna,2999,2687,0,0,0,0,0,0,-1,0
Noyeur ballonné,3000,2687,0,1000,0,1,0,0,-1,0
Faloise,3001,2687,0,2000,0,2,0,0,-1,0
Cor du léviathan,3002,2687,0,3000,0,3,0,0,-1,0
Chefs nérubiens évolués,3004,2689,0,1000,0,1,0,0,-1,0
Maklin Vrillechoc,3005,2680,0,3000,0,0,0,0,-1,0
Le maître des marionnettes,3006,2688,0,1000,0,1,0,0,-1,0
Mandataire Halven,3007,2686,0,1000,0,1,0,0,-1,0
Mandataire Pelzeth,3008,2686,0,2000,0,2,0,0,-1,0
Vexie et les Écrouabouilles,3009,2769,0,0,26690,0,6,0,-1,0
Chaudron du carnage,3010,2769,0,1000,26692,1,6,0,-1,0
Rik Rebond,3011,2769,0,2000,26694,2,6,0,-1,0
Stix Jettetout,3012,2769,0,3000,26696,3,6,0,-1,0
Pignonneur Crosseplatine,3013,2769,0,4000,26698,4,6,0,-1,0
Bandit manchot,3014,2769,0,5000,26700,5,6,0,-1,0
"Verr’Minh, chefs de la sécurité",3015,2769,0,6000,26702,6,6,0,-1,0
Roi du chrome Gallywix,3016,2769,0,7000,26704,7,6,0,-1,0
Commandant gelé,3017,576,0,-1000,3685,4,4,0,-1,0
Duo de démolition,3019,2773,0,0,26795,0,4,0,-1,0
Grand-M.A.M.A.,3020,2773,0,-1000,26797,1,4,0,-1,0
Seigneur Roccor,3042,2792,0,0,26871,0,6,0,-1,0
Seigneur Incendius,3043,2792,0,1000,26877,1,6,0,-1,0
Bael’Gar,3044,2792,0,500,26878,2,6,0,-1,0
Général Forgehargne,3045,2792,0,4500,26874,3,6,0,-1,0
Seigneur golem Argelmach,3046,2792,0,4000,26876,4,6,0,-1,0
Ambassadeur Cinglefouet,3047,2792,0,5000,26873,5,6,0,-1,0
Les sept,3048,2792,0,4250,26875,6,6,0,-1,0
Empereur Dagran Thaurissan,3049,2792,0,7000,26872,7,6,0,-1,0
Chefs de secte,3050,2686,0,3000,0,3,0,0,-1,0
Face de marais,3053,2773,0,1000,26961,2,4,0,-1,0
Geezle Gigazap,3054,2773,0,2000,26963,3,4,0,-1,0
Raid Boss Dummy (30 Sec),3064,2438,0,0,0,0,0,0,-1,0
Raid Boss Dummy (10min),3065,2438,0,1000,0,1,0,0,-1,0
Raid Boss Dummy (5min),3066,2438,0,2000,0,2,0,0,-1,0
Raid Boss Dummy (5min),3067,2438,0,3000,0,3,0,0,-1,0
Alleria Coursevent,3081,2827,0,0,18015,0,0,0,-1,0
Therum Forge-Profonde,3082,2827,0,1000,18707,1,64,0,-1,0
Maître d’esclaves Ul’rok,3083,2827,0,2000,18708,2,64,0,-1,0
Suzerain Mathias Shaw,3084,2827,0,3000,18709,3,64,0,-1,0
Magistère Umbric,3085,2827,0,4000,18710,4,64,0,-1,0
Thrall le Corrompu,3086,2828,0,0,18015,0,0,0,-1,0
Inquisiteur Gnshal,3087,2828,0,1000,18704,1,64,0,-1,0
Élémentaire de l’Oubli,3088,2828,0,2000,18705,2,64,0,-1,0
Vez’okk l’Enténébré,3089,2828,0,3000,18706,3,64,0,-1,0
Rexxar,3090,2828,0,4000,18699,4,64,0,-1,0
Pierre Écervelle,3095,2815,0,0,0,0,0,0,-1,0
Messager Ul’thul,3096,2815,0,-1000,0,1,0,0,-1,0
Xel’anegh la Multiple,3099,2815,0,1000,0,2,0,0,-1,0
Un très gros insecte,3100,2680,0,4000,0,1,0,0,-1,0
Élémentaire d’or,3104,2826,0,0,0,0,0,0,-1,0
Dyna Cliquefeu et Sproque,3106,2690,0,-1000,0,3,0,0,-1,0
Azhiccar,3107,2830,0,0,27680,0,4,0,-1,0
Taah’bat et A’wazj,3108,2830,0,1000,27683,1,4,0,-1,0
Scribe de l’âme,3109,2830,0,2000,27685,2,4,0,-1,0
Tombrouage,3120,2684,0,1000,0,1,0,0,-1,0
Massepique,3121,2664,0,2000,0,0,0,0,-1,0
Chasseurs d’âmes,3122,2810,0,4500,27877,0,6,0,-1,3
Tombrouage,3123,2688,0,2000,0,2,0,0,-1,0
Vindle Maniclaque,3124,2689,0,2000,0,2,0,0,-1,0
Père Foreur,3126,2831,0,0,0,0,0,0,-1,0
Gobleone,3128,2601,0,5000,0,4,4,0,-1,0
Sentinelle du Plexus,3129,2810,0,1000,27869,1,6,0,-1,1
Lieuse d’âme Naazindhri,3130,2810,0,2000,27873,2,6,0,-1,2
Rou’ethar,3131,2810,0,1500,27871,3,6,0,-1,2
Tisseforge Araz,3132,2810,0,4000,27875,4,6,0,-1,3
Fractillus,3133,2810,0,5000,27805,5,6,0,-1,3
Roi-nexus Salhadaar,3134,2810,0,6000,27879,6,6,0,-1,4
Dimensius l’Omni-dévoreur,3135,2810,0,7000,27881,7,6,0,-1,4
Père Foreur,3138,2831,0,-1000,0,1,0,0,-1,0
Crachespore,3139,2683,0,1000,0,1,0,0,-1,0
Dyna Cliquefeu et Sproque,3140,2681,0,1000,0,1,0,0,-1,0
Fureur reconstituée,3147,2686,0,4000,0,4,0,0,-1,0
Vindle Maniclaque,3173,2826,0,1000,0,1,0,0,-1,0
Tombrouage,3174,2826,0,2000,0,2,0,0,-1,0
Reshanor le Détaché,3184,2774,0,0,0,0,4,0,-1,0
Claqueschlingue,3205,2826,0,3000,0,3,0,0,-1,0
Gurtha’zul,3206,2815,0,2000,0,3,0,0,-1,0
Beste Glatissante,3210,2815,0,3000,0,4,0,0,-1,0
Bubsy Trois-Doigts,3211,2826,0,4000,0,4,0,0,-1,0
P’tite sangsue,3217,2664,0,3000,0,2,0,0,-1,0
Capitaine Nil’hitan,3279,2803,0,0,0,0,0,0,-1,0
Sans-visage,3284,2681,0,2000,0,2,0,0,-1,0
Raszageth la Mange-tempêtes,3297,2950,0,0,29044,0,4,0,-1,0
Le seigneur du Givre,3317,547,0,3000,0,3,4,0,-1,0
Princesse-nexus Ky’veza,3325,2951,0,0,0,0,0,0,-1,0
Princesse-nexus Ky’veza,3326,2951,0,-1000,0,1,0,0,-1,0
Maître des portails Halsan,3329,2803,0,1000,0,1,0,0,-1,0
Chevaucheuse du Vide Challnax,3330,2803,0,2000,0,2,0,0,-1,0
Fyrakka le Flamboyant,3335,2972,0,0,0,0,0,0,-1,0
Tombrouage,3352,2826,0,5000,0,5,0,0,-1,0
Raid Boss Dummy (5min) - 2438,3358,2438,0,4000,0,4,4,0,-1,0
Massepique,3374,2826,0,6000,0,6,0,0,-1,0
Inquisiteur Méto,3385,1669,0,4000,0,4,8,0,-1,0
Occularus,3386,1669,0,5000,0,5,8,0,-1,0
Seigneur des abîmes Vilemus,3387,1669,0,6000,0,6,8,0,-1,0
Sotanathor,3388,1669,0,7000,0,7,8,0,-1,0
