ID,FullName_lang,ShortName_lang,GroupFinderCategoryID,OrderIndex,GroupFinderActivityGrpID,Flags,MinGearLevelSuggestion,PlayerConditionID,MapID,DifficultyID,AreaID,MaxPlayers,DisplayType,Field_11_0_7_57361_013,Field_11_0_7_57361_014,Field_11_0_7_57361_015,Field_11_0_7_57361_016,OverrideContentTuningID,MapChallengeModeID
2,Teldrassil,Teldrassil,1,0,3,258,0,0,1,0,141,0,4,0,0,0,0,0,0
3,Westfall,Westfall,1,0,2,258,0,0,0,0,40,0,4,0,0,0,0,0,0
4,Schlacht um Orgrimmar (Normal),Normal,3,0,1,35,0,0,1136,14,0,30,0,0,0,0,0,0,0
6,Arena (2vs2),2vs2,4,0,0,36,0,78463,0,0,0,2,2,0,0,0,0,0,0
7,Arena (3vs3),3vs3,4,1,0,36,0,78463,0,0,0,3,2,0,0,0,0,0,0
9,Geschmolzener Kern,Geschmolzener Kern,3,-1,0,34,0,0,409,9,0,40,0,0,0,0,0,0,0
14,Arenageplänkel (2vs2),2vs2,7,0,0,36,0,86427,0,0,0,2,2,0,0,0,0,0,0
15,Schlachtfelder,Schlachtfelder,8,0,0,36,0,86429,0,0,0,5,1,0,0,0,0,0,0
16,Benutzerdefiniertes PvE,Benutzerdef.,6,0,0,34,0,0,0,0,0,0,0,0,0,0,0,0,0
17,Benutzerdefiniertes PvP,Benutzerdef. PvP,6,0,0,36,0,0,0,0,0,0,0,0,0,0,0,0,0
18,Todesminen (Normal),Normal,2,0,5,98,0,0,36,1,0,5,1,0,0,0,0,0,0
19,Gewertete Schlachtfelder,Gewertete Schlachtfelder,9,0,0,36,0,78463,0,0,0,0,0,0,0,0,0,0,0
21,Blutschlägermine (Normal),Normal,2,1,6,99,0,0,1175,1,0,5,1,0,0,0,0,0,0
22,Eisendocks (Normal),Normal,2,1,7,99,50,87337,1195,1,0,5,1,0,0,0,0,0,0
23,Auchindoun (Normal),Normal,2,1,8,99,0,0,1182,1,0,5,1,0,0,0,0,0,0
24,Himmelsnadel (Normal),Normal,2,1,9,99,0,0,1209,1,0,5,1,0,0,0,0,0,0
25,Grimmgleisdepot (Normal),Normal,2,1,10,99,0,87337,1208,1,0,5,1,0,0,0,0,0,0
26,Der Immergrüne Flor (Normal),Normal,2,1,11,99,0,0,1279,1,0,5,1,0,0,0,0,0,0
27,Schattenmondgrabstätte (Normal),Normal,2,1,12,99,0,0,1176,1,0,5,1,0,0,0,0,0,0
28,Obere Schwarzfelsspitze (Normal),Normal,2,1,13,99,0,0,1358,1,0,5,1,0,0,0,0,0,0
29,Blutschlägermine (Heroisch),Heroisch,2,2,6,99,0,0,1175,2,0,5,1,0,0,0,0,0,0
30,Eisendocks (Heroisch),Heroisch,2,2,7,99,50,87337,1195,2,0,5,1,0,0,0,0,0,0
31,Auchindoun (Heroisch),Heroisch,2,2,8,99,0,0,1182,2,0,5,1,0,0,0,0,0,0
32,Himmelsnadel (Heroisch),Heroisch,2,2,9,99,0,0,1209,2,0,5,1,0,0,0,0,0,0
33,Grimmgleisdepot (Heroisch),Heroisch,2,2,10,99,0,87337,1208,2,0,5,1,0,0,0,0,0,0
34,Der Immergrüne Flor (Heroisch),Heroisch,2,2,11,99,0,0,1279,2,0,5,1,0,0,0,0,0,0
35,Schattenmondgrabstätte (Heroisch),Heroisch,2,2,12,99,0,0,1176,2,0,5,1,0,0,0,0,0,0
36,Obere Schwarzfelsspitze (Heroisch),Heroisch,2,2,13,99,0,0,1358,2,0,5,1,0,0,0,0,0,0
37,Hochfels (Normal),Normal,3,0,14,35,0,27290,1228,14,0,30,0,0,0,0,0,0,0
38,Hochfels (Heroisch),Heroisch,3,0,14,35,0,27291,1228,15,0,30,0,0,0,0,0,0,0
39,Schwarzfelsgießerei (Normal),Normal,3,0,15,35,0,27806,1205,14,0,30,0,0,0,0,0,0,0
40,Schwarzfelsgießerei (Heroisch),Heroisch,3,0,15,35,0,27807,1205,15,0,30,0,0,0,0,0,0,0
41,Schlacht um Orgrimmar (Heroisch),Heroisch,3,0,1,35,0,0,1136,15,0,30,0,0,0,0,0,0,0
42,Schlacht um Orgrimmar (Mythisch),Mythisch,3,0,1,35,0,0,1136,16,0,20,0,0,0,0,0,0,0
43,Naxxramas (10 Spieler),10 Spieler,3,0,16,35,0,0,533,3,0,10,0,0,0,0,0,0,0
44,Naxxramas (25 Spieler),25 Spieler,3,0,16,35,0,0,533,4,0,25,0,0,0,0,0,0,0
45,Karazhan,Karazhan,3,0,0,35,0,0,532,3,0,10,0,0,0,0,0,0,0
46,Eiskronenzitadelle (10 Spieler Normal),10 Normal,3,0,17,547,0,0,631,3,0,10,0,0,0,0,0,0,0
47,Eiskronenzitadelle (10 Spieler Heroisch),10 Heroisch,3,0,17,547,0,0,631,5,0,10,0,0,0,0,0,0,0
48,Eiskronenzitadelle (25 Spieler Normal),25 Normal,3,0,17,547,0,0,631,4,0,25,0,0,0,0,0,0,0
49,Eiskronenzitadelle (25 Spieler Heroisch),25 Heroisch,3,0,17,547,0,0,631,6,0,25,0,0,0,0,0,0,0
50,Höhlen des Wehklagens (Normal),Höhlen des Wehklagens,2,0,0,98,0,0,43,1,0,5,1,0,0,0,0,0,0
51,Scholomance (Normal),Normal,2,0,18,98,0,0,1007,1,0,5,1,0,0,0,0,0,0
52,Flammenschlund (Normal),Der Flammenschlund,2,0,0,98,0,0,389,1,0,5,1,0,0,0,0,0,0
53,Burg Schattenfang (Normal),Normal,2,0,19,98,0,0,33,1,0,5,1,0,0,0,0,0,0
54,Tiefschwarze Grotte (Normal),Tiefschwarze Grotte,2,0,0,98,0,0,48,1,0,5,1,0,0,0,0,0,0
55,Verlies von Sturmwind (Normal),Verlies von Sturmwind,2,0,0,98,0,0,34,1,0,5,1,0,0,0,0,0,0
56,Gnomeregan (Normal),Gnomeregan,2,0,0,98,0,0,90,1,0,5,1,0,0,0,0,0,0
57,Kral der Klingenhauer (Normal),Kral der Klingenhauer,2,0,0,98,0,0,47,1,0,5,1,0,0,0,0,0,0
58,Hügel der Klingenhauer (Normal),Hügel der Klingenhauer,2,0,0,98,0,0,129,1,0,5,1,0,0,0,0,0,0
59,Uldaman (Normal),Uldaman,2,0,0,98,0,0,70,1,0,5,1,0,0,0,0,0,0
60,Zul'Farrak (Normal),Zul'Farrak,2,0,0,98,0,0,209,1,0,5,1,0,0,0,0,0,0
61,Maraudon (Normal),Maraudon,2,0,0,98,0,0,349,1,0,5,1,0,0,0,0,0,0
62,Versunkener Tempel (Normal),Versunkener Tempel,2,0,0,98,0,0,109,1,0,5,1,0,0,0,0,0,0
63,Schwarzfelstiefen (Normal),Schwarzfelstiefen,2,0,0,98,0,0,230,1,0,5,1,0,0,0,0,0,0
64,Untere Schwarzfelsspitze (Normal),Untere Schwarzfelsspitze,2,0,0,98,0,0,229,1,0,5,1,0,0,0,0,0,0
65,Düsterbruch (Normal),Düsterbruch,2,0,0,98,0,0,429,1,0,5,1,0,0,0,0,0,0
66,Stratholme (Normal),Stratholme,2,0,0,98,0,0,329,1,0,5,1,0,0,0,0,0,0
67,Höllenfeuerbollwerk (Normal),Normal,2,0,20,98,0,0,543,1,0,5,1,0,0,0,0,0,0
68,Blutkessel (Normal),Normal,2,0,21,98,0,0,542,1,0,5,1,0,0,0,0,0,0
69,Zerschmetterte Hallen (Normal),Normal,2,0,22,98,0,0,540,1,0,5,1,0,0,0,0,0,0
70,Sklavenunterkünfte (Normal),Normal,2,0,23,98,0,0,547,1,0,5,1,0,0,0,0,0,0
71,Tiefensumpf (Normal),Normal,2,0,24,98,0,0,546,1,0,5,1,0,0,0,0,0,0
72,Die Dampfkammer (Normal),Normal,2,0,25,98,0,0,545,1,0,5,1,0,0,0,0,0,0
73,Managruft (Normal),Normal,2,0,26,98,0,0,557,1,0,5,1,0,0,0,0,0,0
74,Auchenaikrypta (Normal),Normal,2,0,27,98,0,0,558,1,0,5,1,0,0,0,0,0,0
75,Sethekkhallen (Normal),Normal,2,0,28,98,0,0,556,1,0,5,1,0,0,0,0,0,0
76,Schattenlabyrinth (Normal),Normal,2,0,29,98,0,0,555,1,0,5,1,0,0,0,0,0,0
77,Scharlachrote Hallen (Normal),Normal,2,0,30,98,0,0,1001,1,0,5,1,0,0,0,0,0,0
78,Scharlachrotes Kloster (Normal),Normal,2,0,31,98,0,0,1004,1,0,5,1,0,0,0,0,0,0
79,Flucht aus Durnholde (Normal),Normal,2,0,32,98,0,0,560,1,0,5,1,0,0,0,0,0,0
80,Öffnung des Dunklen Portals (Normal),Normal,2,0,33,98,0,0,269,1,0,5,1,0,0,0,0,0,0
81,Die Mechanar (Normal),Normal,2,0,34,98,0,0,554,1,0,5,1,0,0,0,0,0,0
82,Die Botanika (Normal),Normal,2,0,35,98,0,0,553,1,0,5,1,0,0,0,0,0,0
83,Die Arkatraz (Normal),Normal,2,0,36,98,0,0,552,1,0,5,1,0,0,0,0,0,0
84,Auchenaikrypta (Heroisch),Heroisch,2,0,27,98,0,0,558,2,0,5,1,0,0,0,0,0,0
85,Managruft (Heroisch),Heroisch,2,0,26,98,0,0,557,2,0,5,1,0,0,0,0,0,0
86,Sethekkhallen (Heroisch),Heroisch,2,0,28,98,0,0,556,2,0,5,1,0,0,0,0,0,0
87,Schattenlabyrinth (Heroisch),Heroisch,2,0,29,98,0,0,555,2,0,5,1,0,0,0,0,0,0
88,Öffnung des Dunklen Portals (Heroisch),Heroisch,2,0,33,98,0,0,269,2,0,5,1,0,0,0,0,0,0
89,Flucht aus Durnholde (Heroisch),Heroisch,2,0,32,98,0,0,560,2,0,5,1,0,0,0,0,0,0
90,Sklavenunterkünfte (Heroisch),Heroisch,2,0,23,98,0,0,547,2,0,5,1,0,0,0,0,0,0
91,Die Dampfkammer (Heroisch),Heroisch,2,0,25,98,0,0,545,2,0,5,1,0,0,0,0,0,0
92,Tiefensumpf (Heroisch),Heroisch,2,0,24,98,0,0,546,2,0,5,1,0,0,0,0,0,0
93,Blutkessel (Heroisch),Heroisch,2,0,21,98,0,0,542,2,0,5,1,0,0,0,0,0,0
94,Höllenfeuerbollwerk (Heroisch),Heroisch,2,0,20,98,0,0,543,2,0,5,1,0,0,0,0,0,0
95,Zerschmetterte Hallen (Heroisch),Heroisch,2,0,22,98,0,0,540,2,0,5,1,0,0,0,0,0,0
96,Die Arkatraz (Heroisch),Heroisch,2,0,36,98,0,0,552,2,0,5,1,0,0,0,0,0,0
97,Die Botanika (Heroisch),Heroisch,2,0,35,98,0,0,553,2,0,5,1,0,0,0,0,0,0
98,Die Mechanar (Heroisch),Heroisch,2,0,34,98,0,0,554,2,0,5,1,0,0,0,0,0,0
99,Terrasse der Magister (Normal),Normal,2,0,37,98,0,0,585,1,0,5,1,0,0,0,0,0,0
100,Terrasse der Magister (Heroisch),Heroisch,2,0,37,98,0,0,585,2,0,5,1,0,0,0,0,0,0
101,Burg Utgarde (Normal),Normal,2,0,38,98,0,0,574,1,0,5,1,0,0,0,0,0,0
102,Turm Utgarde (Normal),Normal,2,0,39,98,0,0,575,1,0,5,1,0,0,0,0,0,0
103,Azjol-Nerub (Normal),Normal,2,0,40,98,0,0,601,1,0,5,1,0,0,0,0,0,0
104,Das Oculus (Normal),Normal,2,0,41,98,0,0,578,1,0,5,1,0,0,0,0,0,0
105,Hallen der Blitze (Normal),Normal,2,0,42,98,0,0,602,1,0,5,1,0,0,0,0,0,0
106,Hallen des Steins (Normal),Normal,2,0,43,98,0,0,599,1,0,5,1,0,0,0,0,0,0
107,Das Ausmerzen von Stratholme (Normal),Normal,2,0,44,98,0,0,595,1,0,5,1,0,0,0,0,0,0
108,Feste Drak'Tharon (Normal),Normal,2,0,45,98,0,0,600,1,0,5,1,0,0,0,0,0,0
109,Gundrak (Normal),Normal,2,0,46,98,0,0,604,1,0,5,1,0,0,0,0,0,0
110,Ahn'kahet: Das Alte Königreich (Normal),Normal,2,0,47,98,0,0,619,1,0,5,1,0,0,0,0,0,0
111,Violette Festung (Normal),Normal,2,0,48,98,0,0,608,1,0,5,1,0,0,0,0,0,0
112,Der Nexus (Normal),Normal,2,0,49,98,0,0,576,1,0,5,1,0,0,0,0,0,0
113,Prüfung des Champions (Normal),Normal,2,0,50,610,0,0,650,1,0,5,1,0,0,0,0,0,0
114,Die Seelenschmiede (Normal),Normal,2,0,51,98,0,0,632,1,0,5,1,0,0,0,0,0,0
115,Grube von Saron (Normal),Normal,2,0,52,98,0,0,658,1,0,5,1,0,0,0,0,0,0
116,Hallen der Reflexion (Normal),Normal,2,0,53,98,0,0,668,1,0,5,1,0,0,0,0,0,0
117,Turm Utgarde (Heroisch),Heroisch,2,0,39,98,0,0,575,2,0,5,1,0,0,0,0,0,0
118,Das Ausmerzen von Stratholme (Heroisch),Heroisch,2,0,44,98,0,0,595,2,0,5,1,0,0,0,0,0,0
119,Das Oculus (Heroisch),Heroisch,2,0,41,98,0,0,578,2,0,5,1,0,0,0,0,0,0
120,Hallen der Blitze (Heroisch),Heroisch,2,0,42,98,0,0,602,2,0,5,1,0,0,0,0,0,0
121,Hallen des Steins (Heroisch),Heroisch,2,0,43,98,0,0,599,2,0,5,1,0,0,0,0,0,0
122,Feste Drak'Tharon (Heroisch),Heroisch,2,0,45,98,0,0,600,2,0,5,1,0,0,0,0,0,0
123,Gundrak (Heroisch),Heroisch,2,0,46,98,0,0,604,2,0,5,1,0,0,0,0,0,0
124,Ahn'kahet: Das Alte Königreich (Heroisch),Heroisch,2,0,47,98,0,0,619,2,0,5,1,0,0,0,0,0,0
125,Violette Festung (Heroisch),Heroisch,2,0,48,98,0,0,608,2,0,5,1,0,0,0,0,0,0
126,Der Nexus (Heroisch),Heroisch,2,0,49,98,0,0,576,2,0,5,1,0,0,0,0,0,0
127,Azjol-Nerub (Heroisch),Heroisch,2,0,40,98,0,0,601,2,0,5,1,0,0,0,0,0,0
128,Burg Utgarde (Heroisch),Heroisch,2,0,38,98,0,0,574,2,0,5,1,0,0,0,0,0,0
129,Prüfung des Champions (Heroisch),Heroisch,2,0,50,610,0,0,650,2,0,5,1,0,0,0,0,0,0
130,Die Seelenschmiede (Heroisch),Heroisch,2,0,51,98,0,0,632,2,0,5,1,0,0,0,0,0,0
131,Grube von Saron (Heroisch),Heroisch,2,0,52,98,0,0,658,2,0,5,1,0,0,0,0,0,0
132,Hallen der Reflexion (Heroisch),Heroisch,2,0,53,98,0,0,668,2,0,5,1,0,0,0,0,0,0
133,Thron der Gezeiten (Normal),Normal,2,0,54,98,0,0,643,1,0,5,1,0,0,0,0,0,0
134,Schwarzfelshöhlen (Normal),Normal,2,0,55,98,0,0,645,1,0,5,1,0,0,0,0,0,0
135,Grim Batol (Normal),Normal,2,1,56,99,0,0,670,1,0,5,1,0,0,0,0,0,0
136,Hallen des Ursprungs (Normal),Normal,2,0,57,98,0,0,644,1,0,5,1,0,0,0,0,0,0
137,Der Steinerne Kern (Normal),Normal,2,0,58,98,0,0,725,1,0,5,1,0,0,0,0,0,0
138,Der Vortexgipfel (Normal),Normal,2,8,59,98,0,0,657,1,0,5,1,0,0,0,0,0,0
139,Verlorene Stadt der Tol'vir (Normal),Normal,2,0,60,98,0,0,755,1,0,5,1,0,0,0,0,0,0
140,Der Vortexgipfel (Heroisch),Heroisch,2,8,59,98,0,0,657,2,0,5,1,0,0,0,0,0,0
141,Der Steinerne Kern (Heroisch),Heroisch,2,0,58,98,0,0,725,2,0,5,1,0,0,0,0,0,0
142,Hallen des Ursprungs (Heroisch),Heroisch,2,0,57,98,0,0,644,2,0,5,1,0,0,0,0,0,0
143,Grim Batol (Heroisch),Heroisch,2,2,56,99,567,127178,670,2,0,5,1,0,0,0,0,0,0
144,Schwarzfelshöhlen (Heroisch),Heroisch,2,0,55,98,0,0,645,2,0,5,1,0,0,0,0,0,0
146,Thron der Gezeiten (Heroisch),Heroisch,2,0,54,98,0,0,643,2,0,5,1,0,0,0,0,0,0
147,Verlorene Stadt der Tol'vir (Heroisch),Heroisch,2,0,60,98,0,0,755,2,0,5,1,0,0,0,0,0,0
148,Todesminen (Heroisch),Heroisch,2,0,5,98,0,0,36,2,0,5,1,0,0,0,0,0,0
149,Burg Schattenfang (Heroisch),Heroisch,2,0,19,98,0,0,33,2,0,5,1,0,0,0,0,0,0
150,Zul'Gurub (Heroisch),Zul'Gurub,2,0,0,98,0,0,859,2,0,5,1,0,0,0,0,0,0
151,Zul'Aman (Heroisch),Zul'Aman,2,0,0,98,0,0,568,2,0,5,1,0,0,0,0,0,0
152,Endzeit (Heroisch),Endzeit,2,0,0,98,0,0,938,2,0,5,1,0,0,0,0,0,0
153,Brunnen der Ewigkeit (Heroisch),Brunnen der Ewigkeit,2,0,0,98,0,0,939,2,0,5,1,0,0,0,0,0,0
154,Stunde des Zwielichts (Heroisch),Die Stunde des Zwielichts,2,0,0,98,0,0,940,2,0,5,1,0,0,0,0,0,0
155,Tempel der Jadeschlange (Normal),Normal,2,0,61,98,0,0,960,1,0,5,1,0,0,0,0,0,0
156,Brauerei Sturmbräu (Normal),Normal,2,0,62,98,0,0,961,1,0,5,1,0,0,0,0,0,0
157,Shado-Pan-Kloster (Normal),Normal,2,0,63,98,0,0,959,1,0,5,1,0,0,0,0,0,0
158,Mogu'shanpalast (Normal),Normal,2,0,64,98,0,0,994,1,0,5,1,0,0,0,0,0,0
159,Belagerung des Niuzaotempels (Normal),Normal,2,0,65,98,0,0,1011,1,0,5,1,0,0,0,0,0,0
160,Tor der Untergehenden Sonne (Normal),Normal,2,0,66,98,0,0,962,1,0,5,1,0,0,0,0,0,0
163,Tempel der Jadeschlange (Heroisch),Heroisch,2,0,61,98,0,0,960,2,0,5,1,0,0,0,0,0,0
164,Brauerei Sturmbräu (Heroisch),Heroisch,2,0,62,98,0,0,961,2,0,5,1,0,0,0,0,0,0
165,Shado-Pan-Kloster (Heroisch),Heroisch,2,0,63,98,0,0,959,2,0,5,1,0,0,0,0,0,0
166,Mogu'shanpalast (Heroisch),Heroisch,2,0,64,98,0,0,994,2,0,5,1,0,0,0,0,0,0
167,Tor der Untergehenden Sonne (Heroisch),Heroisch,2,0,66,98,0,0,962,2,0,5,1,0,0,0,0,0,0
168,Scholomance (Heroisch),Heroisch,2,0,18,98,0,0,1007,1,0,5,1,0,0,0,0,0,0
169,Scharlachrotes Kloster (Heroisch),Heroisch,2,0,31,98,0,0,1004,2,0,5,1,0,0,0,0,0,0
170,Scharlachrote Hallen (Heroisch),Heroisch,2,0,30,98,0,0,1001,2,0,5,1,0,0,0,0,0,0
171,Belagerung des Niuzaotempels (Heroisch),Heroisch,2,0,65,98,0,0,1011,2,0,5,1,0,0,0,0,0,0
172,Frostfeuergrat,Frostfeuergrat,1,0,68,258,0,0,0,0,6720,0,4,0,0,0,0,0,0
173,Schattenmondtal (Draenor),Schattenmondtal,1,0,68,258,0,0,0,0,6719,0,4,0,0,0,0,0,0
174,Gorgrond,Gorgrond,1,0,68,258,0,0,0,0,6721,0,4,0,0,0,0,0,0
175,Talador,Talador,1,0,68,258,0,0,0,0,6662,0,4,0,0,0,0,0,0
176,Spitzen von Arak,Spitzen von Arak,1,0,68,258,0,0,0,0,6722,0,4,0,0,0,0,0,0
177,Nagrand (Draenor),Nagrand,1,0,68,258,0,0,0,0,6755,0,4,0,0,0,0,0,0
179,Blutschlägermine (Herausforderung),Herausforderung,2,4,6,99,0,5793,1175,8,0,5,1,0,0,0,0,0,0
180,Eisendocks (Mythischer Schlüsselstein),Mythisch+,2,4,7,195,0,97423,1195,8,0,5,1,0,0,0,0,0,169
181,Auchindoun (Herausforderung),Herausforderung,2,4,8,99,0,5793,1182,8,0,5,1,0,0,0,0,0,0
182,Himmelsnadel (Herausforderung),Herausforderung,2,4,9,99,0,5793,1209,8,0,5,1,0,0,0,0,0,0
183,Grimmgleisdepot (Mythischer Schlüsselstein),Mythisch+,2,4,10,227,0,97423,1208,8,0,5,1,0,0,0,0,0,166
184,Immergrüner Flor (Mythischer Schlüsselstein),Mythisch+,2,4,11,194,385,98030,1279,8,0,5,1,0,0,0,0,0,0
186,Obere Schwarzfelsspitze (Herausforderung),Herausforderung,2,4,13,99,0,5793,1358,8,0,5,1,0,0,0,0,0,0
187,Neu-Tüftlerstadt,Neu-Tüftlerstadt,1,0,2,258,0,0,0,0,6457,0,4,0,0,0,0,0,0
188,Eisklammtal,Eisklammtal,1,0,2,258,0,0,0,0,6176,0,4,0,0,0,0,0,0
189,Nordhain,Nordhain,1,0,2,258,0,0,0,0,6170,0,4,0,0,0,0,0,0
190,Gilneas,Gilneas,1,0,2,258,0,0,0,0,5435,0,4,0,0,0,0,0,0
191,Insel der Sonnenwanderer,Insel der Sonnenwanderer,1,0,2,258,0,0,0,0,6455,0,4,0,0,0,0,0,0
192,Todesend,Todesend,1,0,2,258,0,0,0,0,6454,0,4,0,0,0,0,0,0
193,Dun Morogh,Dun Morogh,1,0,2,258,0,0,0,0,1,0,4,0,0,0,0,0,0
194,Tirisfal,Tirisfal,1,0,2,258,0,0,0,0,85,0,4,0,0,0,0,0,0
195,Immersangwald,Immersangwald,1,0,2,258,0,0,0,0,3430,0,4,0,0,0,0,0,0
196,Wald von Elwynn,Wald von Elwynn,1,0,2,258,0,0,0,0,12,0,4,0,0,0,0,0,0
197,Gilneas,Gilneas,1,0,2,258,0,0,0,0,4714,0,4,0,0,0,0,0,0
198,Loch Modan,Loch Modan,1,0,2,258,0,0,0,0,38,0,4,0,0,0,0,0,0
199,Geisterlande,Geisterlande,1,0,2,258,0,0,0,0,3433,0,4,0,0,0,0,0,0
200,Silberwald,Silberwald,1,0,2,258,0,0,0,0,130,0,4,0,0,0,0,0,0
201,Ruinen von Gilneas,Ruinen von Gilneas,1,0,2,258,0,0,0,0,4706,0,4,0,0,0,0,0,0
202,Rotkammgebirge,Rotkammgebirge,1,0,2,258,0,0,0,0,44,0,4,0,0,0,0,0,0
203,Sumpfland,Sumpfland,1,0,2,258,0,0,0,0,11,0,4,0,0,0,0,0,0
204,Dämmerwald,Dämmerwald,1,0,2,258,0,0,0,0,10,0,4,0,0,0,0,0,0
205,Vorgebirge des Hügellands,Vorgebirge des Hügellands,1,0,2,258,0,0,0,0,267,0,4,0,0,0,0,0,0
206,Arathihochland,Arathihochland,1,0,2,258,0,0,0,0,45,0,4,0,0,0,0,0,0
207,Nördliches Schlingendorntal,Nördliches Schlingendorntal,1,0,2,258,0,0,0,0,33,0,4,0,0,0,0,0,0
208,Das Schlingendornkap,Das Schlingendornkap,1,0,2,258,0,0,0,0,5287,0,4,0,0,0,0,0,0
209,Hinterland,Hinterland,1,0,2,258,0,0,0,0,47,0,4,0,0,0,0,0,0
210,Schlingendorntal,Schlingendorntal,1,0,2,258,0,0,0,0,5339,0,4,0,0,0,0,0,0
211,Westliche Pestländer,Westliche Pestländer,1,0,2,258,0,0,0,0,28,0,4,0,0,0,0,0,0
212,Brennende Steppe,Brennende Steppe,1,0,2,258,0,0,0,0,46,0,4,0,0,0,0,0,0
213,Sengende Schlucht,Sengende Schlucht,1,0,2,258,0,0,0,0,51,0,4,0,0,0,0,0,0
214,Ödland,Ödland,1,0,2,258,0,0,0,0,3,0,4,0,0,0,0,0,0
215,Östliche Pestländer,Östliche Pestländer,1,0,2,258,0,0,0,0,139,0,4,0,0,0,0,0,0
217,Schattenhochland,Schattenhochland,1,0,2,258,0,0,0,0,4922,0,4,0,0,0,0,0,0
219,Vashj'ir,Vashj'ir,1,0,2,258,0,0,0,0,5146,0,4,0,0,0,0,0,0
221,Insel von Quel'Danas,Insel von Quel'Danas,1,0,2,258,0,0,0,0,4080,0,4,0,0,0,0,0,0
222,Verwüstete Lande,Verwüstete Lande,1,0,2,258,0,0,0,0,4,0,4,0,0,0,0,0,0
223,Pestländer: Die Scharlachrote Enklave,Die Scharlachrote Enklave,1,0,2,258,0,0,0,0,4298,0,4,0,0,0,0,0,0
224,Sümpfe des Elends,Sümpfe des Elends,1,0,2,258,0,0,0,0,8,0,4,0,0,0,0,0,0
225,Der Gebirgspass der Totenwinde,Der Gebirgspass der Totenwinde,1,0,2,258,0,0,0,0,41,0,4,0,0,0,0,0,0
226,Der Schwarzfels,Der Schwarzfels,1,0,2,258,0,0,0,0,1445,0,4,0,0,0,0,0,0
227,Laubschattental,Laubschattental,1,0,3,258,0,0,0,0,6450,0,4,0,0,0,0,0,0
228,Am'mental,Am'mental,1,0,3,258,0,0,0,0,6456,0,4,0,0,0,0,0,0
229,Tal der Prüfungen,Tal der Prüfungen,1,0,3,258,0,0,0,0,6451,0,4,0,0,0,0,0,0
230,Echoinseln,Echoinseln,1,0,3,258,0,0,0,0,6453,0,4,0,0,0,0,0,0
231,Camp Narache,Camp Narache,1,0,3,258,0,0,0,0,6452,0,4,0,0,0,0,0,0
232,Azurmythosinsel,Azurmythosinsel,1,0,3,258,0,0,0,0,3524,0,4,0,0,0,0,0,0
234,Mulgore,Mulgore,1,0,3,258,0,0,0,0,215,0,4,0,0,0,0,0,0
235,Durotar,Durotar,1,0,3,258,0,0,0,0,14,0,4,0,0,0,0,0,0
236,Dunkelküste,Dunkelküste,1,0,3,258,0,0,0,0,148,0,4,0,0,0,0,0,0
237,Blutmythosinsel,Blutmythosinsel,1,0,3,258,0,0,0,0,3525,0,4,0,0,0,0,0,0
238,Nördliches Brachland,Nördliches Brachland,1,0,3,258,0,0,0,0,17,0,4,0,0,0,0,0,0
239,Tanaris,Tanaris,1,0,3,258,0,0,0,0,440,0,4,0,0,0,0,0,0
240,Tausend Nadeln,Tausend Nadeln,1,0,3,258,0,0,0,0,400,0,4,0,0,0,0,0,0
241,Feralas,Feralas,1,0,3,258,0,0,0,0,357,0,4,0,0,0,0,0,0
242,Düstermarschen,Düstermarschen,1,0,3,258,0,0,0,0,6463,0,4,0,0,0,0,0,0
243,Desolace,Desolace,1,0,3,258,0,0,0,0,405,0,4,0,0,0,0,0,0
244,Südliches Brachland,Südliches Brachland,1,0,3,258,0,0,0,0,4709,0,4,0,0,0,0,0,0
245,Steinkrallengebirge,Steinkrallengebirge,1,0,3,258,0,0,0,0,406,0,4,0,0,0,0,0,0
246,Eschental,Eschental,1,0,3,258,0,0,0,0,331,0,4,0,0,0,0,0,0
247,Mondlichtung,Mondlichtung,1,0,3,258,0,0,0,0,493,0,4,0,0,0,0,0,0
248,Azshara,Azshara,1,0,3,258,0,0,0,0,16,0,4,0,0,0,0,0,0
249,Geschmolzene Front,Geschmolzene Front,1,0,3,258,0,0,0,0,5733,0,4,0,0,0,0,0,0
250,Uldum,Uldum,1,0,3,258,0,0,0,0,5034,0,4,0,0,0,0,0,0
251,Hyjal,Hyjal,1,0,3,258,0,0,0,0,616,0,4,0,0,0,0,0,0
252,Silithus,Silithus,1,0,3,258,0,0,0,0,1377,0,4,0,0,0,0,0,0
253,Winterquell,Winterquell,1,0,3,258,0,0,0,0,618,0,4,0,0,0,0,0,0
254,Krater von Un'Goro,Krater von Un'Goro,1,0,3,258,0,0,0,0,490,0,4,0,0,0,0,0,0
255,Teufelswald,Teufelswald,1,0,3,258,0,0,0,0,361,0,4,0,0,0,0,0,0
256,Höllenfeuerhalbinsel,Höllenfeuerhalbinsel,1,0,69,258,0,0,0,0,3483,0,4,0,0,0,0,0,0
257,Zangarmarschen,Zangarmarschen,1,0,69,258,0,0,0,0,3521,0,4,0,0,0,0,0,0
258,Wälder von Terokkar,Wälder von Terokkar,1,0,69,258,0,0,0,0,3519,0,4,0,0,0,0,0,0
259,Nagrand,Nagrand,1,0,69,258,0,0,0,0,3518,0,4,0,0,0,0,0,0
260,Schergrat,Schergrat,1,0,69,258,0,0,0,0,3522,0,4,0,0,0,0,0,0
261,Nethersturm,Nethersturm,1,0,69,258,0,0,0,0,3523,0,4,0,0,0,0,0,0
262,Schattenmondtal,Schattenmondtal,1,0,69,258,0,0,0,0,3520,0,4,0,0,0,0,0,0
263,Boreanische Tundra,Boreanische Tundra,1,0,70,258,0,0,0,0,3537,0,4,0,0,0,0,0,0
264,Heulender Fjord,Heulender Fjord,1,0,70,258,0,0,0,0,495,0,4,0,0,0,0,0,0
265,Drachenöde,Drachenöde,1,0,70,258,0,0,0,0,65,0,4,0,0,0,0,0,0
266,Grizzlyhügel,Grizzlyhügel,1,0,70,258,0,0,0,0,394,0,4,0,0,0,0,0,0
267,Sholazarbecken,Sholazarbecken,1,0,70,258,0,0,0,0,3711,0,4,0,0,0,0,0,0
268,Zul'Drak,Zul'Drak,1,0,70,258,0,0,0,0,66,0,4,0,0,0,0,0,0
269,Eiskrone,Eiskrone,1,0,70,258,0,0,0,0,210,0,4,0,0,0,0,0,0
270,Die Sturmgipfel,Die Sturmgipfel,1,0,70,258,0,0,0,0,67,0,4,0,0,0,0,0,0
271,Hrothgars Landestelle,Hrothgars Landestelle,1,0,70,258,0,0,0,0,4742,0,4,0,0,0,0,0,0
272,Kristallsangwald,Kristallsangwald,1,0,70,258,0,0,0,0,2817,0,4,0,0,0,0,0,0
273,Tausendwinter,Tausendwinter,1,0,70,258,0,0,0,0,4197,0,4,0,0,0,0,0,0
274,Tol Barad,Tol Barad,1,0,2,258,0,0,0,0,5095,0,4,0,0,0,0,0,0
275,Halbinsel von Tol Barad,Halbinsel von Tol Barad,1,0,2,258,0,0,0,0,5389,0,4,0,0,0,0,0,0
276,Tiefenheim,Tiefenheim,1,0,3,258,0,0,0,0,5042,0,4,0,0,0,0,0,0
277,Dunkelmond-Insel,Dunkelmond-Insel,1,0,2,258,0,0,0,0,5861,0,4,0,0,0,0,0,0
278,Kezan,Kezan,1,0,3,258,0,0,0,0,4737,0,4,0,0,0,0,0,0
279,Die Verlorenen Inseln,Die Verlorenen Inseln,1,0,3,258,0,0,0,0,4707,0,4,0,0,0,0,0,0
280,Die Wandernde Insel,Die Wandernde Insel,1,0,71,258,0,0,0,0,5736,0,4,0,0,0,0,0,0
281,Der Jadewald,Der Jadewald,1,0,71,258,0,0,0,0,5785,0,4,0,0,0,0,0,0
282,Krasarangwildnis,Krasarangwildnis,1,0,71,258,0,0,0,0,6134,0,4,0,0,0,0,0,0
283,Kun-Lai-Gipfel,Kun-Lai-Gipfel,1,0,71,258,0,0,0,0,5841,0,4,0,0,0,0,0,0
284,Das Tal der Vier Winde,Das Tal der Vier Winde,1,0,71,258,0,0,0,0,5805,0,4,0,0,0,0,0,0
285,Die Verhüllte Treppe,Die Verhüllte Treppe,1,0,71,258,0,0,0,0,6006,0,4,0,0,0,0,0,0
286,Tonlongsteppe,Tonlongsteppe,1,0,71,258,0,0,0,0,5842,0,4,0,0,0,0,0,0
287,Schreckensöde,Schreckensöde,1,0,71,258,0,0,0,0,6138,0,4,0,0,0,0,0,0
288,Insel der Riesen,Insel der Riesen,1,0,71,258,0,0,0,0,6661,0,4,0,0,0,0,0,0
289,Tal der Ewigen Blüten,Tal der Ewigen Blüten,1,0,71,258,0,0,0,0,5840,0,4,0,0,0,0,0,0
290,Insel des Donners,Insel des Donners,1,0,71,258,0,0,0,0,6507,0,4,0,0,0,0,0,0
291,Zeitlose Insel,Zeitlose Insel,1,0,71,258,0,0,0,0,6757,0,4,0,0,0,0,0,0
293,Pechschwingenhort,Pechschwingenhort,3,0,0,34,0,0,469,9,0,40,0,0,0,0,0,0,0
294,Ruinen von Ahn'Qiraj,Ruinen von Ahn'Qiraj,3,0,0,34,0,0,509,3,0,10,0,0,0,0,0,0,0
295,Tempel von Ahn'Qiraj,Tempel von Ahn'Qiraj,3,0,0,34,0,0,531,9,0,40,0,0,0,0,0,0,0
296,Gruuls Unterschlupf,Gruuls Unterschlupf,3,0,0,34,0,0,565,4,0,25,0,0,0,0,0,0,0
297,Magtheridons Kammer,Magtheridons Kammer,3,0,0,34,0,0,544,4,0,25,0,0,0,0,0,0,0
298,Höhle des Schlangenschreins,Höhle des Schlangenschreins,3,0,0,34,0,0,548,4,0,25,0,0,0,0,0,0,0
299,Festung der Stürme,Festung der Stürme,3,0,0,34,0,0,550,4,0,25,0,0,0,0,0,0,0
300,Der Schwarze Tempel,Der Schwarze Tempel,3,0,0,34,0,0,564,14,0,30,0,0,0,0,0,0,0
301,Der Sonnenbrunnen,Der Sonnenbrunnen,3,0,0,34,0,0,580,4,0,25,0,0,0,0,0,0,0
303,Ulduar,Ulduar,3,0,0,35,0,0,603,14,0,30,0,0,0,0,0,0,0
304,Prüfung des Kreuzfahrers (10 Spieler Normal),10 Normal,3,0,73,35,0,0,649,3,0,10,0,0,0,0,0,0,0
305,Prüfung des Kreuzfahrers (10 Spieler Heroisch),10 Heroisch,3,0,73,35,0,0,649,5,0,10,0,0,0,0,0,0,0
306,Prüfung des Kreuzfahrers (25 Spieler Normal),25 Normal,3,0,73,35,0,0,649,4,0,25,0,0,0,0,0,0,0
307,Prüfung des Kreuzfahrers (25 Spieler Heroisch),25 Heroisch,3,0,73,35,0,0,649,6,0,25,0,0,0,0,0,0,0
308,Das Rubinsanktum (10 Spieler Normal),10 Normal,3,0,74,35,0,0,724,3,0,10,0,0,0,0,0,0,0
309,Das Rubinsanktum (10 Spieler Heroisch),10 Heroisch,3,0,74,35,0,0,724,5,0,10,0,0,0,0,0,0,0
310,Das Rubinsanktum (25 Spieler Normal),25 Normal,3,0,74,35,0,0,724,4,0,25,0,0,0,0,0,0,0
311,Das Rubinsanktum (25 Spieler Heroisch),25 Heroisch,3,0,74,35,0,0,724,6,0,25,0,0,0,0,0,0,0
313,Pechschwingenabstieg (10 Spieler Normal),10 Normal,3,0,75,35,0,0,669,3,0,10,0,0,0,0,0,0,0
316,Pechschwingenabstieg (25 Spieler Normal),25 Normal,3,0,75,35,0,0,669,4,0,25,0,0,0,0,0,0,0
317,Pechschwingenabstieg (10 Spieler Heroisch),10 Heroisch,3,0,75,35,0,0,669,5,0,10,0,0,0,0,0,0,0
318,Pechschwingenabstieg (25 Spieler Heroisch),25 Heroisch,3,0,75,35,0,0,669,6,0,25,0,0,0,0,0,0,0
319,Die Bastion des Zwielichts (10 Spieler Normal),10 Normal,3,0,76,35,0,0,671,3,0,10,0,0,0,0,0,0,0
320,Die Bastion des Zwielichts (10 Spieler Heroisch),10 Heroisch,3,0,76,35,0,0,671,5,0,10,0,0,0,0,0,0,0
321,Die Bastion des Zwielichts (25 Spieler Heroisch),25 Heroisch,3,0,76,35,0,0,671,6,0,25,0,0,0,0,0,0,0
322,Die Bastion des Zwielichts (25 Spieler Normal),25 Normal,3,0,76,35,0,0,671,4,0,25,0,0,0,0,0,0,0
323,Thron der Vier Winde (10 Spieler Normal),10 Normal,3,0,77,35,0,0,754,3,0,10,0,0,0,0,0,0,0
324,Thron der Vier Winde (10 Spieler Heroisch),10 Heroisch,3,0,77,35,0,0,754,5,0,10,0,0,0,0,0,0,0
325,Thron der Vier Winde (25 Spieler Heroisch),25 Heroisch,3,0,77,35,0,0,754,6,0,25,0,0,0,0,0,0,0
326,Thron der Vier Winde (25 Spieler Normal),25 Normal,3,0,77,35,0,0,754,4,0,25,0,0,0,0,0,0,0
331,Drachenseele (10 Spieler Normal),10 Normal,3,0,79,35,0,0,967,3,0,10,0,0,0,0,0,0,0
332,Drachenseele (10 Spieler Heroisch),10 Heroisch,3,0,79,35,0,0,967,5,0,10,0,0,0,0,0,0,0
333,Drachenseele (25 Spieler Heroisch),25 Heroisch,3,0,79,35,0,0,967,6,0,25,0,0,0,0,0,0,0
334,Drachenseele (25 Spieler Normal),25 Normal,3,0,79,35,0,0,967,4,0,25,0,0,0,0,0,0,0
335,Mogu'shangewölbe (10 Spieler Normal),10 Normal,3,0,80,35,0,0,1008,3,0,10,0,0,0,0,0,0,0
336,Mogu'shangewölbe (10 Spieler Heroisch),10 Heroisch,3,0,80,35,0,0,1008,5,0,10,0,0,0,0,0,0,0
337,Mogu'shangewölbe (25 Spieler Normal),25 Normal,3,0,80,35,0,0,1008,4,0,25,0,0,0,0,0,0,0
338,Mogu'shangewölbe (25 Spieler Heroisch),25 Heroisch,3,0,80,35,0,0,1008,6,0,25,0,0,0,0,0,0,0
339,Herz der Angst (10 Spieler Normal),10 Normal,3,0,81,35,0,0,1009,3,0,10,0,0,0,0,0,0,0
340,Herz der Angst (10 Spieler Heroisch),10 Heroisch,3,0,81,35,0,0,1009,5,0,10,0,0,0,0,0,0,0
341,Herz der Angst (25 Spieler Normal),25 Normal,3,0,81,35,0,0,1009,4,0,25,0,0,0,0,0,0,0
342,Herz der Angst (25 Spieler Heroisch),25 Heroisch,3,0,81,35,0,0,1009,6,0,25,0,0,0,0,0,0,0
343,Terrasse des Endlosen Frühlings (10 Spieler Normal),10 Normal,3,0,82,35,0,0,996,3,0,10,0,0,0,0,0,0,0
344,Terrasse des Endlosen Frühlings (10 Spieler Heroisch),10 Heroisch,3,0,82,35,0,0,996,5,0,10,0,0,0,0,0,0,0
345,Terrasse des Endlosen Frühlings (25 Spieler Normal),25 Normal,3,0,82,35,0,0,996,4,0,25,0,0,0,0,0,0,0
346,Terrasse des Endlosen Frühlings (25 Spieler Heroisch),25 Heroisch,3,0,82,35,0,0,996,6,0,25,0,0,0,0,0,0,0
347,Thron des Donners (10 Spieler Normal),10 Normal,3,1,83,35,0,0,1098,3,0,10,0,0,0,0,0,0,0
348,Thron des Donners (10 Spieler Heroisch),10 Heroisch,3,3,83,35,0,0,1098,5,0,10,0,0,0,0,0,0,0
349,Thron des Donners (25 Spieler Heroisch),25 Heroisch,3,4,83,35,0,0,1098,6,0,25,0,0,0,0,0,0,0
350,Thron des Donners (25 Spieler Normal),25 Normal,3,2,83,35,0,0,1098,4,0,25,0,0,0,0,0,0,0
351,Schlachtfelder,Schlachtfelder,8,0,0,36,0,86428,0,0,0,5,1,0,0,0,0,0,0
352,Schlachtfelder,Schlachtfelder,8,0,0,36,0,86427,0,0,0,5,1,0,0,0,0,0,0
353,Schlachtfelder,Schlachtfelder,8,0,0,36,0,86426,0,0,0,5,1,0,0,0,0,0,0
354,Schlachtfelder,Schlachtfelder,8,0,0,36,0,86425,0,0,0,5,1,0,0,0,0,0,0
355,Schlachtfelder,Schlachtfelder,8,0,0,36,0,86430,0,0,0,5,1,0,0,0,0,0,0
356,Schlachtfelder,Schlachtfelder,8,0,0,36,0,86431,0,0,0,5,1,0,0,0,0,0,0
360,Arenageplänkel (3vs3),3vs3,7,0,0,36,0,86427,0,0,0,3,2,0,0,0,0,0,0
363,Zufälliger normaler Dungeon (Pandaria),Normal,2,0,84,98,0,21439,870,1,0,5,1,0,0,0,0,0,0
364,Zufälliger heroischer Dungeon (Pandaria),Heroisch,2,0,84,98,0,21439,870,2,0,5,1,0,0,0,0,0,0
389,Arenageplänkel (2vs2),2vs2,7,0,0,36,0,86426,0,0,0,2,2,0,0,0,0,0,0
390,Arenageplänkel (3vs3),3vs3,7,0,0,36,0,86426,0,0,0,3,2,0,0,0,0,0,0
391,Arenageplänkel (2vs2),2vs2,7,0,0,36,0,86428,0,0,0,2,2,0,0,0,0,0,0
392,Arenageplänkel (3vs3),3vs3,7,0,0,36,0,86428,0,0,0,3,2,0,0,0,0,0,0
393,Arenageplänkel (2vs2),2vs2,7,0,0,36,0,86429,0,0,0,2,2,0,0,0,0,0,0
394,Arenageplänkel (3vs3),3vs3,7,0,0,36,0,86429,0,0,0,3,2,0,0,0,0,0,0
395,Zufälliger normaler Dungeon (Warlords),Normal,2,0,109,98,0,21439,1116,1,0,5,1,0,0,0,0,0,0
396,Zufälliger heroischer Dungeon (Warlords),Heroisch,2,0,109,98,0,21439,1116,2,0,5,1,0,0,0,0,0,0
397,Weltbosse (Pandaria),Weltbosse,3,0,0,803,0,21439,870,0,0,40,0,0,0,0,0,0,0
398,Weltbosse (Draenor),Weltbosse,3,0,0,803,0,21439,1116,0,0,40,0,0,0,0,0,0,0
399,Hochfels (Mythisch),Mythisch,3,0,14,35,0,27292,1228,16,0,20,0,0,0,0,0,0,0
400,Schwarzfelsgießerei (Mythisch),Mythisch,3,0,15,35,0,27810,1205,16,0,20,0,0,0,0,0,0,0
401,Blutschlägermine (mythisch),Mythisch,2,3,6,99,0,138166,1175,23,0,5,1,0,0,0,0,0,0
402,Eisendocks (Mythisch),Mythisch,2,3,7,99,50,87337,1195,23,0,5,1,0,0,0,0,0,0
403,Auchindoun (mythisch),Mythisch,2,3,8,99,0,0,1182,23,0,5,1,0,0,0,0,0,0
404,Himmelsnadel (mythisch),Mythisch,2,3,9,99,0,0,1209,23,0,5,1,0,0,0,0,0,0
405,Grimmgleisdepot (mythisch),Mythisch,2,3,10,99,0,87337,1208,23,0,5,1,0,0,0,0,0,0
406,Der Immergrüne Flor (mythisch),Mythisch,2,3,11,99,0,0,1279,23,0,5,1,0,0,0,0,0,0
407,Schattenmondgrabstätte (mythisch),Mythisch,2,3,12,99,0,0,1176,23,0,5,1,0,0,0,0,0,0
408,Obere Schwarzfelsspitze (mythisch),Mythisch,2,3,13,99,0,0,1358,23,0,5,1,0,0,0,0,0,0
409,Höllenfeuerzitadelle (Normal),Normal,3,0,110,35,0,33719,1448,14,0,30,0,0,0,0,0,0,0
410,Höllenfeuerzitadelle (Heroisch),Heroisch,3,0,110,35,0,33720,1448,15,0,30,0,0,0,0,0,0,0
411,Tanaandschungel,Tanaandschungel,1,0,68,258,0,0,0,0,6723,0,4,0,0,0,0,0,0
412,Höllenfeuerzitadelle (Mythisch),Mythisch,3,0,110,35,0,33721,1448,16,0,20,0,0,0,0,0,0,0
413,Der Smaragdgrüne Alptraum (Normal),Normal,3,0,122,35,50,38619,1520,14,0,30,0,0,0,0,0,0,0
414,Der Smaragdgrüne Alptraum (Heroisch),Heroisch,3,1,122,35,50,38620,1520,15,0,30,0,0,0,0,0,0,0
415,Die Nachtfestung (Normal),Normal,3,1,123,35,50,38631,1530,14,0,30,0,0,0,0,0,0,0
416,Die Nachtfestung (Heroisch),Heroisch,3,2,123,35,50,38632,1530,15,0,30,0,0,0,0,0,0,0
417,Zufälliger normaler Dungeon (Legion),Normal,2,0,111,98,0,21439,1220,1,0,5,1,0,0,0,0,0,0
418,Zufälliger heroischer Dungeon (Legion),Heroisch,2,2,111,98,50,21439,1220,2,0,5,1,0,0,0,0,0,0
419,Azsuna,Azsuna,1,0,124,258,0,0,0,0,7334,0,4,0,0,0,0,0,0
420,Val'sharah,Val'sharah,1,0,124,258,0,0,0,0,7558,0,4,0,0,0,0,0,0
421,Der Hochberg,Der Hochberg,1,0,124,258,0,0,0,0,7503,0,4,0,0,0,0,0,0
422,Sturmheim,Sturmheim,1,0,124,258,0,0,0,0,7541,0,4,0,0,0,0,0,0
423,Suramar,Suramar,1,0,124,258,0,0,0,0,7637,0,4,0,0,0,0,0,0
425,Das Auge Azsharas (Normal),Normal,2,1,112,99,0,0,1456,1,0,5,1,0,0,0,0,0,0
426,Das Finsterherzdickicht (Normal),Normal,2,2,113,99,0,0,1466,1,0,5,1,0,0,0,0,0,0
427,Die Hallen der Tapferkeit (Normal),Normal,2,4,114,99,0,0,1477,1,0,5,1,0,0,0,0,0,0
428,Neltharions Hort (Normal),Normal,2,3,115,99,0,0,1458,1,0,5,1,0,0,0,0,0,0
429,Sturm auf die Violette Festung (Normal),Normal,2,5,116,99,0,0,1544,1,0,5,1,0,0,0,0,0,0
430,Die Rabenwehr (Normal),Normal,2,7,118,99,0,0,1501,1,0,5,1,0,0,0,0,0,0
431,Das Verlies der Wächterinnen (Normal),Normal,2,6,117,99,0,0,1493,1,0,5,1,0,0,0,0,0,0
432,Der Seelenschlund (Normal),Normal,2,8,119,99,0,0,1492,1,0,5,1,0,0,0,0,0,0
433,Der Hof der Sterne (Normal),Normal,2,9,120,99,0,21439,1571,1,0,5,1,0,0,0,0,0,0
434,Der Arkus (Normal),Normal,2,10,121,99,0,21439,1516,1,0,5,1,0,0,0,0,0,0
435,Das Auge Azsharas (Heroisch),Heroisch,2,1,112,99,50,87337,1456,2,0,5,1,0,0,0,0,0,0
436,Das Finsterherzdickicht (Heroisch),Heroisch,2,2,113,99,50,87337,1466,2,0,5,1,0,0,0,0,0,0
437,Die Hallen der Tapferkeit (Heroisch),Heroisch,2,4,114,99,50,0,1477,2,0,5,1,0,0,0,0,0,0
438,Neltharions Hort (Heroisch),Heroisch,2,3,115,99,0,87337,1458,2,0,5,1,0,0,0,0,0,0
439,Sturm auf die Violette Festung (Heroisch),Heroisch,2,5,116,99,50,0,1544,2,0,5,1,0,0,0,0,0,0
440,Die Rabenwehr (Heroisch),Heroisch,2,7,118,99,50,87337,1501,2,0,5,1,0,0,0,0,0,0
441,Das Verlies der Wächterinnen (Heroisch),Heroisch,2,6,117,99,50,87337,1493,2,0,5,1,0,0,0,0,0,0
442,Der Seelenschlund (Heroisch),Heroisch,2,8,119,99,50,0,1492,2,0,5,1,0,0,0,0,0,0
443,Der Hof der Sterne (Heroisch),Heroisch,2,9,120,99,50,87337,1571,2,0,5,1,0,0,0,0,0,0
444,Der Arkus (Heroisch),Heroisch,2,10,121,99,50,0,1516,2,0,5,1,0,0,0,0,0,0
445,Das Auge Azsharas (Mythisch),Mythisch,2,1,112,99,50,0,1456,23,0,5,1,0,0,0,0,0,0
446,Das Finsterherzdickicht (Mythisch),Mythisch,2,2,113,99,50,0,1466,23,0,5,1,0,0,0,0,0,0
447,Die Hallen der Tapferkeit (Mythisch),Mythisch,2,4,114,99,50,0,1477,23,0,5,1,0,0,0,0,0,0
448,Neltharions Hort (Mythisch),Mythisch,2,3,115,99,0,0,1458,23,0,5,1,0,0,0,0,0,0
449,Sturm auf die Violette Festung (Mythisch),Mythisch,2,5,116,99,50,0,1544,23,0,5,1,0,0,0,0,0,0
450,Die Rabenwehr (Mythisch),Mythisch,2,7,118,99,50,0,1501,23,0,5,1,0,0,0,0,0,0
451,Das Verlies der Wächterinnen (Mythisch),Mythisch,2,6,117,99,50,0,1493,23,0,5,1,0,0,0,0,0,0
452,Der Seelenschlund (Mythisch),Mythisch,2,8,119,99,50,0,1492,23,0,5,1,0,0,0,0,0,0
453,Der Hof der Sterne (Mythisch),Mythisch,2,9,120,99,50,0,1571,23,0,5,1,0,0,0,0,0,0
454,Der Arkus (Mythisch),Mythisch,2,10,121,99,50,0,1516,23,0,5,1,0,0,0,0,0,0
455,Rückkehr nach Karazhan (Mythisch),Mythisch,2,11,125,99,50,0,1651,23,0,5,1,0,0,0,0,0,0
456,Prüfung der Tapferkeit (Normal),Normal,3,3,126,35,50,0,1648,14,0,30,0,0,0,0,0,0,0
457,Prüfung der Tapferkeit (Heroisch),Heroisch,3,4,126,35,50,0,1648,15,0,30,0,0,0,0,0,0,0
458,Weltbosse (Legion),Weltbosse,3,0,0,803,0,21439,1220,0,0,40,0,0,0,0,0,0,0
459,Das Auge Azsharas (Mythischer Schlüsselstein),Mythisch+,2,4,112,194,50,98021,1456,8,0,5,1,0,0,0,0,0,0
460,Das Finsterherzdickicht (Mythischer Schlüsselstein),Mythisch+,2,2,113,194,50,98020,1466,8,0,5,1,0,0,0,0,0,0
461,Die Hallen der Tapferkeit (Mythischer Schlüsselstein),Mythisch+,2,0,114,194,0,98014,1477,8,0,5,1,0,0,0,0,0,0
462,Neltharions Hort (Mythischer Schlüsselstein),Mythisch+,2,7,115,194,385,98022,1458,8,0,5,1,0,0,0,0,0,0
463,Die Rabenwehr (Mythischer Schlüsselstein),Mythisch+,2,9,118,194,50,98018,1501,8,0,5,1,0,0,0,0,0,0
464,Das Verlies der Wächterinnen (Mythischer Schlüsselstein),Mythisch+,2,6,117,194,50,98023,1493,8,0,5,1,0,0,0,0,0,0
465,Der Seelenschlund (Mythischer Schlüsselstein),Mythisch+,2,8,119,194,50,98015,1492,8,0,5,1,0,0,0,0,0,0
466,Der Hof der Sterne (Mythischer Schlüsselstein),Mythisch+,2,0,120,194,359,98019,1571,8,0,5,1,0,0,0,0,0,0
467,Der Arkus (Mythischer Schlüsselstein),Mythisch+,2,10,121,194,50,98013,1516,8,0,5,1,0,0,0,0,0,0
468,Der Smaragdgrüne Alptraum (Mythisch),Mythisch,3,2,122,35,50,38620,1520,16,0,20,0,0,0,0,0,0,0
469,Die Verheerte Küste,Die Verheerte Küste,1,0,124,258,0,0,0,0,7543,0,4,0,0,0,0,0,0
470,Unteres Karazhan (Heroisch),Heroisch,2,11,127,99,50,87337,1651,2,0,5,1,0,0,0,0,0,0
471,Unteres Karazhan (Mythischer Schlüsselstein),Mythisch+,2,11,127,194,50,98024,1651,8,0,5,1,0,0,0,0,0,227
472,Oberes Karazhan (Heroisch),Heroisch,2,12,128,99,50,87337,1651,2,0,5,1,0,0,0,0,0,0
473,Oberes Karazhan (Mythischer Schlüsselstein),Mythisch+,2,12,128,194,50,98025,1651,8,0,5,1,0,0,0,0,0,234
474,Kathedrale der Ewigen Nacht (Heroisch),Heroisch,2,13,129,99,50,0,1677,2,0,5,1,0,0,0,0,0,0
475,Kathedrale der Ewigen Nacht (Mythisch),Mythisch,2,13,129,99,50,0,1677,23,0,5,1,0,0,0,0,0,0
476,Kathedrale der Ewigen Nacht (Mythischer Schlüsselstein),Mythisch+,2,13,129,194,50,98016,1677,8,0,5,1,0,0,0,0,0,0
478,Grabmal des Sargeras (Heroisch),Heroisch,3,8,131,35,50,48504,1676,15,0,30,0,0,0,0,0,0,0
479,Grabmal des Sargeras (Normal),Normal,3,7,131,35,50,48503,1676,14,0,30,0,0,0,0,0,0,0
480,Prüfung der Tapferkeit (Mythisch),Mythisch,3,3,126,35,50,47235,1648,16,0,20,0,0,0,0,0,0,0
481,Die Nachtfestung (Mythisch),Mythisch,3,3,123,35,50,38632,1530,16,0,20,0,0,0,0,0,0,0
482,"Antorus, der Brennende Thron (Normal)",Normal,3,9,132,35,50,51653,1712,14,0,30,0,0,0,0,0,0,0
483,"Antorus, der Brennende Thron (Heroisch)",Heroisch,3,10,132,35,50,51656,1712,15,0,30,0,0,0,0,0,0,0
484,Sitz des Triumvirats (Heroisch),Heroisch,2,14,133,99,50,51664,1753,2,0,5,1,0,0,0,0,0,0
485,Sitz des Triumvirats (Mythisch),Mythisch,2,14,133,99,50,51664,1753,23,0,5,1,0,0,0,0,0,0
486,Sitz des Triumvirats (Mythischer Schlüsselstein),Mythisch+,2,14,133,194,50,98017,1753,8,0,5,1,0,0,0,0,0,0
487,Krokuun,Krokuun,1,0,134,258,0,0,0,0,8574,0,4,0,0,0,0,0,0
488,Die Antorische Ödnis,Die Antorische Ödnis,1,0,134,258,0,0,0,0,8899,0,4,0,0,0,0,0,0
489,Eredath,Eredath,1,0,134,258,0,0,0,0,8701,0,4,0,0,0,0,0,0
490,Arenageplänkel (3vs3),3vs3,7,0,0,36,0,86425,0,0,0,3,2,0,0,0,0,0,0
491,Arenageplänkel (2vs2),2vs2,7,0,0,36,0,86425,0,0,0,2,2,0,0,0,0,0,0
492,Grabmal des Sargeras (Mythisch),Mythisch,3,9,131,35,50,48505,1676,16,0,20,0,0,0,0,0,0,0
493,"Antorus, der Brennende Thron (Mythisch)",Mythisch,3,11,132,35,52,51656,1712,16,0,20,0,0,0,0,0,0,0
494,Uldir (Normal),Normal,3,1,135,35,60,56193,1861,14,0,30,0,0,0,0,0,0,0
495,Uldir (Heroisch),Heroisch,3,2,135,35,60,56194,1861,15,0,30,0,0,0,0,0,0,0
496,Uldir (Mythisch),Mythisch,3,3,135,35,60,56195,1861,16,0,30,0,0,0,0,0,0,0
497,Zufälliger normaler Dungeon (Battle for Azeroth),Normal,2,0,136,98,0,21439,1642,1,0,5,1,0,0,0,0,0,0
498,Zufälliger heroischer Dungeon (Battle for Azeroth),Heroisch,2,2,136,98,58,21439,1642,2,0,5,1,0,0,0,0,0,0
499,Atal'Dazar (Mythisch),Mythisch,2,3,137,99,60,0,1763,23,0,5,1,0,0,0,0,0,0
500,Atal'Dazar (Heroisch),Heroisch,2,2,137,99,60,0,1763,2,0,5,1,0,0,0,0,0,0
501,Atal'Dazar (Normal),Normal,2,1,137,99,0,63909,1763,1,0,5,1,0,0,0,0,485,0
502,Atal'Dazar (Mythischer Schlüsselstein),Mythisch+,2,4,137,194,222,98001,1763,8,0,5,1,0,0,0,0,0,0
503,Tempel von Sethraliss (Normal),Normal,2,1,139,99,0,63909,1877,1,0,5,1,0,0,0,0,0,0
504,Tempel von Sethraliss (Mythischer Schlüsselstein),Mythisch+,2,4,139,194,60,98004,1877,8,0,5,1,0,0,0,0,0,0
505,Tempel von Sethraliss (Heroisch),Heroisch,2,2,139,99,60,0,1877,2,0,5,1,0,0,0,0,0,0
506,Der Tiefenpfuhl (Normal),Normal,2,1,138,99,0,63909,1841,1,0,5,1,0,0,0,0,0,0
507,Der Tiefenpfuhl (Mythischer Schlüsselstein),Mythisch+,2,4,138,194,385,98003,1841,8,0,5,1,0,0,0,0,0,0
508,Der Tiefenpfuhl (Heroisch),Heroisch,2,2,138,99,60,0,1841,2,0,5,1,0,0,0,0,0,0
509,DAS RIESENFLÖZ (Normal),Normal,2,1,140,99,0,63909,1594,1,0,5,1,0,0,0,0,0,0
510,DAS RIESENFLÖZ (Mythischer Schlüsselstein),Mythisch+,2,4,140,194,629,98010,1594,8,0,5,1,0,0,0,0,0,247
511,DAS RIESENFLÖZ (Heroisch),Heroisch,2,2,140,99,616,129384,1594,2,0,5,1,0,0,0,0,0,0
512,Königsruh (Normal),Normal,2,1,141,99,0,21439,1762,1,0,5,1,0,0,0,0,0,0
513,Königsruh (Mythisch),Mythisch,2,3,141,99,60,65320,1762,23,0,5,1,0,0,0,0,0,0
514,Königsruh (Mythischer Schlüsselstein),Mythisch+,2,4,141,194,60,65320,1762,8,0,5,1,0,0,0,0,0,0
515,Königsruh (Heroisch),Heroisch,2,1,141,99,60,0,1762,2,0,5,1,0,0,0,0,0,0
516,Freihafen (Normal),Normal,2,1,142,99,0,63909,1754,1,0,5,1,0,0,0,0,0,0
517,Freihafen (Mythisch),Mythisch,2,3,142,99,0,0,1754,23,0,5,1,0,0,0,0,0,0
518,Freihafen (Mythischer Schlüsselstein),Mythisch+,2,5,142,194,385,98002,1754,8,0,5,1,0,0,0,0,0,0
519,Freihafen (Heroisch),Heroisch,2,2,142,99,0,0,1754,2,0,5,1,0,0,0,0,0,0
520,Schrein des Sturms (Normal),Normal,2,1,143,99,0,63909,1864,1,0,5,1,0,0,0,0,0,0
521,Schrein des Sturms (Mythisch),Mythisch,2,3,143,99,60,0,1864,23,0,5,1,0,0,0,0,0,0
522,Schrein des Sturms (Mythischer Schlüsselstein),Mythisch+,2,5,143,194,60,98006,1864,8,0,5,1,0,0,0,0,0,0
523,Schrein des Sturms (Heroisch),Heroisch,2,2,143,99,60,0,1864,2,0,5,1,0,0,0,0,0,0
524,Tol Dagor (Normal),Normal,2,1,144,99,57,63909,1771,1,0,5,1,0,0,0,0,0,0
525,Tol Dagor (Mythisch),Mythisch,2,3,144,99,60,0,1771,23,0,5,1,0,0,0,0,0,0
526,Tol Dagor (Mythischer Schlüsselstein),Mythisch+,2,4,144,194,60,98008,1771,8,0,5,1,0,0,0,0,0,0
527,Tol Dagor (Heroisch),Heroisch,2,2,144,99,60,0,1771,2,0,5,1,0,0,0,0,0,0
528,Kronsteiganwesen (Normal),Normal,2,1,145,99,0,63909,1862,1,0,5,1,0,0,0,0,0,0
529,Kronsteiganwesen (Mythisch),Mythisch,2,3,145,99,60,0,1862,23,0,5,1,0,0,0,0,0,0
530,Kronsteiganwesen (Mythischer Schlüsselstein),Mythisch+,2,4,145,194,60,98005,1862,8,0,5,1,0,0,0,0,0,0
531,Kronsteiganwesen (Heroisch),Heroisch,2,2,145,99,60,0,1862,2,0,5,1,0,0,0,0,0,0
532,Belagerung von Boralus (Normal),Normal,2,1,146,611,0,21439,1822,1,0,5,1,0,0,0,0,0,0
533,Belagerung von Boralus (Mythisch),Mythisch,2,3,146,194,60,5793,1822,23,0,5,1,0,0,0,0,0,0
534,Belagerung von Boralus (Mythischer Schlüsselstein),Mythisch+,2,4,146,194,0,98007,1822,8,0,5,1,0,0,0,0,0,0
535,Belagerung von Boralus (Heroisch),Heroisch,2,1,146,194,567,127178,1822,2,0,5,1,0,0,0,0,0,0
536,Kronsteiganwesen (Normal),Normal,2,1,145,99,57,63909,1862,1,0,5,1,0,0,0,0,0,0
537,Tol Dagor (Normal),Normal,2,1,144,99,0,0,1771,1,0,5,1,0,0,0,0,0,0
538,Schrein des Sturms (Normal),Normal,2,1,143,99,57,0,1864,1,0,5,1,0,0,0,0,0,0
539,Freihafen (Normal),Normal,2,1,142,99,0,0,1754,1,0,5,1,0,0,0,0,0,0
540,DAS RIESENFLÖZ (Normal),Normal,2,1,140,99,57,0,1594,1,0,5,1,0,0,0,0,0,0
541,Der Tiefenpfuhl (Normal),Normal,2,1,138,99,57,0,1841,1,0,5,1,0,0,0,0,0,0
542,Tempel von Sethraliss (Normal),Normal,2,1,139,99,57,0,1877,1,0,5,1,0,0,0,0,0,0
543,Atal'Dazar (Normal),Normal,2,1,137,99,57,0,1763,1,0,5,1,0,0,0,0,1224,0
644,Der Tiefenpfuhl (Mythisch),Mythisch,2,3,138,99,60,98003,1841,23,0,5,1,0,0,0,0,0,0
645,Tempel von Sethraliss (Mythisch),Mythisch,2,3,139,195,60,0,1877,23,0,5,1,0,0,0,0,0,0
646,DAS RIESENFLÖZ (Mythisch),Mythisch,2,3,140,67,629,83604,1594,23,0,5,1,0,0,0,0,0,0
647,Tiragardesund,Tiragardesund,1,0,247,258,0,0,0,0,8567,0,4,0,0,0,0,0,0
648,Drustvar,Drustvar,1,0,247,258,0,0,0,0,8721,0,4,0,0,0,0,0,0
649,Sturmsangtal,Sturmsangtal,1,0,247,258,0,0,0,0,9042,0,4,0,0,0,0,0,0
650,Zuldazar,Zuldazar,1,0,248,258,0,0,0,0,8499,0,4,0,0,0,0,0,0
651,Nazmir,Nazmir,1,0,248,258,0,0,0,0,8500,0,4,0,0,0,0,0,0
652,Vol'dun,Vol'dun,1,0,248,258,0,0,0,0,8501,0,4,0,0,0,0,0,0
653,Zufällige Insel (Normal),Normal,111,0,249,34,58,85363,0,38,0,3,4,0,0,0,0,0,0
654,Zufällige Insel (Heroisch),Heroisch,111,0,249,34,60,85364,0,39,0,3,4,0,0,0,0,0,0
655,Zufällige Insel (Mythisch),Mythisch,111,0,249,34,60,85364,0,40,0,3,4,0,0,0,0,0,0
657,Weltbosse (Battle for Azeroth),Weltbosse,3,0,0,803,0,21439,0,0,0,40,0,0,0,0,0,0,0
658,Belagerung von Boralus (Mythisch),Mythisch,2,3,146,194,0,127178,1822,23,0,5,1,0,0,0,0,0,0
659,Belagerung von Boralus (Mythischer Schlüsselstein),Mythisch+,2,4,146,194,0,98007,1822,8,0,5,1,0,0,0,0,0,0
660,Königsruh (Mythisch),Mythisch,2,3,141,99,60,65321,1762,23,0,5,1,0,0,0,0,0,0
661,Königsruh (Mythischer Schlüsselstein),Mythisch+,2,4,141,194,60,65321,1762,8,0,5,1,0,0,0,0,0,0
662,Zufällige Insel (PvP),PvP,111,0,249,38,60,85364,0,45,0,3,4,0,0,0,0,0,0
663,Schlacht von Dazar'alor (Normal),Normal,3,1,251,35,60,65358,2070,14,0,30,0,0,0,0,0,0,0
664,Schlacht von Dazar'alor (Heroisch),Heroisch,3,2,251,35,62,65359,2070,15,0,30,0,0,0,0,0,0,0
665,Schlacht von Dazar'alor (Mythisch),Mythisch,3,3,251,35,68,65360,2070,16,0,30,0,0,0,0,0,0,0
666,Tiegel der Stürme (Mythisch),Mythisch,3,3,252,35,68,65366,2096,16,0,30,0,0,0,0,0,0,0
667,Tiegel der Stürme (Heroisch),Heroisch,3,2,252,35,62,65365,2096,15,0,30,0,0,0,0,0,0,0
668,Tiegel der Stürme (Normal),Normal,3,1,252,35,60,65364,2096,14,0,30,0,0,0,0,0,0,0
669,Operation: Mechagon (Mythisch),Mythisch,2,3,253,99,60,5793,2097,23,0,5,1,0,0,0,0,0,0
670,Der Ewige Palast (Mythisch),Mythisch,3,3,254,35,90,0,2164,16,0,30,0,0,0,0,0,0,0
671,Der Ewige Palast (Heroisch),Heroisch,3,2,254,35,78,69748,2164,15,0,30,0,0,0,0,0,0,0
672,Der Ewige Palast (Normal),Normal,3,1,254,35,72,69747,2164,14,0,30,0,0,0,0,0,0,0
673,Schlacht um Stromgarde (Heroisch),Heroisch,3,2,255,35,78,71238,1804,15,0,30,0,0,0,0,0,0,0
674,Nazjatar,Nazjatar,1,0,248,258,0,0,0,0,10052,0,4,0,0,0,0,0,0
675,Mechagon,Mechagon,1,3,247,258,0,0,0,0,10290,0,4,0,0,0,0,0,0
676,Feuerlande (Normal),Normal,3,1,78,34,0,0,720,14,0,30,0,0,0,0,0,0,0
677,Feuerlande (Heroisch),Heroisch,3,1,78,34,0,0,720,15,0,30,0,0,0,0,0,0,0
679,Mechagon - Schrottplatz (Mythischer Schlüsselstein),Mythisch+,2,4,256,194,0,98011,2097,8,0,5,1,0,0,0,0,0,369
682,Mechagon - Schrottplatz (Heroisch),Heroisch,2,2,256,99,60,87337,2097,2,0,5,1,0,0,0,0,0,0
683,Mechagon - Werkstatt (Mythischer Schlüsselstein),Mythisch+,2,4,257,194,629,98012,2097,8,0,5,1,0,0,0,0,0,0
684,Mechagon - Werkstatt (Heroisch),Heroisch,2,2,257,99,616,133855,2097,2,0,5,1,0,0,0,0,0,0
685,"Ny'alotha, die Erwachte Stadt (Mythisch)",Mythisch,3,3,258,35,120,0,2217,16,0,20,0,0,0,0,0,0,0
686,"Ny'alotha, die Erwachte Stadt (Heroisch)",Heroisch,3,2,258,35,100,74074,2217,15,0,30,0,0,0,0,0,0,0
687,"Ny'alotha, die Erwachte Stadt (Normal)",Normal,3,1,258,35,85,74073,2217,14,0,30,0,0,0,0,0,0,0
688,Seuchensturz (Normal),Normal,2,1,259,99,0,85644,2289,1,0,5,1,0,0,0,0,0,0
689,Seuchensturz (Heroisch),Heroisch,2,2,259,99,115,85644,2289,2,0,5,1,0,0,0,0,0,0
690,Seuchensturz (Mythisch),Mythisch,2,3,259,99,115,85644,2289,23,0,5,1,0,0,0,0,0,0
691,Seuchensturz (Mythischer Schlüsselstein),Mythisch+,2,4,259,194,184,97992,2289,8,0,5,1,0,0,0,0,0,0
692,Die Andre Seite (Normal),Normal,2,1,260,99,0,85644,2291,1,0,5,1,0,0,0,0,0,0
693,Die Andre Seite (Heroisch),Heroisch,2,2,260,99,115,85644,2291,2,0,5,1,0,0,0,0,0,0
694,Die Andre Seite (Mythisch),Mythisch,2,3,260,99,115,85644,2291,23,0,5,1,0,0,0,0,0,0
695,Die Andre Seite (Mythischer Schlüsselstein),Mythisch+,2,4,260,194,184,97997,2291,8,0,5,1,0,0,0,0,0,0
696,Hallen der Sühne (Normal),Normal,2,1,261,99,0,85644,2287,1,0,5,1,0,0,0,0,0,0
697,Hallen der Sühne (Heroisch),Heroisch,2,2,261,99,662,85644,2287,2,0,5,1,0,0,0,0,0,0
698,Hallen der Sühne (Mythisch),Mythisch,2,3,261,99,675,85644,2287,23,0,5,1,0,0,0,0,0,0
699,Hallen der Sühne (Mythischer Schlüsselstein),Mythisch+,2,4,261,194,675,97994,2287,8,0,5,1,0,0,0,0,0,0
700,Nebel von Tirna Scithe (Normal),Normal,2,1,262,99,0,85644,2290,1,0,5,1,0,0,0,0,0,0
701,Nebel von Tirna Scithe (Heroisch),Heroisch,2,2,262,99,567,127178,2290,2,0,5,1,0,0,0,0,0,0
702,Nebel von Tirna Scithe (Mythisch),Mythisch,2,3,262,99,0,127178,2290,23,0,5,1,0,0,0,0,0,0
703,Nebel von Tirna Scithe (Mythischer Schlüsselstein),Mythisch+,2,4,262,194,184,97993,2290,8,0,5,1,0,0,0,0,0,0
704,Blutige Tiefen (Normal),Normal,2,1,263,99,0,85644,2284,1,0,5,1,0,0,0,0,0,0
705,Blutige Tiefen (Mythischer Schlüsselstein),Mythisch+,2,4,263,194,184,97998,2284,8,0,5,1,0,0,0,0,0,0
706,Blutige Tiefen (Mythisch),Mythisch,2,3,263,99,115,85644,2284,23,0,5,1,0,0,0,0,0,0
707,Blutige Tiefen (Heroisch),Heroisch,2,2,263,99,115,85644,2284,2,0,5,1,0,0,0,0,0,0
708,Spitzen des Aufstiegs (Normal),Normal,2,1,264,99,0,85644,2285,1,0,5,1,0,0,0,0,0,0
709,Spitzen des Aufstiegs (Mythischer Schlüsselstein),Mythisch+,2,4,264,194,184,97995,2285,8,0,5,1,0,0,0,0,0,0
710,Spitzen des Aufstiegs (Mythisch),Mythisch,2,3,264,99,115,85644,2285,23,0,5,1,0,0,0,0,0,0
711,Spitzen des Aufstiegs (Heroisch),Heroisch,2,2,264,99,115,85644,2285,2,0,5,1,0,0,0,0,0,0
712,Nekrotische Schneise (Normal),Normal,2,1,265,99,0,85644,2286,1,0,5,1,0,0,0,0,0,0
713,Nekrotische Schneise (Mythischer Schlüsselstein),Mythisch+,2,4,265,194,184,97991,2286,8,0,5,1,0,0,0,0,0,0
714,Nekrotische Schneise (Mythisch),Mythisch,2,3,265,99,0,127178,2286,23,0,5,1,0,0,0,0,0,0
715,Nekrotische Schneise (Heroisch),Heroisch,2,2,265,99,567,127178,2286,2,0,5,1,0,0,0,0,0,0
716,Theater der Schmerzen (Normal),Normal,2,1,266,99,0,85644,2293,1,0,5,1,0,0,0,0,0,0
717,Theater der Schmerzen (Mythischer Schlüsselstein),Mythisch+,2,4,266,194,629,97996,2293,8,0,5,1,0,0,0,0,0,0
718,Theater der Schmerzen (Mythisch),Mythisch,2,3,266,99,629,78797,2293,23,0,5,1,0,0,0,0,0,0
719,Theater der Schmerzen (Heroisch),Heroisch,2,2,266,99,616,85644,2293,2,0,5,1,0,0,0,0,0,0
720,Schloss Nathria (Normal),Normal,3,1,267,35,200,85644,2296,14,0,30,0,0,0,0,0,0,0
721,Schloss Nathria (Mythisch),Mythisch,3,3,267,35,230,85644,2296,16,0,20,0,0,0,0,0,0,0
722,Schloss Nathria (Heroisch),Heroisch,3,2,267,35,215,85644,2296,15,0,30,0,0,0,0,0,0,0
723,Weltbosse (Shadowlands),Weltbosse,3,0,0,803,0,105278,2222,0,0,40,0,0,0,0,0,0,0
724,Skoldushalle,Ebene 1,113,1,274,162,0,85370,2162,167,13400,5,4,0,0,0,0,0,0
725,Die Gewundenen Korridore,Ebene 1,113,0,273,162,0,85391,2162,167,0,5,4,0,0,0,0,0,0
726,Frakturkammern,Ebene 1,113,1,278,162,0,85371,2162,167,13403,5,4,0,0,0,0,0,0
727,Seelenschmieden,Ebene 1,113,1,276,162,0,85372,2162,167,13404,5,4,0,0,0,0,0,0
728,Kaltherzinterstitia,Ebene 1,113,1,279,162,0,85373,2162,167,13411,5,4,0,0,0,0,0,0
729,Mort'regar,Ebene 1,113,1,277,162,0,85374,2162,167,13412,5,4,0,0,0,0,0,0
730,Die Oberen Ebenen,Ebene 1,113,1,275,162,0,85376,2162,167,13413,5,4,0,0,0,0,0,0
731,Arenageplänkel (2vs2),2vs2,7,0,0,36,0,86430,0,0,0,2,2,0,0,0,0,0,0
732,Arenageplänkel (2vs2),2vs2,7,0,0,36,0,86431,0,0,0,2,2,0,0,0,0,0,0
733,Arenageplänkel (3vs3),3vs3,7,0,0,36,0,86430,0,0,0,3,2,0,0,0,0,0,0
734,Arenageplänkel (3vs3),3vs3,7,0,0,36,0,86431,0,0,0,3,2,0,0,0,0,0,0
735,Arkobanhalle,Arkobanhalle,113,1,0,162,0,88259,2162,167,13400,5,4,0,0,0,0,0,0
736,Folterkammer: Jaina,Folterkammer: Jaina,113,1,0,162,0,88260,2162,167,13404,5,4,0,0,0,0,0,0
737,Folterkammer: Thrall,Folterkammer: Thrall,113,1,0,162,0,88261,2162,167,13404,5,4,0,0,0,0,0,0
738,Ardenwald,Ardenwald,1,0,270,258,0,0,0,0,11510,0,4,0,0,0,0,0,0
739,Bastion,Bastion,1,0,270,258,0,0,0,0,10534,0,4,0,0,0,0,0,0
740,Maldraxxus,Maldraxxus,1,0,270,258,0,0,0,0,11462,0,4,0,0,0,0,0,0
741,Revendreth,Revendreth,1,0,270,258,0,0,0,0,10413,0,4,0,0,0,0,0,0
742,Der Schlund,Der Schlund,1,0,270,258,0,0,0,0,11400,0,4,0,0,0,0,0,0
743,Sanktum der Herrschaft (Normal),Normal,3,1,271,35,213,85644,2450,14,0,30,0,0,0,0,0,0,0
744,Sanktum der Herrschaft (Heroisch),Heroisch,3,2,271,35,226,85644,2450,15,0,30,0,0,0,0,0,0,0
745,Sanktum der Herrschaft (Mythisch),Mythisch,3,3,271,35,239,85644,2450,16,0,20,0,0,0,0,0,0,0
746,"Tazavesh, der Verhüllte Markt (Mythisch)",Mythisch,2,2,272,99,0,139944,0,23,0,5,1,0,0,0,0,0,0
940,Die Gewundenen Korridore,Ebene 2,113,0,273,162,0,85391,2162,167,0,5,4,0,0,0,0,0,0
941,Die Gewundenen Korridore,Ebene 3,113,0,273,162,0,85391,2162,167,0,5,4,0,0,0,0,0,0
942,Die Gewundenen Korridore,Ebene 4,113,0,273,162,0,85391,2162,167,0,5,4,0,0,0,0,0,0
943,Die Gewundenen Korridore,Ebene 5,113,0,273,162,0,85391,2162,167,0,5,4,0,0,0,0,0,0
944,Die Gewundenen Korridore,Ebene 6,113,0,273,162,0,85391,2162,167,0,5,4,0,0,0,0,0,0
945,Die Gewundenen Korridore,Ebene 7,113,0,273,162,0,85391,2162,167,0,5,4,0,0,0,0,0,0
946,Die Gewundenen Korridore,Ebene 8,113,0,273,162,0,85391,2162,167,0,5,4,0,0,0,0,0,0
947,Die Gewundenen Korridore,Ebene 9,113,0,273,162,0,85391,2162,167,0,5,4,0,0,0,0,0,0
948,Die Gewundenen Korridore,Ebene 10,113,0,273,162,0,85391,2162,167,0,5,4,0,0,0,0,0,0
949,Die Gewundenen Korridore,Ebene 11,113,0,273,162,0,85391,2162,167,0,5,4,0,0,0,0,0,0
950,Die Gewundenen Korridore,Ebene 12,113,0,273,162,0,85391,2162,167,0,5,4,0,0,0,0,0,0
951,Skoldushalle,Ebene 2,113,1,274,162,0,85370,2162,167,13400,5,4,0,0,0,0,0,0
952,Skoldushalle,Ebene 3,113,1,274,162,0,85370,2162,167,13400,5,4,0,0,0,0,0,0
953,Skoldushalle,Ebene 4,113,1,274,162,0,85370,2162,167,13400,5,4,0,0,0,0,0,0
955,Skoldushalle,Ebene 5,113,1,274,162,0,85370,2162,167,13400,5,4,0,0,0,0,0,0
956,Skoldushalle,Ebene 6,113,1,274,162,0,85370,2162,167,13400,5,4,0,0,0,0,0,0
957,Skoldushalle,Ebene 7,113,1,274,162,0,85370,2162,167,13400,5,4,0,0,0,0,0,0
958,Skoldushalle,Ebene 8,113,1,274,162,0,85370,2162,167,13400,5,4,0,0,0,0,0,0
959,Skoldushalle,Ebene 9,113,1,274,162,0,85370,2162,167,13400,5,4,0,0,0,0,0,0
960,Skoldushalle,Ebene 10,113,1,274,162,0,85370,2162,167,13400,5,4,0,0,0,0,0,0
961,Die Oberen Ebenen,Ebene 2,113,1,275,162,0,85376,2162,167,13413,5,4,0,0,0,0,0,0
962,Die Oberen Ebenen,Ebene 3,113,1,275,162,0,85376,2162,167,13413,5,4,0,0,0,0,0,0
963,Die Oberen Ebenen,Ebene 4,113,1,275,162,0,85376,2162,167,13413,5,4,0,0,0,0,0,0
964,Die Oberen Ebenen,Ebene 5,113,1,275,162,0,85376,2162,167,13413,5,4,0,0,0,0,0,0
965,Die Oberen Ebenen,Ebene 6,113,1,275,162,0,85376,2162,167,13413,5,4,0,0,0,0,0,0
966,Die Oberen Ebenen,Ebene 7,113,1,275,162,0,85376,2162,167,13413,5,4,0,0,0,0,0,0
967,Die Oberen Ebenen,Ebene 8,113,1,275,162,0,85376,2162,167,13413,5,4,0,0,0,0,0,0
968,Die Oberen Ebenen,Ebene 9,113,1,275,162,0,85376,2162,167,13413,5,4,0,0,0,0,0,0
969,Die Oberen Ebenen,Ebene 10,113,1,275,162,0,85376,2162,167,13413,5,4,0,0,0,0,0,0
970,Skoldushalle,Ebene 11,113,1,274,162,0,85370,2162,167,13400,5,4,0,0,0,0,0,0
971,Die Oberen Ebenen,Ebene 11,113,1,275,162,0,85376,2162,167,13413,5,4,0,0,0,0,0,0
972,Die Oberen Ebenen,Ebene 12,113,1,275,162,0,85376,2162,167,13413,5,4,0,0,0,0,0,0
973,Seelenschmieden,Ebene 2,113,1,276,162,0,85372,2162,167,13404,5,4,0,0,0,0,0,0
974,Seelenschmieden,Ebene 3,113,1,276,162,0,85372,2162,167,13404,5,4,0,0,0,0,0,0
975,Seelenschmieden,Ebene 4,113,1,276,162,0,85372,2162,167,13404,5,4,0,0,0,0,0,0
976,Seelenschmieden,Ebene 5,113,1,276,162,0,85372,2162,167,13404,5,4,0,0,0,0,0,0
977,Seelenschmieden,Ebene 6,113,1,276,162,0,85372,2162,167,13404,5,4,0,0,0,0,0,0
978,Seelenschmieden,Ebene 7,113,1,276,162,0,85372,2162,167,13404,5,4,0,0,0,0,0,0
979,Seelenschmieden,Ebene 8,113,1,276,162,0,85372,2162,167,13404,5,4,0,0,0,0,0,0
980,Seelenschmieden,Ebene 9,113,1,276,162,0,85372,2162,167,13404,5,4,0,0,0,0,0,0
981,Seelenschmieden,Ebene 10,113,1,276,162,0,85372,2162,167,13404,5,4,0,0,0,0,0,0
982,Seelenschmieden,Ebene 11,113,1,276,162,0,85372,2162,167,13404,5,4,0,0,0,0,0,0
983,Mort'regar,Ebene 2,113,1,277,162,0,85374,2162,167,13412,5,4,0,0,0,0,0,0
984,Mort'regar,Ebene 3,113,1,277,162,0,85374,2162,167,13412,5,4,0,0,0,0,0,0
985,Mort'regar,Ebene 4,113,1,277,162,0,85374,2162,167,13412,5,4,0,0,0,0,0,0
986,Mort'regar,Ebene 5,113,1,277,162,0,85374,2162,167,13412,5,4,0,0,0,0,0,0
987,Mort'regar,Ebene 6,113,1,277,162,0,85374,2162,167,13412,5,4,0,0,0,0,0,0
988,Mort'regar,Ebene 7,113,1,277,162,0,85374,2162,167,13412,5,4,0,0,0,0,0,0
989,Mort'regar,Ebene 8,113,1,277,162,0,85374,2162,167,13412,5,4,0,0,0,0,0,0
990,Mort'regar,Ebene 9,113,1,277,162,0,85374,2162,167,13412,5,4,0,0,0,0,0,0
991,Mort'regar,Ebene 10,113,1,277,162,0,85374,2162,167,13412,5,4,0,0,0,0,0,0
992,Mort'regar,Ebene 11,113,1,277,162,0,85374,2162,167,13412,5,4,0,0,0,0,0,0
993,Mort'regar,Ebene 12,113,1,277,162,0,85374,2162,167,13412,5,4,0,0,0,0,0,0
994,Frakturkammern,Ebene 2,113,1,278,162,0,85371,2162,167,13403,5,4,0,0,0,0,0,0
995,Frakturkammern,Ebene 3,113,1,278,162,0,85371,2162,167,13403,5,4,0,0,0,0,0,0
996,Frakturkammern,Ebene 4,113,1,278,162,0,85371,2162,167,13403,5,4,0,0,0,0,0,0
997,Frakturkammern,Ebene 5,113,1,278,162,0,85371,2162,167,13403,5,4,0,0,0,0,0,0
998,Frakturkammern,Ebene 6,113,1,278,162,0,85371,2162,167,13403,5,4,0,0,0,0,0,0
999,Frakturkammern,Ebene 7,113,1,278,162,0,85371,2162,167,13403,5,4,0,0,0,0,0,0
1000,Frakturkammern,Ebene 8,113,1,278,162,0,85371,2162,167,13403,5,4,0,0,0,0,0,0
1001,Frakturkammern,Ebene 9,113,1,278,162,0,85371,2162,167,13403,5,4,0,0,0,0,0,0
1002,Frakturkammern,Ebene 10,113,1,278,162,0,85371,2162,167,13403,5,4,0,0,0,0,0,0
1003,Frakturkammern,Ebene 11,113,1,278,162,0,85371,2162,167,13403,5,4,0,0,0,0,0,0
1004,Frakturkammern,Ebene 12,113,1,278,162,0,85371,2162,167,13403,5,4,0,0,0,0,0,0
1005,Kaltherzinterstitia,Ebene 2,113,1,279,162,0,85373,2162,167,13411,5,4,0,0,0,0,0,0
1006,Kaltherzinterstitia,Ebene 3,113,1,279,162,0,85373,2162,167,13411,5,4,0,0,0,0,0,0
1007,Kaltherzinterstitia,Ebene 4,113,1,279,162,0,85373,2162,167,13411,5,4,0,0,0,0,0,0
1008,Kaltherzinterstitia,Ebene 5,113,1,279,162,0,85373,2162,167,13411,5,4,0,0,0,0,0,0
1009,Kaltherzinterstitia,Ebene 6,113,1,279,162,0,85373,2162,167,13411,5,4,0,0,0,0,0,0
1010,Kaltherzinterstitia,Ebene 7,113,1,279,162,0,85373,2162,167,13411,5,4,0,0,0,0,0,0
1011,Kaltherzinterstitia,Ebene 8,113,1,279,162,0,85373,2162,167,13411,5,4,0,0,0,0,0,0
1012,Kaltherzinterstitia,Ebene 9,113,1,279,162,0,85373,2162,167,13411,5,4,0,0,0,0,0,0
1013,Kaltherzinterstitia,Ebene 10,113,1,279,162,0,85373,2162,167,13411,5,4,0,0,0,0,0,0
1014,Kaltherzinterstitia,Ebene 11,113,1,279,162,0,85373,2162,167,13411,5,4,0,0,0,0,0,0
1015,Kaltherzinterstitia,Ebene 12,113,1,279,162,0,85373,2162,167,13411,5,4,0,0,0,0,0,0
1016,Tazavesh: Straßen (Mythischer Schlüsselstein),Mythisch+,2,4,280,194,675,97999,2441,8,0,5,1,0,0,0,0,0,392
1017,Tazavesh: Schachzug (Mythischer Schlüsselstein),Mythisch+,2,3,281,194,675,98000,2441,8,0,5,1,0,0,0,0,0,391
1018,Tazavesh: Straßen (Heroisch),Heroisch,2,3,280,194,662,139943,2441,2,0,5,1,0,0,0,0,0,0
1019,Tazavesh: Schachzug (Heroisch),Heroisch,2,2,281,194,662,139943,2441,2,0,5,1,0,0,0,0,0,0
1020,Mausoleum der Ersten (Normal),Normal,3,1,282,35,239,93446,2481,14,0,30,0,0,0,0,0,0,0
1021,Mausoleum der Ersten (Heroisch),Heroisch,3,2,282,35,252,93451,2481,15,0,30,0,0,0,0,0,0,0
1022,Mausoleum der Ersten (Mythisch),Mythisch,3,3,282,35,265,85644,2481,16,0,20,0,0,0,0,0,0,0
1024,Kaltherzinterstitia,Ebene 13,113,1,279,162,0,85373,2162,167,13411,5,4,0,0,0,0,0,0
1025,Kaltherzinterstitia,Ebene 14,113,1,279,162,0,85373,2162,167,13411,5,4,0,0,0,0,0,0
1026,Kaltherzinterstitia,Ebene 15,113,1,279,162,0,85373,2162,167,13411,5,4,0,0,0,0,0,0
1027,Kaltherzinterstitia,Ebene 16,113,1,279,162,0,85373,2162,167,13411,5,4,0,0,0,0,0,0
1028,Frakturkammern,Ebene 13,113,1,278,162,0,85371,2162,167,13403,5,4,0,0,0,0,0,0
1029,Frakturkammern,Ebene 14,113,1,278,162,0,85371,2162,167,13403,5,4,0,0,0,0,0,0
1030,Frakturkammern,Ebene 15,113,1,278,162,0,85371,2162,167,13403,5,4,0,0,0,0,0,0
1031,Frakturkammern,Ebene 16,113,1,278,162,0,85371,2162,167,13403,5,4,0,0,0,0,0,0
1032,Mort'regar,Ebene 13,113,1,277,162,0,85374,2162,167,13412,5,4,0,0,0,0,0,0
1033,Mort'regar,Ebene 14,113,1,277,162,0,85374,2162,167,13412,5,4,0,0,0,0,0,0
1034,Mort'regar,Ebene 15,113,1,277,162,0,85374,2162,167,13412,5,4,0,0,0,0,0,0
1035,Mort'regar,Ebene 16,113,1,277,162,0,85374,2162,167,13412,5,4,0,0,0,0,0,0
1036,Skoldushalle,Ebene 12,113,1,274,162,0,85370,2162,167,13400,5,4,0,0,0,0,0,0
1037,Skoldushalle,Ebene 13,113,1,274,162,0,85370,2162,167,13400,5,4,0,0,0,0,0,0
1038,Skoldushalle,Ebene 14,113,1,274,162,0,85370,2162,167,13400,5,4,0,0,0,0,0,0
1039,Skoldushalle,Ebene 15,113,1,274,162,0,85370,2162,167,13400,5,4,0,0,0,0,0,0
1040,Skoldushalle,Ebene 16,113,1,274,162,0,85370,2162,167,13400,5,4,0,0,0,0,0,0
1041,Seelenschmieden,Ebene 12,113,1,276,162,0,85372,2162,167,13404,5,4,0,0,0,0,0,0
1042,Seelenschmieden,Ebene 13,113,1,276,162,0,85372,2162,167,13404,5,4,0,0,0,0,0,0
1043,Seelenschmieden,Ebene 14,113,1,276,162,0,85372,2162,167,13404,5,4,0,0,0,0,0,0
1044,Seelenschmieden,Ebene 15,113,1,276,162,0,85372,2162,167,13404,5,4,0,0,0,0,0,0
1045,Seelenschmieden,Ebene 16,113,1,276,162,0,85372,2162,167,13404,5,4,0,0,0,0,0,0
1046,Die Oberen Ebenen,Ebene 13,113,1,275,162,0,85376,2162,167,13413,5,4,0,0,0,0,0,0
1047,Die Oberen Ebenen,Ebene 14,113,1,275,162,0,85376,2162,167,13413,5,4,0,0,0,0,0,0
1048,Die Oberen Ebenen,Ebene 15,113,1,275,162,0,85376,2162,167,13413,5,4,0,0,0,0,0,0
1049,Die Oberen Ebenen,Ebene 16,113,1,275,162,0,85376,2162,167,13413,5,4,0,0,0,0,0,0
1050,Spießrutenlauf des Kerkermeisters,Ebene 1,113,0,283,162,0,96523,2162,167,0,5,4,0,0,0,0,0,0
1051,Spießrutenlauf des Kerkermeisters,Ebene 2,113,0,283,162,0,96523,2162,167,0,5,4,0,0,0,0,0,0
1052,Spießrutenlauf des Kerkermeisters,Ebene 3,113,0,283,162,0,96523,2162,167,0,5,4,0,0,0,0,0,0
1053,Spießrutenlauf des Kerkermeisters,Ebene 4,113,0,283,162,0,96523,2162,167,0,5,4,0,0,0,0,0,0
1054,Spießrutenlauf des Kerkermeisters,Ebene 5,113,0,283,162,0,96523,2162,167,0,5,4,0,0,0,0,0,0
1055,Spießrutenlauf des Kerkermeisters,Ebene 6,113,0,283,162,0,96523,2162,167,0,5,4,0,0,0,0,0,0
1056,Spießrutenlauf des Kerkermeisters,Ebene 7,113,0,283,162,0,96523,2162,167,0,5,4,0,0,0,0,0,0
1057,Spießrutenlauf des Kerkermeisters,Ebene 8,113,0,283,162,0,96523,2162,167,0,5,4,0,0,0,0,0,0
1058,Die Küste des Erwachens,Die Küste des Erwachens,1,0,284,258,0,0,0,0,13644,0,4,0,0,0,0,0,0
1059,Ebenen von Ohn'ahra,Ebenen von Ohn'ahra,1,0,284,258,0,0,0,0,13645,0,4,0,0,0,0,0,0
1060,Das Azurblaue Gebirge,Das Azurblaue Gebirge,1,0,284,258,0,0,0,0,13646,0,4,0,0,0,0,0,0
1061,Thaldraszus,Thaldraszus,1,0,284,258,0,0,0,0,13647,0,4,0,0,0,0,0,0
1062,Zereth Mortis,Zereth Mortis,1,0,270,258,0,0,0,0,13536,0,4,0,0,0,0,0,0
1063,Korthia,Korthia,1,0,270,258,0,0,0,0,13570,0,4,0,0,0,0,0,0
1146,Weltbosse (Dragonflight),Weltbosse,3,0,0,803,0,115998,2444,0,0,40,0,0,0,0,0,0,0
1157,Akademie von Algeth'ar (Normal),Normal,2,1,302,99,0,99866,2526,1,0,5,1,0,0,0,0,0,0
1158,Akademie von Algeth'ar (Heroisch),Heroisch,2,2,302,99,463,99866,2526,2,0,5,1,0,0,0,0,0,0
1159,Akademie von Algeth'ar (Mythisch),Mythisch,2,3,302,99,480,99866,2526,23,0,5,1,0,0,0,0,0,0
1160,Akademie von Algeth'ar (Mythischer Schlüsselstein),Mythisch+,2,4,302,194,485,99874,2526,8,0,5,1,0,0,0,0,0,0
1161,Brackenfellhöhle (Normal),Normal,2,1,303,99,0,85644,2520,1,0,5,1,0,0,0,0,0,0
1162,Brackenfellhöhle (Heroisch),Heroisch,2,2,303,99,463,99866,2520,2,0,5,1,0,0,0,0,0,0
1163,Brackenfellhöhle (Mythisch),Mythisch,2,3,303,99,480,99866,2520,23,0,5,1,0,0,0,0,0,0
1164,Brackenfellhöhle (Mythischer Schlüsselstein),Mythisch+,2,4,303,194,485,99872,2520,8,0,5,1,0,0,0,0,0,0
1165,Hallen der Infusion (Normal),Normal,2,1,304,99,0,85644,2527,1,0,5,1,0,0,0,0,0,0
1166,Hallen der Infusion (Heroisch),Heroisch,2,2,304,99,463,99866,2527,2,0,5,1,0,0,0,0,0,0
1167,Hallen der Infusion (Mythisch),Mythisch,2,3,304,99,480,99866,2527,23,0,5,1,0,0,0,0,0,0
1168,Hallen der Infusion (Mythischer Schlüsselstein),Mythisch+,2,4,304,194,485,99873,2527,8,0,5,1,0,0,0,0,0,0
1169,Neltharus (Normal),Normal,2,1,305,99,0,99866,2519,1,0,5,1,0,0,0,0,0,0
1170,Neltharus (Heroisch),Heroisch,2,2,305,99,463,99866,2519,2,0,5,1,0,0,0,0,0,0
1171,Neltharus (Mythisch),Mythisch,2,3,305,99,480,99866,2519,23,0,5,1,0,0,0,0,0,0
1172,Neltharus (Mythischer Schlüsselstein),Mythisch+,2,3,305,194,485,99869,2519,8,0,5,1,0,0,0,0,0,0
1173,Rubinlebensbecken (Normal),Normal,2,1,306,99,0,85644,2521,1,0,5,1,0,0,0,0,0,0
1174,Rubinlebensbecken (Heroisch),Heroisch,2,2,306,99,463,99866,2521,2,0,5,1,0,0,0,0,0,0
1175,Rubinlebensbecken (Mythisch),Mythisch,2,3,306,99,480,99866,2521,23,0,5,1,0,0,0,0,0,0
1176,Rubinlebensbecken (Mythischer Schlüsselstein),Mythisch+,2,4,306,194,485,99868,2521,8,0,5,1,0,0,0,0,0,0
1177,Azurblaues Gewölbe (Normal),Normal,2,1,307,99,0,99866,2515,1,0,5,1,0,0,0,0,0,0
1178,Azurblaues Gewölbe (Heroisch),Heroisch,2,2,307,99,463,99866,2515,2,0,5,1,0,0,0,0,0,0
1179,Azurblaues Gewölbe (Mythisch),Mythisch,2,3,307,99,480,99866,2515,23,0,5,1,0,0,0,0,0,0
1180,Azurblaues Gewölbe (Mythischer Schlüsselstein),Mythisch+,2,4,307,194,485,99871,2515,8,0,5,1,0,0,0,0,0,0
1181,Angriff der Nokhud (Normal),Normal,2,1,308,99,0,85644,2516,1,0,5,1,0,0,0,0,0,0
1182,Angriff der Nokhud (Heroisch),Heroisch,2,2,308,99,463,99866,2516,2,0,5,1,0,0,0,0,0,0
1183,Angriff der Nokhud (Mythisch),Mythisch,2,3,308,99,480,99866,2516,23,0,5,1,0,0,0,0,0,0
1184,Angriff der Nokhud (Mythischer Schlüsselstein),Mythisch+,2,4,308,194,485,99870,2516,8,0,5,1,0,0,0,0,0,0
1185,Uldaman: Vermächtnis von Tyr (Normal),Normal,2,1,309,99,0,85644,2451,1,0,5,1,0,0,0,0,0,0
1186,Uldaman: Vermächtnis von Tyr (Heroisch),Heroisch,2,2,309,99,463,99866,2451,2,0,5,1,0,0,0,0,0,0
1187,Uldaman: Vermächtnis von Tyr (Mythisch),Mythisch,2,3,309,99,480,99866,2451,23,0,5,1,0,0,0,0,0,0
1188,Uldaman: Vermächtnis von Tyr (Mythischer Schlüsselstein),Mythisch+,2,4,309,194,485,99867,2451,8,0,5,1,0,0,0,0,0,0
1189,Gewölbe der Inkarnationen (Normal),Normal,3,1,310,35,376,103977,2522,14,0,30,0,0,0,0,0,0,0
1190,Gewölbe der Inkarnationen (Heroisch),Heroisch,3,2,310,35,389,103977,2522,15,0,30,0,0,0,0,0,0,0
1191,Gewölbe der Inkarnationen (Mythisch),Mythisch,3,3,310,35,402,103977,2522,16,0,20,0,0,0,0,0,0,0
1192,Tempel der Jadeschlange (Mythischer Schlüsselstein),Mythisch+,2,0,61,194,0,98034,960,8,0,5,1,0,0,0,0,0,0
1193,Schattenmondgrabstätte (Mythischer Schlüsselstein),Mythisch+,2,0,12,194,359,98028,1176,8,0,5,1,0,0,0,0,0,0
1194,Uldaman: Vermächtnis von Tyr (Normal),Normal,2,1,309,99,0,105577,2451,1,0,5,1,0,0,0,0,0,0
1195,Vortexgipfel (Mythischer Schlüsselstein),Mythisch+,2,8,59,194,385,107461,657,8,0,5,1,0,0,0,0,0,0
1196,Die Verbotene Insel,Verbotene Insel,1,0,284,258,0,0,0,0,14433,0,4,0,0,0,0,0,0
1235,Aberrus (Normal),Normal,3,1,313,35,394,108665,2569,14,0,30,0,0,0,0,0,0,0
1236,Aberrus (Heroisch),Heroisch,3,2,313,35,407,108665,2569,15,0,30,0,0,0,0,0,0,0
1237,Aberrus (Mythisch),Mythisch,3,3,313,35,420,108665,2569,16,0,20,0,0,0,0,0,0,0
1243,Zaralekhöhle,Zaralekhöhle,1,0,284,258,0,0,0,0,14022,0,4,0,0,0,0,0,0
1244,Dämmerung des Ewigen (Mythisch),Mythisch,2,3,315,99,480,99866,2579,23,0,5,1,0,0,0,0,0,0
1245,Galakronds Sturz - Dämmerung des Ewigen (Heroisch),Heroisch,2,2,316,99,330,99866,2579,2,0,5,1,0,0,0,0,0,0
1246,Murozonds Erhebung - Dämmerung des Ewigen (Heroisch),Heroisch,2,2,317,99,330,99866,2579,2,0,5,1,0,0,0,0,0,0
1247,Galakronds Sturz - Dämmerung des Ewigen (Mythischer Schlüsselstein),Mythisch+,2,4,316,194,415,114533,2579,8,0,5,1,0,0,0,0,0,463
1248,Murozonds Erhebung - Dämmerung des Ewigen (Mythischer Schlüsselstein),Mythisch+,2,4,317,194,415,114534,2579,8,0,5,1,0,0,0,0,0,464
1249,Smaragdgrüner Traum,Smaragdgrüner Traum,1,0,284,258,0,0,0,0,14529,0,4,0,0,0,0,0,0
1251,Amirdrassil (Normal),Normal,3,1,319,35,433,115329,2549,14,0,30,0,0,0,0,0,0,0
1252,Amirdrassil (Heroisch),Heroisch,3,2,319,35,446,114446,2549,15,0,30,0,0,0,0,0,0,0
1253,Amirdrassil (Mythisch),Mythisch,3,3,319,35,459,115330,2549,16,0,20,0,0,0,0,0,0,0
1274,Thron der Gezeiten (Mythischer Schlüsselstein),Mythisch+,2,8,54,194,385,112699,643,8,0,5,1,0,0,0,0,0,0
1275,Dunkelflammenspalt (Normal),Normal,2,1,322,99,0,114336,2651,1,0,5,1,0,0,0,0,0,0
1276,Dunkelflammenspalt (Heroisch),Heroisch,2,2,322,99,616,123298,2651,2,0,5,1,0,0,0,0,0,0
1277,Dunkelflammenspalt (Mythisch),Mythisch,2,3,322,99,629,124931,2651,23,0,5,1,0,0,0,0,0,0
1278,"Ara-Kara, Stadt der Echos (Normal)",Normal,2,1,323,99,0,114336,2660,1,0,5,1,0,0,0,0,0,0
1279,"Ara-Kara, Stadt der Echos (Heroisch)",Heroisch,2,2,323,99,662,115171,2660,2,0,5,1,0,0,0,0,0,0
1280,"Ara-Kara, Stadt der Echos (Mythisch)",Mythisch,2,3,323,99,675,124938,2660,23,0,5,1,0,0,0,0,0,0
1281,Priorat der Heiligen Flamme (Mythischer Schlüsselstein),Mythisch+,2,9,324,195,675,120230,2649,8,0,5,1,0,0,0,0,0,0
1282,Dunkelflammenspalt (Mythischer Schlüsselstein),Mythisch+,2,3,322,227,629,120231,2651,8,0,5,1,0,0,0,0,0,0
1283,Die Brutstätte (Mythischer Schlüsselstein),Mythisch+,2,4,325,227,629,120232,2648,8,0,5,1,0,0,0,0,0,0
1284,"Ara-Kara, Stadt der Echos (Mythischer Schlüsselstein)",Mythisch+,2,4,323,227,675,120233,2660,8,0,5,1,0,0,0,0,0,0
1285,Die Morgenbringer (Mythischer Schlüsselstein),Mythisch+,2,4,326,227,675,120234,2662,8,0,5,1,0,0,0,0,0,0
1286,Metbrauerei Glutbräu (Mythischer Schlüsselstein),Mythisch+,2,3,327,227,629,120235,2661,8,0,5,1,0,0,0,0,0,0
1287,Das Steingewölbe (Mythischer Schlüsselstein),Mythisch+,2,4,328,227,330,120236,2652,8,0,5,1,0,0,0,0,0,0
1288,Stadt der Fäden (Mythischer Schlüsselstein),Mythisch+,2,4,329,227,0,120237,2669,8,0,5,1,0,0,0,0,0,0
1289,Weltbosse (War Within),Weltbosse,3,0,0,803,0,128613,2601,0,0,40,0,0,0,0,0,0,0
1290,Grim Batol (Mythischer Schlüsselstein),Mythisch+,2,4,56,227,0,120783,670,8,0,5,1,0,0,0,0,0,0
1291,Die Morgenbringer (Mythisch),Mythisch,2,3,326,99,675,124935,2662,23,0,5,1,0,0,0,0,0,0
1292,Das Steingewölbe (Mythisch),Mythisch,2,3,328,99,330,124932,2652,23,0,5,1,0,0,0,0,0,0
1293,Stadt der Fäden (Mythisch),Mythisch,2,3,329,99,0,123668,2669,23,0,5,1,0,0,0,0,0,0
1294,Grim Batol (Mythisch),Mythisch,2,3,56,99,0,127178,670,23,0,5,1,0,0,0,0,0,0
1295,Fungusphantasterei (Stufe 1),Stufe 1,121,1,331,162,0,118387,2664,208,14957,5,4,0,0,0,0,0,0
1296,Kriegvals Kräftigung (Stufe 1),Stufe 1,121,1,332,162,0,118387,2681,208,15000,5,4,0,0,0,0,0,0
1297,Erdwühlerminen (Stufe 1),Stufe 1,121,1,333,162,0,118387,2680,208,14999,5,4,0,0,0,0,0,0
1298,Zekvirs Höhle (Stufe ??),Stufe ??,121,1,334,162,0,128164,2682,208,15001,5,4,0,0,0,0,0,0
1299,Wasserwerke (Stufe 1),Stufe 1,121,1,335,162,0,118387,2683,208,15002,5,4,0,0,0,0,0,0
1300,Terrorschacht (Stufe 1),Stufe 1,121,1,336,162,0,118387,2684,208,15003,5,4,0,0,0,0,0,0
1301,Nachtsturzsanktum (Stufe 1),Stufe 1,121,1,337,162,0,118387,2686,208,15005,5,4,0,0,0,0,0,0
1302,Mykomantenhöhle (Stufe 1),Stufe 1,121,1,338,162,0,118387,2679,208,14998,5,4,0,0,0,0,0,0
1303,Erdsturz (Stufe 1),Stufe 1,121,1,339,162,0,118387,2687,208,15175,5,4,0,0,0,0,0,0
1304,Schwärmerbresche (Stufe 1),Stufe 1,121,1,340,162,0,118387,2685,208,15004,5,4,0,0,0,0,0,0
1305,Tiefenfestung (Stufe 1),Stufe 1,121,1,341,162,0,118387,2690,208,15009,5,4,0,0,0,0,0,0
1306,Tak-Rethan-Abgrund (Stufe 1),Stufe 1,121,1,342,162,0,118387,2689,208,15327,5,4,0,0,0,0,0,0
1307,Spiralgewebe (Stufe 1),Stufe 1,121,1,343,162,0,118387,2688,208,15007,5,4,0,0,0,0,0,0
1308,Die Brutstätte (Normal),Normal,2,1,325,99,0,114336,2648,1,0,5,1,0,0,0,0,0,0
1309,Die Brutstätte (Heroisch),Heroisch,2,2,325,99,616,123295,2648,2,0,5,1,0,0,0,0,0,0
1310,Die Brutstätte (Mythisch),Mythisch,2,3,325,99,629,124927,2648,23,0,5,1,0,0,0,0,0,0
1311,Jadewald,Jadewald,1,0,71,258,0,0,0,0,5785,0,4,0,0,0,0,0,0
1312,Tal der Vier Winde,Tal der Vier Winde,1,0,71,258,0,0,0,0,5805,0,4,0,0,0,0,0,0
1313,Krasarangwildnis,Krasarangwildnis,1,0,71,258,0,0,0,0,6134,0,4,0,0,0,0,0,0
1314,Verhüllte Treppe,Verhüllte Treppe,1,0,71,258,0,0,0,0,6006,0,4,0,0,0,0,0,0
1315,Kun-Lai-Gipfel,Kun-Lai-Gipfel,1,0,71,258,0,0,0,0,5841,0,4,0,0,0,0,0,0
1316,Tonlongsteppe,Tonlongsteppe,1,0,71,258,0,0,0,0,5842,0,4,0,0,0,0,0,0
1317,Schreckensöde,Schreckensöde,1,0,71,258,0,0,0,0,6138,0,4,0,0,0,0,0,0
1318,Tal der Ewigen Blüten,Tal der Ewigen Blüten,1,0,71,258,0,0,0,0,5840,0,4,0,0,0,0,0,0
1319,Insel der Riesen,Insel der Riesen,1,0,71,258,0,0,0,0,6661,0,4,0,0,0,0,0,0
1320,Insel des Donners,Insel des Donners,1,0,71,258,0,0,0,0,6507,0,4,0,0,0,0,0,0
1321,Zeitlose Insel,Zeitlose Insel,1,0,71,258,0,0,0,0,6757,0,4,0,0,0,0,0,0
1322,Mogu'shangewölbe (10 Spieler Heroisch),10 Heroisch,3,0,80,35,0,0,1008,5,0,10,0,0,0,0,0,0,0
1323,Mogu'shangewölbe (10 Spieler Normal),10 Normal,3,0,80,35,0,0,1008,3,0,10,0,0,0,0,0,0,0
1324,Herz der Angst (10 Spieler Heroisch),10 Heroisch,3,0,81,35,0,0,1009,5,0,10,0,0,0,0,0,0,0
1325,Herz der Angst (10 Spieler Normal),10 Normal,3,0,81,35,0,0,1009,3,0,10,0,0,0,0,0,0,0
1326,Terrasse des Endlosen Frühlings (10 Spieler Heroisch),10 Heroisch,3,0,82,35,0,0,996,5,0,10,0,0,0,0,0,0,0
1327,Terrasse des Endlosen Frühlings (10 Spieler Normal),10 Normal,3,0,82,35,0,0,996,3,0,10,0,0,0,0,0,0,0
1328,Thron des Donners (10 Spieler Heroisch),10 Heroisch,3,3,83,35,0,0,1098,5,0,10,0,0,0,0,0,0,0
1329,Thron des Donners (10 Spieler Normal),10 Normal,3,1,83,35,0,0,1098,3,0,10,0,0,0,0,0,0,0
1330,Schlacht um Orgrimmar (Mythisch),Mythisch,3,0,1,35,0,0,1136,16,0,20,0,0,0,0,0,0,0
1331,Schlacht um Orgrimmar (Heroisch),Heroisch,3,0,1,35,0,0,1136,15,0,30,0,0,0,0,0,0,0
1332,Schlacht um Orgrimmar (Normal),Normal,3,0,1,35,0,0,1136,14,0,30,0,0,0,0,0,0,0
1333,Tempel der Jadeschlange (Heroisch),Heroisch,2,0,61,98,0,0,960,2,0,5,1,0,0,0,0,0,0
1334,Tempel der Jadeschlange (Normal),Normal,2,0,61,98,0,0,960,1,0,5,1,0,0,0,0,0,0
1335,Scharlachrote Hallen (Heroisch),Heroisch,2,0,30,98,0,0,1001,2,0,5,1,0,0,0,0,0,0
1336,Scharlachrote Hallen (Normal),Normal,2,0,30,98,0,0,1001,1,0,5,1,0,0,0,0,0,0
1337,Scharlachrotes Kloster (Heroisch),Heroisch,2,0,31,98,0,0,1004,2,0,5,1,0,0,0,0,0,0
1338,Scharlachrotes Kloster (Normal),Normal,2,0,31,98,0,0,1004,1,0,5,1,0,0,0,0,0,0
1339,Scholomance (Heroisch),Heroisch,2,0,18,98,0,0,1007,1,0,5,1,0,0,0,0,0,0
1340,Scholomance (Normal),Normal,2,0,18,98,0,0,1007,1,0,5,1,0,0,0,0,0,0
1341,Brauerei Sturmbräu (Heroisch),Heroisch,2,0,62,98,0,0,961,2,0,5,1,0,0,0,0,0,0
1342,Brauerei Sturmbräu (Normal),Normal,2,0,62,98,0,0,961,1,0,5,1,0,0,0,0,0,0
1343,Shado-Pan-Kloster (Heroisch),Heroisch,2,0,63,98,0,0,959,2,0,5,1,0,0,0,0,0,0
1344,Shado-Pan-Kloster (Normal),Normal,2,0,63,98,0,0,959,1,0,5,1,0,0,0,0,0,0
1345,Belagerung des Niuzaotempels (Heroisch),Heroisch,2,0,65,98,0,0,1011,2,0,5,1,0,0,0,0,0,0
1346,Belagerung des Niuzaotempels (Normal),Normal,2,0,65,98,0,0,1011,1,0,5,1,0,0,0,0,0,0
1347,Mogu'shanpalast (Heroisch),Heroisch,2,0,64,98,0,0,994,2,0,5,1,0,0,0,0,0,0
1348,Mogu'shanpalast (Normal),Normal,2,0,64,98,0,0,994,1,0,5,1,0,0,0,0,0,0
1349,Tor der Untergehenden Sonne (Heroisch),Heroisch,2,0,66,98,0,0,962,2,0,5,1,0,0,0,0,0,0
1350,Tor der Untergehenden Sonne (Normal),Normal,2,0,66,98,0,0,962,1,0,5,1,0,0,0,0,0,0
1351,Grünstein (Normal),Normal,5,0,344,34,0,0,1024,12,0,3,1,0,0,0,0,0,0
1353,Ein Sturm braut sich zusammen (Heroisch),Heroisch,5,0,102,34,0,0,1005,11,0,3,1,0,0,0,0,0,0
1354,Ein Sturm braut sich zusammen (Normal),Normal,5,0,102,34,0,0,1005,12,0,3,1,0,0,0,0,0,0
1355,Unga Ingu (Normal),Normal,5,0,346,34,0,0,1048,12,0,3,1,0,0,0,0,0,0
1356,Arena der Auslöschung (Normal),Normal,5,0,347,34,0,0,1031,12,0,3,1,0,0,0,0,0,0
1357,Braumondfest (Normal),Normal,5,0,348,34,0,0,1051,12,0,3,1,0,0,0,0,0,0
1358,Gruft der Vergessenen Könige (Normal),Normal,5,0,105,34,0,0,1030,12,0,3,1,0,0,0,0,0,0
1359,Gruft der Vergessenen Könige (Heroisch),Heroisch,5,0,105,34,0,0,1030,11,0,3,1,0,0,0,0,0,0
1360,Angriff auf Zan'vess (Normal),Normal,5,0,351,34,0,0,1050,12,0,3,1,0,0,0,0,0,0
1361,Ein Dolch im Dunkel (Normal),Normal,5,0,352,546,0,924,1095,12,0,3,1,0,0,0,0,0,0
1362,Ein Dolch im Dunkel (Normal),Normal,5,0,352,546,0,923,1095,12,0,3,1,0,0,0,0,0,0
1363,Ein wenig Geduld (Normal),Normal,5,0,353,546,0,923,1104,12,0,3,1,0,0,0,0,0,0
1364,Ein wenig Geduld (Normal),Normal,5,0,353,546,0,923,1104,12,0,3,1,0,0,0,0,0,0
1365,Herrschaftsfeste (Normal),Normal,5,0,354,546,0,923,1102,12,0,3,1,0,0,0,0,0,0
1366,Löwenlandung (Normal),Normal,5,0,355,546,0,924,1102,12,0,3,1,0,0,0,0,0,0
1367,Schlacht auf hoher See (Heroisch),Heroisch,5,0,103,546,0,924,1099,11,0,3,1,0,0,0,0,0,0
1368,Schlacht auf hoher See (Normal),Normal,5,0,103,546,0,924,1099,12,0,3,1,0,0,0,0,0,0
1369,Schlacht auf hoher See (Normal),Normal,5,0,103,546,0,923,1099,12,0,3,1,0,0,0,0,0,0
1370,Schlacht auf hoher See (Heroisch),Heroisch,5,0,103,546,0,923,1099,11,0,3,1,0,0,0,0,0,0
1371,Theramores Sturz (Normal),Normal,5,0,86,546,0,924,1000,12,0,3,1,0,0,0,0,0,0
1372,Theramores Sturz (Normal),Normal,5,0,86,546,0,923,999,12,0,3,1,0,0,0,0,0,0
1373,Blutroter Schnee (Normal),Normal,5,0,104,34,0,0,1130,12,0,3,1,0,0,0,0,0,0
1374,Blutroter Schnee (Heroisch),Heroisch,5,0,104,34,0,0,1130,11,0,3,1,0,0,0,0,0,0
1375,Das dunkle Herz Pandarias (Normal),Normal,5,0,106,34,0,0,1144,12,0,3,1,0,0,0,0,0,0
1376,Das dunkle Herz Pandarias (Heroisch),Heroisch,5,0,106,34,0,0,1144,11,0,3,1,0,0,0,0,0,0
1377,Geheimnisse des Flammenschlunds (Normal),Normal,5,0,108,34,0,0,1131,12,0,3,1,0,0,0,0,0,0
1378,Geheimnisse des Flammenschlunds (Heroisch),Heroisch,5,0,108,34,0,0,1131,11,0,3,1,0,0,0,0,0,0
1382,Stadt der Fäden (Normal),Normal,2,1,329,99,0,117312,2669,1,0,5,1,0,0,0,0,0,0
1383,Stadt der Fäden (Heroisch),Heroisch,2,2,329,99,567,123301,2669,2,0,5,1,0,0,0,0,0,0
1384,Fungusphantasterei (Stufe 2),Stufe 2,121,2,331,162,0,121491,2664,208,14957,5,4,0,0,0,0,0,0
1385,Kriegvals Kräftigung (Stufe 2),Stufe 2,121,2,332,162,0,121491,2681,208,15000,5,4,0,0,0,0,0,0
1386,Erdwühlerminen (Stufe 2),Stufe 2,121,2,333,162,0,121491,2680,208,14999,5,4,0,0,0,0,0,0
1387,Wasserwerke (Stufe 2),Stufe 2,121,2,335,162,0,121491,2683,208,15002,5,4,0,0,0,0,0,0
1388,Terrorschacht (Stufe 2),Stufe 2,121,2,336,162,0,121491,2684,208,15003,5,4,0,0,0,0,0,0
1389,Nachtsturzsanktum (Stufe 2),Stufe 2,121,2,337,162,0,121491,2686,208,15005,5,4,0,0,0,0,0,0
1390,Mykomantenhöhle (Stufe 2),Stufe 2,121,2,338,162,0,121491,2679,208,14998,5,4,0,0,0,0,0,0
1391,Erdsturz (Stufe 2),Stufe 2,121,2,339,162,0,121491,2687,208,15175,5,4,0,0,0,0,0,0
1392,Schwärmerbresche (Stufe 2),Stufe 2,121,2,340,162,0,121491,2685,208,15004,5,4,0,0,0,0,0,0
1393,Tiefenfestung (Stufe 2),Stufe 2,121,2,341,162,0,121491,2690,208,15009,5,4,0,0,0,0,0,0
1394,Tak-Rethan-Abgrund (Stufe 2),Stufe 2,121,2,342,162,0,121491,2689,208,15327,5,4,0,0,0,0,0,0
1395,Spiralgewebe (Stufe 2),Stufe 2,121,2,343,162,0,121491,2688,208,15007,5,4,0,0,0,0,0,0
1396,Fungusphantasterei (Stufe 3),Stufe 3,121,3,331,162,0,118382,2664,208,14957,5,4,0,0,0,0,0,0
1397,Kriegvals Kräftigung (Stufe 3),Stufe 3,121,3,332,162,0,118382,2681,208,15000,5,4,0,0,0,0,0,0
1398,Erdwühlerminen (Stufe 3),Stufe 3,121,3,333,162,0,118382,2680,208,14999,5,4,0,0,0,0,0,0
1399,Wasserwerke (Stufe 3),Stufe 3,121,3,335,162,0,118382,2683,208,15002,5,4,0,0,0,0,0,0
1400,Terrorschacht (Stufe 3),Stufe 3,121,3,336,162,0,118382,2684,208,15003,5,4,0,0,0,0,0,0
1401,Nachtsturzsanktum (Stufe 3),Stufe 3,121,3,337,162,0,118382,2686,208,15005,5,4,0,0,0,0,0,0
1402,Mykomantenhöhle (Stufe 3),Stufe 3,121,3,338,162,0,118382,2679,208,14998,5,4,0,0,0,0,0,0
1403,Erdsturz (Stufe 3),Stufe 3,121,3,339,162,0,118382,2687,208,15175,5,4,0,0,0,0,0,0
1404,Schwärmerbresche (Stufe 3),Stufe 3,121,3,340,162,0,118382,2685,208,15004,5,4,0,0,0,0,0,0
1405,Tiefenfestung (Stufe 3),Stufe 3,121,3,341,162,0,118382,2690,208,15009,5,4,0,0,0,0,0,0
1406,Tak-Rethan-Abgrund (Stufe 3),Stufe 3,121,3,342,162,0,118382,2689,208,15327,5,4,0,0,0,0,0,0
1407,Spiralgewebe (Stufe 3),Stufe 3,121,3,343,162,0,118382,2688,208,15007,5,4,0,0,0,0,0,0
1408,Fungusphantasterei (Stufe 4),Stufe 4,121,4,331,162,0,118383,2664,208,14957,5,4,0,0,0,0,0,0
1409,Kriegvals Kräftigung (Stufe 4),Stufe 4,121,4,332,162,0,118383,2681,208,15000,5,4,0,0,0,0,0,0
1410,Erdwühlerminen (Stufe 4),Stufe 4,121,4,333,162,0,118383,2680,208,14999,5,4,0,0,0,0,0,0
1411,Wasserwerke (Stufe 4),Stufe 4,121,4,335,162,0,118383,2683,208,15002,5,4,0,0,0,0,0,0
1412,Terrorschacht (Stufe 4),Stufe 4,121,4,336,162,0,118383,2684,208,15003,5,4,0,0,0,0,0,0
1413,Nachtsturzsanktum (Stufe 4),Stufe 4,121,4,337,162,0,118383,2686,208,15005,5,4,0,0,0,0,0,0
1414,Mykomantenhöhle (Stufe 4),Stufe 4,121,4,338,162,0,118383,2679,208,14998,5,4,0,0,0,0,0,0
1415,Erdsturz (Stufe 4),Stufe 4,121,4,339,162,0,118383,2687,208,15175,5,4,0,0,0,0,0,0
1416,Schwärmerbresche (Stufe 4),Stufe 4,121,4,340,162,0,118383,2685,208,15004,5,4,0,0,0,0,0,0
1417,Tiefenfestung (Stufe 4),Stufe 4,121,4,341,162,0,118383,2690,208,15009,5,4,0,0,0,0,0,0
1418,Tak-Rethan-Abgrund (Stufe 4),Stufe 4,121,4,342,162,0,118383,2689,208,15327,5,4,0,0,0,0,0,0
1419,Spiralgewebe (Stufe 4),Stufe 4,121,4,343,162,0,118383,2688,208,15007,5,4,0,0,0,0,0,0
1420,Fungusphantasterei (Stufe 5),Stufe 5,121,5,331,162,0,118384,2664,208,14957,5,4,0,0,0,0,0,0
1421,Kriegvals Kräftigung (Stufe 5),Stufe 5,121,5,332,162,0,118384,2681,208,15000,5,4,0,0,0,0,0,0
1422,Erdwühlerminen (Stufe 5),Stufe 5,121,5,333,162,0,118384,2680,208,14999,5,4,0,0,0,0,0,0
1423,Wasserwerke (Stufe 5),Stufe 5,121,5,335,162,0,118384,2683,208,15002,5,4,0,0,0,0,0,0
1424,Terrorschacht (Stufe 5),Stufe 5,121,5,336,162,0,118384,2684,208,15003,5,4,0,0,0,0,0,0
1425,Nachtsturzsanktum (Stufe 5),Stufe 5,121,5,337,162,0,118384,2686,208,15005,5,4,0,0,0,0,0,0
1426,Mykomantenhöhle (Stufe 5),Stufe 5,121,5,338,162,0,118384,2679,208,14998,5,4,0,0,0,0,0,0
1427,Erdsturz (Stufe 5),Stufe 5,121,5,339,162,0,118384,2687,208,15175,5,4,0,0,0,0,0,0
1428,Schwärmerbresche (Stufe 5),Stufe 5,121,5,340,162,0,118384,2685,208,15004,5,4,0,0,0,0,0,0
1429,Tiefenfestung (Stufe 5),Stufe 5,121,5,341,162,0,118384,2690,208,15009,5,4,0,0,0,0,0,0
1430,Tak-Rethan-Abgrund (Stufe 5),Stufe 5,121,5,342,162,0,118384,2689,208,15327,5,4,0,0,0,0,0,0
1431,Spiralgewebe (Stufe 5),Stufe 5,121,5,343,162,0,118384,2688,208,15007,5,4,0,0,0,0,0,0
1432,Fungusphantasterei (Stufe 6),Stufe 6,121,6,331,162,0,118385,2664,208,14957,5,4,0,0,0,0,0,0
1433,Kriegvals Kräftigung (Stufe 6),Stufe 6,121,6,332,162,0,118385,2681,208,15000,5,4,0,0,0,0,0,0
1434,Erdwühlerminen (Stufe 6),Stufe 6,121,6,333,162,0,118385,2680,208,14999,5,4,0,0,0,0,0,0
1435,Wasserwerke (Stufe 6),Stufe 6,121,6,335,162,0,118385,2683,208,15002,5,4,0,0,0,0,0,0
1436,Terrorschacht (Stufe 6),Stufe 6,121,6,336,162,0,118385,2684,208,15003,5,4,0,0,0,0,0,0
1437,Nachtsturzsanktum (Stufe 6),Stufe 6,121,6,337,162,0,118385,2686,208,15005,5,4,0,0,0,0,0,0
1438,Mykomantenhöhle (Stufe 6),Stufe 6,121,6,338,162,0,118385,2679,208,14998,5,4,0,0,0,0,0,0
1439,Erdsturz (Stufe 6),Stufe 6,121,6,339,162,0,118385,2687,208,15175,5,4,0,0,0,0,0,0
1440,Schwärmerbresche (Stufe 6),Stufe 6,121,6,340,162,0,118385,2685,208,15004,5,4,0,0,0,0,0,0
1441,Tiefenfestung (Stufe 6),Stufe 6,121,6,341,162,0,118385,2690,208,15009,5,4,0,0,0,0,0,0
1442,Tak-Rethan-Abgrund (Stufe 6),Stufe 6,121,6,342,162,0,118385,2689,208,15327,5,4,0,0,0,0,0,0
1443,Spiralgewebe (Stufe 6),Stufe 6,121,6,343,162,0,118385,2688,208,15007,5,4,0,0,0,0,0,0
1444,Fungusphantasterei (Stufe 7),Stufe 7,121,7,331,162,0,118386,2664,208,14957,5,4,0,0,0,0,0,0
1445,Kriegvals Kräftigung (Stufe 7),Stufe 7,121,7,332,162,0,118386,2681,208,15000,5,4,0,0,0,0,0,0
1446,Erdwühlerminen (Stufe 7),Stufe 7,121,7,333,162,0,118386,2680,208,14999,5,4,0,0,0,0,0,0
1447,Wasserwerke (Stufe 7),Stufe 7,121,7,335,162,0,118386,2683,208,15002,5,4,0,0,0,0,0,0
1448,Terrorschacht (Stufe 7),Stufe 7,121,7,336,162,0,118386,2684,208,15003,5,4,0,0,0,0,0,0
1449,Nachtsturzsanktum (Stufe 7),Stufe 7,121,7,337,162,0,118386,2686,208,15005,5,4,0,0,0,0,0,0
1450,Mykomantenhöhle (Stufe 7),Stufe 7,121,7,338,162,0,118386,2679,208,14998,5,4,0,0,0,0,0,0
1451,Erdsturz (Stufe 7),Stufe 7,121,7,339,162,0,118386,2687,208,15175,5,4,0,0,0,0,0,0
1452,Schwärmerbresche (Stufe 7),Stufe 7,121,7,340,162,0,118386,2685,208,15004,5,4,0,0,0,0,0,0
1453,Tiefenfestung (Stufe 7),Stufe 7,121,7,341,162,0,118386,2690,208,15009,5,4,0,0,0,0,0,0
1454,Tak-Rethan-Abgrund (Stufe 7),Stufe 7,121,7,342,162,0,118386,2689,208,15327,5,4,0,0,0,0,0,0
1455,Spiralgewebe (Stufe 7),Stufe 7,121,7,343,162,0,118386,2688,208,15007,5,4,0,0,0,0,0,0
1456,Fungusphantasterei (Stufe 8),Stufe 8,121,8,331,162,0,121446,2664,208,14957,5,4,0,0,0,0,0,0
1457,Kriegvals Kräftigung (Stufe 8),Stufe 8,121,8,332,162,0,121446,2681,208,15000,5,4,0,0,0,0,0,0
1458,Erdwühlerminen (Stufe 8),Stufe 8,121,8,333,162,0,121446,2680,208,14999,5,4,0,0,0,0,0,0
1459,Wasserwerke (Stufe 8),Stufe 8,121,8,335,162,0,121446,2683,208,15002,5,4,0,0,0,0,0,0
1460,Terrorschacht (Stufe 8),Stufe 8,121,8,336,162,0,121446,2684,208,15003,5,4,0,0,0,0,0,0
1461,Nachtsturzsanktum (Stufe 8),Stufe 8,121,8,337,162,0,121446,2686,208,15005,5,4,0,0,0,0,0,0
1462,Mykomantenhöhle (Stufe 8),Stufe 8,121,8,338,162,0,121446,2679,208,14998,5,4,0,0,0,0,0,0
1463,Erdsturz (Stufe 8),Stufe 8,121,8,339,162,0,121446,2687,208,15175,5,4,0,0,0,0,0,0
1464,Schwärmerbresche (Stufe 8),Stufe 8,121,8,340,162,0,121446,2685,208,15004,5,4,0,0,0,0,0,0
1465,Tiefenfestung (Stufe 8),Stufe 8,121,8,341,162,0,121446,2690,208,15009,5,4,0,0,0,0,0,0
1466,Tak-Rethan-Abgrund (Stufe 8),Stufe 8,121,8,342,162,0,121446,2689,208,15327,5,4,0,0,0,0,0,0
1467,Spiralgewebe (Stufe 8),Stufe 8,121,8,343,162,0,121446,2688,208,15007,5,4,0,0,0,0,0,0
1468,Fungusphantasterei (Stufe 9),Stufe 9,121,9,331,162,0,121447,2664,208,14957,5,4,0,0,0,0,0,0
1469,Kriegvals Kräftigung (Stufe 9),Stufe 9,121,9,332,162,0,121447,2681,208,15000,5,4,0,0,0,0,0,0
1470,Erdwühlerminen (Stufe 9),Stufe 9,121,9,333,162,0,121447,2680,208,14999,5,4,0,0,0,0,0,0
1471,Wasserwerke (Stufe 9),Stufe 9,121,9,335,162,0,121447,2683,208,15002,5,4,0,0,0,0,0,0
1472,Terrorschacht (Stufe 9),Stufe 9,121,9,336,162,0,121447,2684,208,15003,5,4,0,0,0,0,0,0
1473,Nachtsturzsanktum (Stufe 9),Stufe 9,121,9,337,162,0,121447,2686,208,15005,5,4,0,0,0,0,0,0
1474,Mykomantenhöhle (Stufe 9),Stufe 9,121,9,338,162,0,121447,2679,208,14998,5,4,0,0,0,0,0,0
1475,Erdsturz (Stufe 9),Stufe 9,121,9,339,162,0,121447,2687,208,15175,5,4,0,0,0,0,0,0
1476,Schwärmerbresche (Stufe 9),Stufe 9,121,9,340,162,0,121447,2685,208,15004,5,4,0,0,0,0,0,0
1477,Tiefenfestung (Stufe 9),Stufe 9,121,9,341,162,0,121447,2690,208,15009,5,4,0,0,0,0,0,0
1478,Tak-Rethan-Abgrund (Stufe 9),Stufe 9,121,9,342,162,0,121447,2689,208,15327,5,4,0,0,0,0,0,0
1479,Spiralgewebe (Stufe 9),Stufe 9,121,9,343,162,0,121447,2688,208,15007,5,4,0,0,0,0,0,0
1480,Fungusphantasterei (Stufe 10),Stufe 10,121,10,331,162,0,121448,2664,208,14957,5,4,0,0,0,0,0,0
1481,Kriegvals Kräftigung (Stufe 10),Stufe 10,121,10,332,162,0,121448,2681,208,15000,5,4,0,0,0,0,0,0
1482,Erdwühlerminen (Stufe 10),Stufe 10,121,10,333,162,0,121448,2680,208,14999,5,4,0,0,0,0,0,0
1483,Wasserwerke (Stufe 10),Stufe 10,121,10,335,162,0,121448,2683,208,15002,5,4,0,0,0,0,0,0
1484,Terrorschacht (Stufe 10),Stufe 10,121,10,336,162,0,121448,2684,208,15003,5,4,0,0,0,0,0,0
1485,Nachtsturzsanktum (Stufe 10),Stufe 10,121,10,337,162,0,121448,2686,208,15005,5,4,0,0,0,0,0,0
1486,Mykomantenhöhle (Stufe 10),Stufe 10,121,10,338,162,0,121448,2679,208,14998,5,4,0,0,0,0,0,0
1487,Erdsturz (Stufe 10),Stufe 10,121,10,339,162,0,121448,2687,208,15175,5,4,0,0,0,0,0,0
1488,Schwärmerbresche (Stufe 10),Stufe 10,121,10,340,162,0,121448,2685,208,15004,5,4,0,0,0,0,0,0
1489,Tiefenfestung (Stufe 10),Stufe 10,121,10,341,162,0,121448,2690,208,15009,5,4,0,0,0,0,0,0
1490,Tak-Rethan-Abgrund (Stufe 10),Stufe 10,121,10,342,162,0,121448,2689,208,15327,5,4,0,0,0,0,0,0
1491,Spiralgewebe (Stufe 10),Stufe 10,121,10,343,162,0,121448,2688,208,15007,5,4,0,0,0,0,0,0
1492,Fungusphantasterei (Stufe 11),Stufe 11,121,11,331,162,0,121468,2664,208,14957,5,4,0,0,0,0,0,0
1493,Kriegvals Kräftigung (Stufe 11),Stufe 11,121,11,332,162,0,121468,2681,208,15000,5,4,0,0,0,0,0,0
1494,Erdwühlerminen (Stufe 11),Stufe 11,121,11,333,162,0,121468,2680,208,14999,5,4,0,0,0,0,0,0
1495,Wasserwerke (Stufe 11),Stufe 11,121,11,335,162,0,121468,2683,208,15002,5,4,0,0,0,0,0,0
1496,Terrorschacht (Stufe 11),Stufe 11,121,11,336,162,0,121468,2684,208,15003,5,4,0,0,0,0,0,0
1497,Nachtsturzsanktum (Stufe 11),Stufe 11,121,11,337,162,0,121468,2686,208,15005,5,4,0,0,0,0,0,0
1498,Mykomantenhöhle (Stufe 11),Stufe 11,121,11,338,162,0,121468,2679,208,14998,5,4,0,0,0,0,0,0
1499,Erdsturz (Stufe 11),Stufe 11,121,11,339,162,0,121468,2687,208,15175,5,4,0,0,0,0,0,0
1500,Schwärmerbresche (Stufe 11),Stufe 11,121,11,340,162,0,121468,2685,208,15004,5,4,0,0,0,0,0,0
1501,Tiefenfestung (Stufe 11),Stufe 11,121,11,341,162,0,121468,2690,208,15009,5,4,0,0,0,0,0,0
1502,Tak-Rethan-Abgrund (Stufe 11),Stufe 11,121,11,342,162,0,121468,2689,208,15327,5,4,0,0,0,0,0,0
1503,Spiralgewebe (Stufe 11),Stufe 11,121,11,343,162,0,121468,2688,208,15007,5,4,0,0,0,0,0,0
1504,Palast der Nerub'ar (Mythisch),Mythisch,3,3,362,35,597,122606,2657,16,0,20,0,0,0,0,0,0,0
1505,Palast der Nerub'ar (Normal),Normal,3,1,362,35,571,122606,2657,14,0,30,0,0,0,0,0,0,0
1506,Palast der Nerub'ar (Heroisch),Heroisch,3,2,362,35,584,122606,2657,15,0,30,0,0,0,0,0,0,0
1507,Metbrauerei Glutbräu (Normal),Normal,2,1,327,99,0,117308,2661,1,0,5,1,0,0,0,0,0,0
1508,Metbrauerei Glutbräu (Heroisch),Heroisch,2,2,327,99,616,123296,2661,2,0,5,1,0,0,0,0,0,0
1509,Metbrauerei Glutbräu (Mythisch),Mythisch,2,3,327,99,629,124928,2661,23,0,5,1,0,0,0,0,0,0
1510,Priorat der Heiligen Flamme (Normal),Normal,2,1,324,99,0,114336,2649,1,0,5,1,0,0,0,0,0,0
1511,Priorat der Heiligen Flamme (Heroisch),Heroisch,2,2,324,99,662,123299,2649,2,0,5,1,0,0,0,0,0,0
1512,Priorat der Heiligen Flamme (Mythisch),Mythisch,2,3,324,99,675,124933,2649,23,0,5,1,0,0,0,0,0,0
1513,Die Schallenden Tiefen,Die Schallenden Tiefen,1,0,363,258,0,0,0,0,14795,0,4,0,0,0,0,0,0
1518,Die Morgenbringer (Normal),Normal,2,1,326,99,0,117309,2662,1,0,5,1,0,0,0,0,0,0
1519,Die Morgenbringer (Heroisch),Heroisch,2,2,326,99,662,123300,2662,2,0,5,1,0,0,0,0,0,0
1520,Zekvirs Höhle (Stufe ?),Stufe ?,121,1,334,162,0,128163,2682,208,15001,5,4,0,0,0,0,0,0
1521,Das Steingewölbe (Heroisch),Heroisch,2,2,328,99,567,123297,2652,2,0,5,1,0,0,0,0,0,0
1535,Das Steingewölbe (Normal),Normal,2,1,328,99,0,117306,2652,1,0,5,1,0,0,0,0,0,0
1536,Azj-Kahet,Azj-Kahet,1,0,363,258,0,0,0,0,14752,0,4,0,0,0,0,0,0
1537,Heilsturz,Heilsturz,1,0,363,258,0,0,0,0,14838,0,4,0,0,0,0,0,0
1538,Insel von Dorn,Insel von Dorn,1,0,363,258,0,0,0,0,14717,0,4,0,0,0,0,0,0
1543,Wasserwerke (Normal),Normal,2,1,306,99,0,85644,2521,1,0,5,1,0,0,0,0,0,0
1544,Wasserwerke (Heroisch),Heroisch,2,2,306,99,463,99866,2521,2,0,5,1,0,0,0,0,0,0
1547,Operation: Schleuse (Normal),Normal,2,1,371,99,0,128576,2773,1,0,5,1,0,0,0,0,0,0
1548,Operation: Schleuse (Heroisch),Heroisch,2,2,371,99,662,128580,2773,2,0,5,1,0,0,0,0,0,0
1549,Operation: Schleuse (Mythisch),Mythisch,2,3,371,99,675,128582,2773,23,0,5,1,0,0,0,0,0,0
1550,Operation: Schleuse (Mythischer Schlüsselstein),Mythisch+,2,4,371,227,675,129312,2773,8,0,5,1,0,0,0,0,0,0
1551,Schwarzfelstiefen (Normal),Normal,3,2,372,34,591,129707,2792,14,15913,15,0,0,0,0,0,0,0
1552,Schwarzfelstiefen (Heroisch),Heroisch,3,0,372,34,604,129707,2792,15,15913,15,0,0,0,0,0,0,0
1553,Ausgrabungsstätte 9 (Stufe 1),Stufe 1,121,1,373,162,0,118387,2815,208,15836,5,4,0,0,0,0,0,0
1554,Ausgrabungsstätte 9 (Stufe 2),Stufe 2,121,1,373,162,0,121491,2815,208,15836,5,4,0,0,0,0,0,0
1555,Ausgrabungsstätte 9 (Stufe 3),Stufe 3,121,1,373,162,0,118382,2815,208,15836,5,4,0,0,0,0,0,0
1556,Ausgrabungsstätte 9 (Stufe 4),Stufe 4,121,1,373,162,0,118383,2815,208,15836,5,4,0,0,0,0,0,0
1557,Ausgrabungsstätte 9 (Stufe 5),Stufe 5,121,1,373,162,0,118384,2815,208,15836,5,4,0,0,0,0,0,0
1558,Ausgrabungsstätte 9 (Stufe 6),Stufe 6,121,1,373,162,0,118385,2815,208,15836,5,4,0,0,0,0,0,0
1559,Ausgrabungsstätte 9 (Stufe 7),Stufe 7,121,1,373,162,0,118386,2815,208,15836,5,4,0,0,0,0,0,0
1560,Ausgrabungsstätte 9 (Stufe 8),Stufe 8,121,1,373,162,0,121446,2815,208,15836,5,4,0,0,0,0,0,0
1561,Ausgrabungsstätte 9 (Stufe 9),Stufe 9,121,1,373,162,0,121447,2815,208,15836,5,4,0,0,0,0,0,0
1562,Ausgrabungsstätte 9 (Stufe 10),Stufe 10,121,1,373,162,0,121448,2815,208,15836,5,4,0,0,0,0,0,0
1563,Ausgrabungsstätte 9 (Stufe 11),Stufe 11,121,1,373,162,0,121468,2815,208,15836,5,4,0,0,0,0,0,0
1564,Seitenstraßenschleuse (Stufe 1),Stufe 1,121,1,374,162,0,118387,2826,208,15990,5,4,0,0,0,0,0,0
1565,Seitenstraßenschleuse (Stufe 2),Stufe 2,121,1,374,162,0,121491,2826,208,15990,5,4,0,0,0,0,0,0
1566,Seitenstraßenschleuse (Stufe 3),Stufe 3,121,1,374,162,0,118382,2826,208,15990,5,4,0,0,0,0,0,0
1567,Seitenstraßenschleuse (Stufe 4),Stufe 4,121,1,374,162,0,118383,2826,208,15990,5,4,0,0,0,0,0,0
1568,Seitenstraßenschleuse (Stufe 5),Stufe 5,121,1,374,162,0,118384,2826,208,15990,5,4,0,0,0,0,0,0
1569,Seitenstraßenschleuse (Stufe 6),Stufe 6,121,1,374,162,0,118385,2826,208,15990,5,4,0,0,0,0,0,0
1570,Seitenstraßenschleuse (Stufe 7),Stufe 7,121,1,374,162,0,118386,2826,208,15990,5,4,0,0,0,0,0,0
1571,Seitenstraßenschleuse (Stufe 8),Stufe 8,121,1,374,162,0,121446,2826,208,15990,5,4,0,0,0,0,0,0
1572,Seitenstraßenschleuse (Stufe 9),Stufe 9,121,1,374,162,0,121447,2826,208,15990,5,4,0,0,0,0,0,0
1573,Seitenstraßenschleuse (Stufe 10),Stufe 10,121,1,374,162,0,121448,2826,208,15990,5,4,0,0,0,0,0,0
1574,Seitenstraßenschleuse (Stufe 10),Stufe 11,121,1,374,162,0,121468,2826,208,15990,5,4,0,0,0,0,0,0
1582,Abrisswettkampf des Lorenbosses (Stufe ?),Stufe ?,121,1,375,162,0,121446,2831,208,15991,5,4,0,0,0,0,0,0
1585,Abrisswettkampf des Lorenbosses (Stufe ??),Stufe ??,121,1,375,162,0,121468,2831,208,15991,5,4,0,0,0,0,0,0
1599,Lorenhall,Lorenhall,1,0,363,258,0,0,0,0,15347,0,4,0,0,0,0,0,0
1600,Befreiung von Lorenhall (Heroisch),Heroisch,3,2,377,35,631,132537,2769,15,0,30,0,0,0,0,0,0,0
1601,Befreiung von Lorenhall (Normal),Normal,3,1,377,35,602,132537,2769,14,0,30,0,0,0,0,0,0,0
1602,Befreiung von Lorenhall (Mythisch),Mythisch,3,3,377,35,644,132537,2769,16,0,20,0,0,0,0,0,0,0
1616,Mechagon - Werkstatt (Mythisch),Mythisch,2,3,257,99,629,133851,2097,23,0,5,1,0,0,0,0,0,0
1617,Manaschmiede Omega (Normal),Normal,3,1,378,35,660,134515,2810,14,0,30,0,0,0,0,0,0,0
1618,Manaschmiede Omega (Heroisch),Heroisch,3,2,378,35,673,134515,2810,15,0,30,0,0,0,0,0,0,0
1619,Manaschmiede Omega (Mythisch),Mythisch,3,3,378,35,692,134515,2810,16,0,20,0,0,0,0,0,0,0
1694,Biokuppel Al'dani (Mythischer Schlüsselstein),Mythisch+,2,4,381,227,675,137318,2830,8,0,5,1,0,0,0,0,0,0
1695,Blutschlägermine (Mythischer Schlüsselstein),Mythisch+,2,1,6,227,330,98027,1175,8,0,5,1,0,0,0,0,0,0
1702,Der Steinerne Kern (Mythischer Schlüsselstein),Mythisch+,2,8,58,227,330,137578,725,8,0,5,1,0,0,0,0,0,0
1707,Biokuppel Al'dani (Normal),Normal,2,1,381,99,0,132403,2830,1,0,5,1,0,0,0,0,0,0
1708,Biokuppel Al'dani (Heroisch),Heroisch,2,2,381,99,662,132405,2830,2,0,5,1,0,0,0,0,0,0
1709,Biokuppel Al'dani (Mythisch),Mythisch,2,3,381,99,675,132406,2830,23,0,5,1,0,0,0,0,0,0
1711,"Tazavesh, der Verhüllte Markt (Heroisch)",Heroisch,2,1,272,99,0,5793,0,2,0,5,1,0,0,0,0,0,0
1712,K'aresh,K'aresh,1,0,363,258,0,0,0,0,15336,0,4,0,0,0,0,0,0
1736,Archivangriff (Stufe 11),Stufe 11,121,11,394,162,0,121468,2803,208,16427,5,4,0,0,0,0,0,0
1737,Archivangriff (Stufe 10),Stufe 10,121,10,394,162,0,121448,2803,208,16427,5,4,0,0,0,0,0,0
1738,Archivangriff (Stufe 9),Stufe 9,121,9,394,162,0,121447,2803,208,16427,5,4,0,0,0,0,0,0
1739,Archivangriff (Stufe 8),Stufe 8,121,8,394,162,0,121446,2803,208,16427,5,4,0,0,0,0,0,0
1740,Archivangriff (Stufe 7),Stufe 7,121,7,394,162,0,118386,2803,208,16427,5,4,0,0,0,0,0,0
1741,Archivangriff (Stufe 6),Stufe 6,121,6,394,162,0,118385,2803,208,16427,5,4,0,0,0,0,0,0
1742,Archivangriff (Stufe 5),Stufe 5,121,5,394,162,0,118384,2803,208,16427,5,4,0,0,0,0,0,0
1743,Archivangriff (Stufe 4),Stufe 4,121,4,394,162,0,118383,2803,208,16427,5,4,0,0,0,0,0,0
1744,Archivangriff (Stufe 3),Stufe 3,121,3,394,162,0,118382,2803,208,16427,5,4,0,0,0,0,0,0
1745,Archivangriff (Stufe 2),Stufe 2,121,2,394,162,0,121491,2803,208,16427,5,4,0,0,0,0,0,0
1746,Archivangriff (Stufe 1),Stufe 1,121,1,394,162,0,118387,2803,208,16427,5,4,0,0,0,0,0,0
1747,Leerenmesserrefugium (Stufe ?),Stufe ?,121,1,395,162,0,121446,2951,208,16539,5,4,0,0,0,0,0,0
1748,Leerenmesserrefugium (Stufe ??),Stufe ??,121,1,395,162,0,121468,2951,208,16539,5,4,0,0,0,0,0,0
