ID,Name_lang,HordeName_lang,ParentTradeSkillCategoryID,SkillLineID,OrderIndex,Flags
58,Festtagsküche,,72,185,4,0
59,Winterhauchfest,,58,185,0,0
63,Alltagsküche,,90,185,7,0
64,Weg des Grills,,90,975,1,1
65,Weg des Woks,,90,976,2,1
66,Weg des Topfes,,90,977,3,1
67,Weg des Dämpfens,,90,978,4,1
68,Weg des Ofens,,90,979,5,1
69,Weg des Gebräus,,90,980,6,1
70,Ungewöhnlicher Gaumenschmaus,,72,185,5,0
72,Rezepte der Alten Welt,,1016,2548,999,1
73,Küche der Scherbenwelt,,1017,2547,990,1
74,Warmes aus dem kalten Norden,,1018,2546,980,1
75,Rezepte des Kataklysmus,,1019,2545,970,1
76,Grundlegend,,379,165,0,0
84,Sonstiges,,362,197,10,0
90,Küche von Pandaria,,1015,2544,960,1
91,Glyphen,,450,773,140,0
92,Glyphe - Magier,,415,773,170,0
93,Glyphe - Priester,,415,773,200,0
94,Glyphe - Hexenmeister,,415,773,230,0
95,Glyphe - Druide,,415,773,150,0
96,Glyphe - Mönch,,415,773,180,0
97,Glyphe - Schurke,,415,773,210,0
98,Glyphe - Jäger,,415,773,160,0
99,Glyphe - Schamane,,415,773,220,0
100,Glyphe - Paladin,,415,773,190,0
101,Glyphe - Krieger,,415,773,240,0
102,Stäbe und Zauberstäbe,,415,773,70,0
103,Schildhand,,415,773,80,0
104,Tinten,,415,773,20,0
105,Klarer Kopf,,415,773,110,0
106,Karte,,415,773,50,0
107,Schriftrollen,,415,773,100,0
108,Forschung,,415,773,10,0
113,Glyphen,,415,773,0,0
114,Sonstiges,,415,773,250,0
115,Quest,,415,773,60,0
116,Handwerk,,415,773,90,0
117,Teleportation,,415,773,120,0
118,Material,,415,773,0,0
119,Schulterinschrift,,763,773,60,0
127,Nur selbst,,415,773,30,0
128,Wird beim Anlegen gebunden,,415,773,20,0
130,Wird bei Benutzung gebunden,,415,773,20,0
131,Wird beim Aufheben gebunden,,415,773,10,0
150,Verbände,,397,129,100,0
151,Gegengifte,,397,129,200,0
164,Blaue Edelsteine,,372,755,15,0
165,Faustwaffen,,372,755,90,0
166,Grüne Edelsteine,,372,755,30,0
167,Kronen & Accessoires,,372,755,80,0
168,Materialien,,372,755,65,0
169,Metaedelsteine,,372,755,40,0
170,Reittiere,,372,755,60,0
171,Halsketten,,372,755,55,0
172,Orangefarbene Edelsteine,,372,755,25,0
173,Prismatische Edelsteine,,372,755,45,0
174,Violette Edelsteine,,372,755,35,0
175,Rote Edelsteine,,372,755,10,0
176,Ringe,,372,755,50,0
177,Prismen,,372,755,70,0
178,Statuen,,372,755,95,0
179,Haustiere und Projekte,,372,755,75,0
180,Schmuck,,372,755,85,0
181,Gelbe Edelsteine,,372,755,20,0
182,Tüftlereien,,419,202,1025,0
183,Teile,,419,202,1020,0
184,Sprengstoff,,419,202,1030,0
185,Brillen,,419,202,1040,0
186,"Rüstung, Kleidung",,419,202,1050,0
187,"Rüstung, Schmuck",,419,202,1060,0
188,Geräte,,419,202,1070,0
189,Schusswaffen & Bögen,,419,202,1080,0
190,Zielfernrohre,,419,202,1090,0
191,Werkzeuge,,419,202,1100,0
192,Reittiere,,419,202,1110,0
193,Zahnräder,,419,202,1100,0
194,Feuerwerk,,419,202,1100,0
195,Angeln,,419,202,1100,0
196,Robotik,,419,202,1100,0
197,Reisen,,419,202,1100,0
198,Gürtel,,419,202,1100,0
199,Handschuhe,,419,202,1100,0
200,Umhang,,419,202,1100,0
201,Tödlich,,419,202,1100,0
202,Verbrauchbares,,419,202,1100,0
203,Nützliches,,419,202,1100,0
204,Verstärkte Rüstung,,419,202,1000,0
210,Runen,,0,960,0,0
214,Forschung,,372,755,-1,0
215,Materialien,,590,164,10,0
216,Waffenmodifikationen,,590,164,20,0
217,Rüstungsmodifikationen,,590,164,30,0
218,Helme,,590,164,40,0
219,Schulterstücke,,590,164,50,0
220,Brustrüstung,,590,164,60,0
221,Stulpen,,590,164,70,0
222,Armschienen,,590,164,80,0
223,Gürtel,,590,164,90,0
224,Beinkleider,,590,164,100,0
225,Stiefel,,590,164,110,0
226,Schilde,,590,164,120,0
227,Waffen,,590,164,130,0
228,Dietriche,,590,164,140,0
229,Sockel,,590,164,150,0
230,Materialien,,362,197,1,0
231,Stickerei,,362,197,20,0
232,Zauberfäden,,362,197,30,0
233,Taschen,,362,197,40,0
234,Hüte & Kapuzen,,362,197,50,0
235,Schulterstücke,,362,197,60,0
236,Roben & Tuniken,,362,197,70,0
237,Armschienen,,362,197,80,0
238,Gürtel,,362,197,90,0
239,Handschuhe,,362,197,100,0
240,Hosen,,362,197,110,0
241,Stiefel,,362,197,120,0
242,Umhänge,,362,197,130,0
243,Hemden,,362,197,140,0
244,Reittiere,,362,197,150,0
245,Netze,,362,197,160,0
246,Spezial,,362,197,170,0
247,Materialien,,379,165,10,0
248,Prägungen,,379,165,20,0
249,Rüstungssets,,379,165,30,0
250,Taschen,,379,165,40,0
251,Helme,,379,165,50,0
252,Schulterstücke,,379,165,60,0
253,Brustrüstung,,379,165,70,0
254,Armschienen,,379,165,80,0
255,Handschuhe,,379,165,90,0
256,Gürtel,,379,165,100,0
257,Hosen,,379,165,110,0
258,Stiefel,,379,165,120,0
259,Umhänge,,379,165,130,0
260,Spezial,,379,165,140,0
261,Trommeln,,379,165,35,0
264,Verhüttung,,1078,186,0,0
265,Elementar,,1076,186,1,0
296,Forschung,,379,165,1,0
297,Ausbildungsprojekte,,590,164,160,0
332,Alchemie von Draenor,,594,2480,950,1
333,Reagenzien und Forschung,,332,171,100,0
334,Fläschchen,,332,171,200,0
335,Tränke und Elixiere,,332,171,300,0
336,Schmuckstücke und ihre Aufwertungen,,332,171,400,0
342,Küche von Draenor,,1013,2543,950,1
343,Fleischgerichte,,342,185,20,0
344,Fischgerichte,,342,185,30,0
345,Festmahle,,342,185,5,0
346,Delikatessen,,342,185,10,0
347,Ingenieurskunst von Draenor,,711,2501,950,1
348,Verzauberkunst von Draenor,,648,2488,950,1
349,Umhang,,348,333,200,0
350,Hals,,348,333,300,0
351,Ring,,348,333,400,0
352,Waffe,,348,333,100,0
354,Verschiedenes,,348,333,500,0
361,Gegenstandsverbesserungen,,410,773,200,0
362,Schnittmuster,,957,2540,999,1
363,Rüstung,,369,197,40,0
364,Farbstoffe und Fäden,,369,197,30,0
365,Taschen,,369,197,20,0
366,Reagenzien und Forschung,,369,197,1,0
367,Sonstiges,,369,197,50,0
368,Umhänge,,369,197,45,0
369,Muster von Draenor,,948,2535,950,1
372,Juwelenschliffvorlagen,,816,2524,999,1
373,Vorlagen von Draenor,,807,2519,950,1
374,Reagenzien und Forschung,,373,755,10,0
375,Schmuckverbesserungen,,373,755,20,0
376,Schmuck,,373,755,30,0
377,Edelsteine,,373,755,40,0
378,Sonstiges,,373,755,50,0
379,Lederverarbeitungsmuster,,874,2532,999,1
380,Muster von Draenor,,873,2527,950,1
381,Reagenzien und Forschung,,380,165,10,0
382,Lederrüstung,,380,165,40,0
383,Kettenrüstung,,380,165,50,0
384,Rüstungsverbesserungen,,380,165,30,0
385,Umhänge,,380,165,60,0
386,Taschen,,380,165,20,0
388,Sonstiges,,380,165,70,0
389,Pläne von Draenor,,551,2472,950,1
390,Reagenzien und Forschung,,389,164,10,0
391,Gegenstandsverbesserungen,,389,164,30,0
392,Rüstung,,389,164,40,0
393,Waffen und Schilde,,389,164,50,0
394,Sonstiges,,389,164,60,0
396,Heilmittel von Draenor,,0,129,10,0
397,Alte Heilmittel,,0,129,100,0
399,Illusionen,,348,333,10,0
400,Schlachtstandarten,,369,197,17,0
401,Sonstiges,,369,197,10,0
402,Zelte,,380,165,50,0
403,Lieferscheine,,410,773,50,0
407,Reagenzien und Forschung,,347,202,0,0
408,Verbrauchbare Geräte,,347,202,100,0
409,Reagenzien und Forschung,,348,333,20,0
410,Inschriftenkunde von Draenor,,761,2509,950,1
411,Stäbe und Zauberstäbe,,410,773,500,0
412,Karte,,410,773,400,0
413,Schildhand,,410,773,600,0
414,Reagenzien und Forschung,,410,773,100,0
415,Klassische Inschriftenkunde,,770,2514,999,1
416,Brillen,,347,202,100,0
417,Robotik,,347,202,300,0
418,Geräte,,347,202,200,0
419,Ingenieurskunst,,720,2506,999,1
420,Werkzeuge,,410,773,100,0
423,Transmutation,,332,171,200,0
424,Ausbildung,,426,164,0,0
425,Bergbau der Verheerten Inseln,,1066,2566,940,1
426,Pläne der Verheerten Inseln,,545,2454,940,1
427,Rüstung,,426,164,40,0
428,Sonstiges,,426,164,60,0
429,Reagenzien,,426,164,10,0
430,Muster der Verheerten Inseln,,947,2534,940,1
431,Umhänge,,430,197,30,0
432,Ausbildung,,430,197,0,0
433,Alchemie der Verheerten Inseln,,593,2479,940,1
434,Gefechtstränke,,433,171,20,0
435,Fläschchen,,433,171,30,0
436,Transmutation,,433,171,40,0
437,Spezialtränke,,433,171,60,0
438,Schmuckstücke,,433,171,50,0
439,Kessel,,433,171,10,0
440,Massenmahlung,,410,773,101,0
443,Verzauberkunst der Verheerten Inseln,,649,2487,940,1
444,Halskettenverzauberungen,,443,333,30,0
445,Ringverzauberungen,,443,333,10,0
446,Umhangverzauberungen,,443,333,20,0
447,Schulterverzauberungen,,443,333,40,0
448,Handschuhverzauberungen,,443,333,50,0
449,"Spielzeug, Haustiere und Reittiere",,443,333,60,0
450,Inschriftenkunde der Verheerten Inseln,,760,2508,940,1
451,Karten,,450,773,100,0
453,Vantusrunen,,450,773,200,0
454,Bücher & Schriftrollen,,450,773,400,0
455,Glyphe - Dämonenjäger,,415,773,140,0
456,Kräuterkunde der Verheerten Inseln,,1031,2550,940,1
459,Kürschnerei der Verheerten Inseln,,1047,2558,940,1
460,Muster der Verheerten Inseln,,872,2526,940,1
461,Lederrüstung,,460,165,40,0
462,Kettenrüstung,,460,165,40,0
463,Sonstiges,,460,165,40,0
464,Vorlagen der Verheerten Inseln,,806,2518,940,1
465,Ringe,,464,755,30,0
466,Edelsteine,,464,755,40,0
467,Sonstiges,,464,755,50,0
468,Grundausbildung,,460,165,0,0
469,Ingenieurskunst der Verheerten Inseln,,710,2500,940,1
470,Brillen,,469,202,10,0
471,Kampfwerkzeuge,,469,202,20,0
472,Geräte,,469,202,30,0
473,"Spielzeuge, Haustiere und Dingsdas",,469,202,40,0
474,Robotik,,469,202,50,0
475,Küche der Verheerten Inseln,,1014,2542,940,1
476,Snacks,,475,185,10,0
477,Kleine Mahlzeiten,,475,185,20,0
478,Große Mahlzeiten,,475,185,30,0
479,Delikatessen,,475,185,40,0
480,Festmahle,,475,185,50,0
481,Heilmittel der Verheerten Inseln,,0,129,5,0
484,Ausbildung in Materialvorbereitung,,460,165,1,0
485,Ausbildung im Gerben,,460,165,2,0
486,Ausbildung im Modellieren,,460,165,3,0
487,Ausbildung im Nähen,,460,165,4,0
488,Relikte,,426,164,30,0
489,Relikte,,469,202,30,0
490,Relikte,,443,333,60,0
491,Relikte,,450,773,400,0
492,Massenmahlung,,450,773,101,0
495,Stoffrüstung,,430,197,20,0
496,Reagenzien,,430,197,10,0
497,Sonstiges,,430,197,40,0
505,Massensondierung,,464,755,1000,0
506,Entzaubern,,443,333,0,0
507,Halsketten,,464,755,35,0
509,Haustiere,,415,773,90,0
535,Kronen,,464,755,50,0
536,Ausbildung,,464,755,0,0
541,Schmiedekunst von Kul Tiras,Schmiedekunst von Zandalar,0,164,930,0
542,Pläne von Kul Tiras,Pläne von Zandalar,541,2437,930,1
545,Pläne der Verheerten Inseln,,0,164,940,0
547,Rüstung,,542,164,10,0
548,Waffen,,542,164,20,0
549,Sonstiges,,542,164,30,0
550,Handwerkszeug,,542,164,999,0
551,Pläne von Draenor,,0,164,950,0
552,Pläne von Pandaria,,0,164,960,0
553,Pläne von Pandaria,,552,2473,960,1
554,Helme,,553,164,30,0
555,Schulterstücke,,553,164,40,0
556,Materialien,,553,164,10,0
557,Ausrüstungsmodifikationen,,553,164,20,0
559,Brustrüstung,,553,164,50,0
560,Stulpen,,553,164,60,0
561,Armschienen,,553,164,70,0
562,Gürtel,,553,164,80,0
563,Beinkleider,,553,164,90,0
564,Stiefel,,553,164,100,0
565,Schilde,,553,164,110,0
566,Waffen,,553,164,120,0
567,Dietriche,,553,164,130,0
568,Pläne des Kataklysmus,,0,164,970,0
569,Pläne des Kataklysmus,,568,2474,970,1
570,Rüstung,,569,164,30,0
571,Waffen,,569,164,50,0
572,Materialien,,569,164,10,0
573,Schilde,,569,164,40,0
574,Ausrüstungsmodifikationen,,569,164,20,0
575,Dietriche,,569,164,60,0
576,Pläne von Nordend,,0,164,980,0
577,Pläne von Nordend,,576,2475,980,1
578,Ausrüstungsmodifikationen,,577,164,10,0
579,Rüstung,,577,164,20,0
580,Schilde,,577,164,30,0
581,Waffen,,577,164,40,0
582,Dietriche,,577,164,50,0
583,Pläne der Scherbenwelt,,0,164,990,0
584,Pläne der Scherbenwelt,,583,2476,990,1
585,Ausrüstungsmodifikationen,,584,164,10,0
586,Rüstung,,584,164,20,0
588,Waffen,,584,164,30,0
589,Klassische Pläne,,0,164,999,0
590,Schmiedekunstpläne,,589,2477,999,1
591,Alchemie von Kul Tiras,Alchemie von Zandalar,0,171,930,0
592,Alchemie von Kul Tiras,Alchemie von Zandalar,591,2478,930,1
593,Alchemie der Verheerten Inseln,,0,171,940,0
594,Alchemie von Draenor,,0,171,950,0
595,Alchemie von Pandaria,,0,171,960,0
596,Alchemie von Pandaria,,595,2481,960,1
597,Alchemie des Kataklysmus,,0,171,970,0
598,Alchemie des Kataklysmus,,597,2482,970,1
599,Alchemie von Nordend,,0,171,980,0
600,Alchemie von Nordend,,599,2483,980,1
601,Alchemie der Scherbenwelt,,0,171,990,0
602,Alchemie der Scherbenwelt,,601,2484,990,1
603,Klassische Alchemie,,0,171,999,0
604,Alchemie,,603,2485,999,1
605,Gefechtstränke,,592,171,10,0
606,Spezialtränke,,592,171,20,0
607,Fläschchen,,592,171,30,0
608,Transmutation,,592,171,40,0
609,Schmuckstücke,,592,171,50,0
610,Handwerkszeug,,592,171,999,0
611,Tränke,,596,171,10,0
612,Elixiere,,596,171,20,0
613,Fläschchen,,596,171,30,0
614,Transmutation,,596,171,40,0
615,Schmuckstücke,,596,171,50,0
616,Öle,,596,171,60,0
617,Kessel,,598,171,5,0
618,Tränke,,598,171,10,0
619,Elixiere,,598,171,20,0
620,Fläschchen,,598,171,30,0
621,Transmutation,,598,171,40,0
622,Schmuckstücke,,598,171,50,0
623,Öle,,598,171,60,0
624,Reittiere,,598,171,70,0
625,Forschung,,600,171,5,0
626,Tränke,,600,171,10,0
627,Elixiere,,600,171,20,0
628,Fläschchen,,600,171,30,0
629,Transmutation,,600,171,40,0
630,Schmuckstücke,,600,171,50,0
631,Öle,,600,171,60,0
632,Kessel,,602,171,5,0
633,Tränke,,602,171,10,0
634,Elixiere,,602,171,20,0
635,Fläschchen,,602,171,30,0
636,Transmutation,,602,171,40,0
637,Schmuckstücke,,602,171,50,0
638,Tränke,,604,171,10,0
639,Elixiere,,604,171,20,0
640,Fläschchen,,604,171,30,0
641,Transmutation,,604,171,40,0
642,Schmuckstücke,,604,171,50,0
643,Öle,,604,171,60,0
644,Materialien,,604,171,5,0
645,Spezial,,604,171,70,0
646,Verzauberkunst von Kul Tiras,Verzauberkunst von Zandalar,0,333,930,0
647,Verzauberkunst von Kul Tiras,Verzauberkunst von Zandalar,646,2486,930,1
648,Verzauberkunst von Draenor,,0,333,950,0
649,Verzauberkunst der Verheerten Inseln,,0,333,940,0
650,Handschuhverzauberungen,,647,333,10,0
651,Ringverzauberungen,,647,333,20,0
652,Waffenverzauberungen,,647,333,30,0
654,Reagenzien,,656,333,10,0
655,Verzauberkunst von Pandaria,,0,333,960,0
656,Verzauberkunst von Pandaria,,655,2489,960,1
657,Rüstungsverzauberungen,,656,333,20,0
658,Waffenverzauberungen,,656,333,30,0
659,Schild- und Schildhandverzauberungen,,656,333,40,0
660,Verzauberkunst des Kataklysmus,,0,333,970,0
661,Verzauberkunst des Kataklysmus,,660,2491,970,1
662,Verzauberkunst von Nordend,,0,333,980,0
663,Verzauberkunst von Nordend,,662,2492,980,1
664,Verzauberkunst der Scherbenwelt,,0,333,990,0
665,Verzauberkunst der Scherbenwelt,,664,2493,990,1
666,Klassische Verzauberkunst,,0,333,999,0
667,Verzauberkunst,,666,2494,999,1
668,Rüstungsverzauberungen,,661,333,10,0
669,Waffenverzauberungen,,661,333,20,0
670,Schild- und Schildhandverzauberungen,,661,333,30,0
671,Haustiere,,661,333,40,0
672,Reagenzien,,663,333,10,0
673,Stiefelverzauberungen,,663,333,20,0
674,Handschuhverzauberungen,,663,333,30,0
675,Brustverzauberungen,,663,333,40,0
676,Umhangverzauberungen,,663,333,50,0
677,Armschienenverzauberung,,663,333,60,0
678,Waffenverzauberungen,,663,333,70,0
679,Schildverzauberungen,,663,333,80,0
680,Reagenzien,,665,333,10,0
681,Stiefelverzauberungen,,665,333,20,0
682,Armschienenverzauberung,,665,333,30,0
683,Brustverzauberungen,,665,333,40,0
684,Umhangverzauberungen,,665,333,50,0
685,Handschuhverzauberungen,,665,333,60,0
686,Waffenverzauberungen,,665,333,70,0
687,Schildverzauberungen,,665,333,80,0
688,Öle,,665,333,90,0
689,Sonstiges,,665,333,100,0
690,Stiefelverzauberungen,,667,333,10,0
691,Armschienenverzauberung,,667,333,20,0
692,Brustverzauberungen,,667,333,30,0
693,Umhangverzauberungen,,667,333,40,0
694,Handschuhverzauberungen,,667,333,50,0
695,Waffenverzauberungen,,667,333,60,0
696,Schildverzauberungen,,667,333,70,0
697,Ruten,,667,333,1,0
698,Zauberstäbe,,667,333,80,0
699,Öle,,667,333,90,0
700,Schmuckstück,,667,333,100,0
701,Reagenzien,,667,333,5,0
702,Illusionen,,656,333,1,0
703,Illusionen,,661,333,1,0
704,Illusionen,,663,333,1,0
705,Illusionen,,665,333,1,0
706,Illusionen,,667,333,2,0
707,Reagenzien,,661,333,5,0
708,Ingenieurskunst von Kul Tiras,Ingenieurskunst von Zandalar,0,202,930,0
709,Ingenieurskunst von Kul Tiras,Ingenieurskunst von Zandalar,708,2499,930,1
710,Ingenieurskunst der Verheerten Inseln,,0,202,940,0
711,Ingenieurskunst von Draenor,,0,202,950,0
712,Ingenieurskunst von Pandaria,,0,202,960,0
713,Ingenieurskunst von Pandaria,,712,2502,960,1
714,Ingenieurskunst des Kataklysmus,,0,202,970,0
715,Ingenieurskunst des Kataklysmus,,714,2503,970,1
716,Ingenieurskunst von Nordend,,0,202,980,0
717,Ingenieurskunst von Nordend,,716,2504,980,1
718,Ingenieurskunst der Scherbenwelt,,0,202,990,0
719,Ingenieurskunst der Scherbenwelt,,718,2505,990,1
720,Klassische Ingenieurskunst,,0,202,999,0
721,Bomben,,709,202,10,0
722,Geräte,,709,202,20,0
723,Waffen,,709,202,30,0
724,Reit- & Haustiere,,709,202,50,0
725,Feuerwerk,,347,202,1100,0
726,Sprengstoff,,713,202,10,0
727,Feuerwerk,,713,202,20,0
728,Geräte,,713,202,30,0
729,Reagenzien,,713,202,40,0
730,Brillen,,713,202,50,0
731,Schusswaffen,,713,202,60,0
732,Zielfernrohre,,713,202,70,0
733,Reittiere,,713,202,80,0
734,Zahnräder,,713,202,90,0
735,Tüftlereien,,715,202,10,0
736,Reagenzien,,715,202,20,0
737,Sprengstoff,,715,202,30,0
738,Brillen,,715,202,40,0
739,Geräte,,715,202,50,0
740,Waffen,,715,202,60,0
741,Zielfernrohre,,715,202,70,0
742,Tüftlereien,,717,202,10,0
743,Reagenzien,,717,202,20,0
744,Sprengstoff,,717,202,30,0
745,Brillen,,717,202,40,0
746,Geräte,,717,202,50,0
747,Waffen,,717,202,60,0
748,Zielfernrohre,,717,202,70,0
749,Reittiere,,717,202,70,0
750,Reagenzien,,719,202,10,0
751,Sprengstoff,,719,202,20,0
752,Brillen,,719,202,30,0
753,Geräte,,719,202,40,0
754,Waffen,,719,202,50,0
755,Zielfernrohre,,719,202,60,0
756,Reittiere,,719,202,70,0
757,Feuerwerk,,719,202,80,0
758,Inschriftenkunde von Kul Tiras,Inschriftenkunde von Zandalar,0,773,930,0
759,Inschriftenkunde von Kul Tiras,Inschriftenkunde von Zandalar,758,2507,930,1
760,Inschriftenkunde der Verheerten Inseln,,0,773,940,0
761,Inschriftenkunde von Draenor,,0,773,950,0
762,Inschriftenkunde von Pandaria,,0,773,960,0
763,Inschriftenkunde von Pandaria,,762,2510,960,1
764,Inschriftenkunde des Kataklysmus,,0,773,970,0
765,Inschriftenkunde des Kataklysmus,,764,2511,970,1
766,Inschriftenkunde von Nordend,,0,773,980,0
767,Inschriftenkunde von Nordend,,766,2512,980,1
768,Inschriftenkunde der Scherbenwelt,,0,773,990,0
769,Inschriftenkunde der Scherbenwelt,,768,2513,990,1
770,Klassische Inschriftenkunde,,0,773,999,0
771,Bücher & Schriftrollen,,759,773,10,0
772,Verträge,,759,773,20,0
773,Schmuckstücke,,759,773,30,0
774,Schildhand,,759,773,40,0
775,Massenmahlung,,759,773,50,0
776,Vantusrunen,,759,773,60,0
777,Glyphen,,763,773,20,0
778,Stäbe & Schildhand,,763,773,30,0
779,Tinten,,763,773,10,0
780,Karten,,763,773,40,0
781,Schriftrollen & Forschung,,763,773,50,0
782,Quest,,763,773,70,0
783,Spielzeuge & Haustiere,,763,773,80,0
784,Schmuckstücke,,763,773,35,0
785,Tinten,,765,773,10,0
786,Glyphen,,765,773,20,0
787,Schriftrollen & Forschung,,765,773,30,0
788,Karten,,765,773,40,0
789,Schulterinschrift,,765,773,50,0
790,Waffen & Schildhand,,765,773,60,0
791,Quest,,765,773,70,0
792,Spielzeuge,,765,773,80,0
793,Tinten,,767,773,10,0
794,Glyphen,,767,773,20,0
795,Schriftrollen & Forschung,,767,773,30,0
796,Karten,,767,773,40,0
797,Schildhand,,767,773,50,0
798,Schulterinschrift,,767,773,60,0
799,Tinten,,769,773,10,0
800,Glyphen,,769,773,20,0
801,Karten,,769,773,30,0
802,Schriftrollen & Forschung,,769,773,40,0
803,Schildhand,,769,773,50,0
804,Vorlagen von Kul Tiras,Vorlagen von Zandalar,0,755,930,0
805,Vorlagen von Kul Tiras,Vorlagen von Zandalar,804,2517,930,1
806,Vorlagen der Verheerten Inseln,,0,755,940,0
807,Vorlagen von Draenor,,0,755,950,0
808,Vorlagen von Pandaria,,0,755,960,0
809,Vorlagen von Pandaria,,808,2520,960,1
810,Vorlagen des Kataklysmus,,0,755,970,0
811,Vorlagen des Kataklysmus,,810,2521,970,1
812,Vorlagen von Nordend,,0,755,980,0
813,Vorlagen von Nordend,,812,2522,980,1
814,Vorlagen der Scherbenwelt,,0,755,990,0
815,Vorlagen der Scherbenwelt,,814,2523,990,1
816,Klassische Vorlagen,,0,755,999,0
817,Edelsteine,,805,755,10,0
818,Massensondierung,,805,755,20,0
819,Ringe,,805,755,30,0
820,Waffen,,805,755,40,0
821,Blaue Edelsteine,,809,755,10,0
822,Grüne Edelsteine,,809,755,20,0
823,Orangefarbene Edelsteine,,809,755,30,0
824,Violette Edelsteine,,809,755,40,0
825,Rote Edelsteine,,809,755,50,0
826,Violette Edelsteine,,809,755,60,0
827,Metaedelsteine,,809,755,70,0
828,Halsketten,,809,755,80,0
829,Ringe,,809,755,90,0
830,Reittiere,,809,755,100,0
831,Forschung,,809,755,5,0
832,Spielzeuge & Haustiere,,809,755,110,0
833,Gelbe Edelsteine,,809,755,65,0
834,Blaue Edelsteine,,811,755,10,0
835,Grüne Edelsteine,,811,755,20,0
836,Orangefarbene Edelsteine,,811,755,30,0
837,Violette Edelsteine,,811,755,40,0
838,Rote Edelsteine,,811,755,50,0
839,Gelbe Edelsteine,,811,755,60,0
840,Metaedelsteine,,811,755,70,0
841,Halsketten,,811,755,80,0
842,Ringe,,811,755,90,0
843,Kronen,,811,755,100,0
844,Faustwaffen,,811,755,110,0
845,Spielzeuge & Prismen,,811,755,120,0
846,Blaue Edelsteine,,813,755,10,0
847,Grüne Edelsteine,,813,755,20,0
848,Orangefarbene Edelsteine,,813,755,30,0
849,Violette Edelsteine,,813,755,40,0
850,Rote Edelsteine,,813,755,50,0
851,Gelbe Edelsteine,,813,755,60,0
852,Metaedelsteine,,813,755,70,0
853,Halsketten,,813,755,80,0
854,Ringe,,813,755,90,0
855,Prismatische Edelsteine,,813,755,75,0
856,Haustiere und Projekte,,813,755,100,0
857,Blaue Edelsteine,,815,755,10,0
858,Grüne Edelsteine,,815,755,20,0
859,Orangefarbene Edelsteine,,815,755,30,0
860,Violette Edelsteine,,815,755,40,0
861,Rote Edelsteine,,815,755,50,0
862,Gelbe Edelsteine,,815,755,60,0
863,Metaedelsteine,,815,755,70,0
864,Halsketten,,815,755,80,0
865,Ringe,,815,755,90,0
866,Schmuckstücke,,815,755,100,0
867,Prismen und Statuen,,815,755,110,0
868,Reagenzien,,815,755,5,0
869,Kronen,,815,755,95,0
870,Muster von Kul Tiras,Muster von Zandalar,0,165,930,0
871,Muster von Kul Tiras,Muster von Zandalar,870,2525,930,1
872,Muster der Verheerten Inseln,,0,165,940,0
873,Muster von Draenor,,0,165,950,0
874,Klassische Muster,,0,165,999,0
875,Muster von Pandaria,,0,165,960,0
876,Muster von Pandaria,,875,2528,960,1
877,Muster des Kataklysmus,,0,165,970,0
878,Muster des Kataklysmus,,877,2529,970,1
879,Muster von Nordend,,0,165,980,0
880,Muster von Nordend,,879,2530,980,1
881,Muster der Scherbenwelt,,0,165,990,0
882,Muster der Scherbenwelt,,881,2531,990,1
883,Lederrüstung,,871,165,10,0
884,Kettenrüstung,,871,165,20,0
885,Waffen,,871,165,30,0
886,Sonstiges,,871,165,40,0
887,Materialien,,876,165,10,0
888,Prägungen,,876,165,20,0
889,Rüstungssets,,876,165,30,0
890,Taschen,,876,165,40,0
891,Helme,,876,165,50,0
892,Schulterstücke,,876,165,60,0
893,Brustrüstung,,876,165,70,0
894,Armschienen,,876,165,80,0
895,Handschuhe,,876,165,90,0
896,Gürtel,,876,165,100,0
897,Hosen,,876,165,110,0
898,Stiefel,,876,165,120,0
899,Umhänge,,876,165,130,0
900,Trommeln,,876,165,140,0
901,Forschung,,876,165,150,0
902,Materialien,,878,165,10,0
903,Rüstungssets,,878,165,20,0
904,Taschen,,878,165,30,0
905,Helme,,878,165,40,0
906,Schulterstücke,,878,165,50,0
907,Brustrüstung,,878,165,60,0
908,Armschienen,,878,165,70,0
909,Handschuhe,,878,165,80,0
910,Gürtel,,878,165,90,0
911,Hosen,,878,165,100,0
912,Stiefel,,878,165,110,0
913,Umhänge,,878,165,120,0
914,Materialien,,880,165,10,0
915,Rüstungssets,,880,165,20,0
916,Taschen,,880,165,30,0
917,Helme,,880,165,40,0
918,Schulterstücke,,880,165,50,0
919,Brustrüstungen,,880,165,60,0
920,Armschienen,,880,165,70,0
921,Handschuhe,,880,165,80,0
922,Gürtel,,880,165,90,0
923,Hosen,,880,165,100,0
924,Stiefel,,880,165,110,0
925,Umhänge,,880,165,120,0
926,Trommeln,,880,165,130,0
927,Materialien,,882,165,10,0
928,Rüstungssets,,882,165,20,0
929,Taschen,,882,165,30,0
930,Helme,,882,165,40,0
931,Schulterstücke,,882,165,50,0
932,Brustrüstung,,882,165,60,0
933,Armschienen,,882,165,70,0
934,Handschuhe,,882,165,80,0
935,Gürtel,,882,165,90,0
936,Hosen,,882,165,100,0
937,Stiefel,,882,165,110,0
938,Umhänge,,882,165,120,0
939,Spezial,,882,165,130,0
940,Trommeln,,882,165,140,0
941,Muster von Kul Tiras,Muster von Zandalar,0,197,930,0
942,Muster von Kul Tiras,Muster von Zandalar,941,2533,930,1
943,Taschen,,942,197,10,0
944,Rüstung,,942,197,20,0
945,Schlachtflaggen,,942,197,30,0
946,Sonstiges,,942,197,40,0
947,Muster der Verheerten Inseln,,0,197,940,0
948,Muster von Draenor,,0,197,950,0
949,Muster von Pandaria,,0,197,960,0
950,Muster von Pandaria,,949,2536,960,1
951,Muster des Kataklysmus,,0,197,970,0
952,Muster des Kataklysmus,,951,2537,970,1
953,Muster von Nordend,,0,197,980,0
954,Muster von Nordend,,953,2538,980,1
955,Muster der Scherbenwelt,,0,197,990,0
956,Muster der Scherbenwelt,,955,2539,990,1
957,Klassische Muster,,0,197,999,0
958,Materialien,,950,197,10,0
959,Stickerei,,950,197,20,0
960,Zauberfäden,,950,197,30,0
961,Taschen,,950,197,40,0
962,Hüte & Kapuzen,,950,197,50,0
963,Schulterstücke,,950,197,60,0
964,Roben & Tuniken,,950,197,70,0
965,Armschienen,,950,197,80,0
966,Gürtel,,950,197,90,0
967,Handschuhe,,950,197,100,0
968,Hosen,,950,197,110,0
969,Stiefel,,950,197,120,0
970,Umhänge,,950,197,130,0
971,Sonstiges,,950,197,140,0
972,Materialien,,952,197,10,0
973,Zauberfäden,,952,197,20,0
974,Taschen,,952,197,30,0
975,Hüte & Kapuzen,,952,197,40,0
976,Schulterstücke,,952,197,50,0
977,Roben & Tuniken,,952,197,60,0
978,Armschienen,,952,197,70,0
979,Gürtel,,952,197,80,0
980,Handschuhe,,952,197,90,0
981,Hosen,,952,197,100,0
982,Stiefel,,952,197,110,0
983,Umhänge,,952,197,120,0
984,Netze,,952,197,130,0
985,Materialien,,954,197,10,0
986,Zauberfaden,,954,197,20,0
987,Taschen,,954,197,30,0
988,Hüte & Kapuzen,,954,197,40,0
989,Schulterstücke,,954,197,50,0
990,Roben & Tuniken,,954,197,60,0
991,Armschienen,,954,197,70,0
992,Gürtel,,954,197,80,0
993,Handschuhe,,954,197,90,0
994,Hosen,,954,197,100,0
995,Stiefel,,954,197,110,0
996,Umhänge,,954,197,120,0
997,Hemden,,954,197,130,0
998,Reittiere,,954,197,140,0
999,Netze,,954,197,150,0
1000,Materialien,,956,197,10,0
1001,Zauberfäden,,956,197,20,0
1002,Taschen,,956,197,30,0
1003,Hüte & Kapuzen,,956,197,40,0
1004,Schulterstücke,,956,197,50,0
1005,Roben & Tuniken,,956,197,60,0
1006,Armschienen,,956,197,70,0
1007,Gürtel,,956,197,80,0
1008,Handschuhe,,956,197,90,0
1009,Hosen,,956,197,100,0
1010,Stiefel,,956,197,110,0
1011,Umhänge,,956,197,120,0
1012,Netze,,956,197,130,0
1013,Küche von Draenor,,0,185,950,0
1014,Küche der Verheerten Inseln,,0,185,940,0
1015,Küche von Pandaria,,0,185,960,0
1016,Klassische Kochkunst - Überschrift,,0,185,999,0
1017,Küche der Scherbenwelt,,0,185,990,0
1018,Rezepte von Nordend,,0,185,980,0
1019,Rezepte des Kataklysmus,,0,185,970,0
1020,Alltagsküche,,75,185,10,0
1021,Köstliche Getränke,,75,185,20,0
1022,Köder,,75,185,30,0
1023,Alltagsküche,,72,185,0,0
1024,Alltagsküche,,73,185,10,0
1025,Alltagsküche,,74,185,10,0
1026,Tinten,,759,773,5,0
1027,Zielfernrohre und Munition,,709,202,40,0
1028,Kräuterkunde von Kul Tiras,Kräuterkunde von Zandalar,0,182,930,0
1029,Kräuterkunde von Kul Tiras,Kräuterkunde von Zandalar,1028,2549,930,1
1030,Sammeltechniken,,1029,182,0,0
1031,Kräuterkunde der Verheerten Inseln,,0,182,940,0
1032,Sammeltechniken,,456,182,0,0
1033,Kräuterkunde von Draenor,,0,182,950,0
1034,Kräuterkunde von Draenor,,1033,2551,950,1
1035,Kräuterkunde von Pandaria,,0,182,960,0
1036,Kräuterkunde von Pandaria,,1035,2552,960,1
1037,Kräuterkunde des Kataklysmus,,0,182,970,0
1038,Kräuterkunde des Kataklysmus,,1037,2553,970,1
1039,Kräuterkunde von Nordend,,0,182,980,0
1040,Kräuterkunde von Nordend,,1039,2554,980,1
1041,Kräuterkunde der Scherbenwelt,,0,182,990,0
1042,Kräuterkunde der Scherbenwelt,,1041,2555,990,1
1043,Klassische Kräuterkunde,,0,182,999,0
1044,Kräuterkunde,,1043,2556,999,1
1045,Kürschnerei von Kul Tiras,Kürschnerei von Zandalar,0,393,930,0
1046,Kürschnerei von Kul Tiras,Kürschnerei von Zandalar,1045,2557,930,1
1047,Kürschnerei der Verheerten Inseln,,0,393,940,0
1049,Kürschnerei von Draenor,,0,393,950,0
1050,Kürschnerei von Draenor,,1049,2559,950,1
1051,Kürschnerei von Pandaria,,0,393,960,0
1052,Kürschnerei von Pandaria,,1051,2560,960,1
1053,Kürschnerei des Kataklysmus,,0,393,970,0
1054,Kürschnerei des Kataklysmus,,1053,2561,970,1
1055,Kürschnerei von Nordend,,0,393,980,0
1056,Kürschnerei von Nordend,,1055,2562,980,1
1057,Kürschnerei der Scherbenwelt,,0,393,990,0
1058,Kürschnerei der Scherbenwelt,,1057,2563,990,1
1059,Klassische Kürschnerei,,0,393,999,0
1060,Kürschnerei,,1059,2564,999,1
1061,Kürschnertechniken,,1046,393,0,0
1062,Kürschnertechniken,,459,393,0,0
1064,Bergbau von Kul Tiras,Bergbau von Zandalar,0,186,930,0
1065,Bergbau von Kul Tiras,Bergbau von Zandalar,1064,2565,930,1
1066,Bergbau der Verheerten Inseln,,0,186,940,0
1067,Bergbau von Draenor,,0,186,950,0
1068,Bergbau von Draenor,,1067,2567,950,1
1069,Bergbau von Pandaria,,0,186,960,0
1070,Bergbau von Pandaria,,1069,2568,960,1
1071,Bergbau des Kataklysmus,,0,186,970,0
1072,Bergbau des Kataklysmus,,1071,2569,970,1
1073,Bergbau von Nordend,,0,186,980,0
1074,Bergbau von Nordend,,1073,2570,980,1
1075,Bergbau der Scherbenwelt,,0,186,990,0
1076,Bergbau der Scherbenwelt,,1075,2571,990,1
1077,Klassischer Bergbau,,0,186,999,0
1078,Bergbau,,1077,2572,999,1
1079,Bergbautechniken,,1065,186,0,0
1080,Bergbautechniken,,425,186,0,0
1081,Verhüttung,,1076,186,2,0
1082,Verhüttung,,1074,186,1,0
1083,Verhüttung,,1072,186,1,0
1084,Verhüttung,,1070,186,1,0
1085,Reittierausrüstung,,542,164,50,0
1086,Verbände,,942,197,50,0
1087,Heilmittel von Draenor,,369,197,999,0
1088,Heilmittel der Verheerten Inseln,,430,197,999,0
1089,Verbände,,362,197,995,0
1090,Verbände,,956,197,999,0
1091,Verbände,,954,197,999,0
1092,Verbände,,952,197,999,0
1093,Verbände,,950,197,999,0
1096,Gürtelverbesserungen,,709,202,5,0
1097,Zauberstäbe,,647,333,40,0
1098,Armschienenverzauberungen,,647,333,35,0
1099,Klassisches Angeln,,0,356,1000,0
1100,Angeln,,1099,2592,999,1
1101,Angeln der Scherbenwelt,,0,356,990,0
1102,Angeln der Scherbenwelt,,1101,2591,990,1
1103,Angeln von Nordend,,0,356,980,0
1104,Angeln von Nordend,,1103,2590,980,1
1105,Angeln des Kataklysmus,,0,356,970,0
1106,Angeln des Kataklysmus,,1105,2589,970,1
1107,Angeln von Pandaria,,0,356,960,0
1108,Angeln von Pandaria,,1107,2588,960,1
1109,Angeln von Draenor,,0,356,950,0
1110,Angeln von Draenor,,1109,2587,950,1
1111,Angeln der Verheerten Inseln,,0,356,940,0
1112,Angeln der Verheerten Inseln,,1111,2586,940,1
1113,Angeln von Kul Tiras,Angeln von Zandalar,0,356,930,0
1114,Angeln von Kul Tiras,Angeln von Zandalar,1113,2585,930,1
1115,Stoffbrillen,,709,202,21,0
1116,Stickerei,,942,197,5,0
1117,Küche von Kul Tiras,Küche von Zandalar,0,185,930,0
1118,Küche von Kul Tiras,Küche von Zandalar,1117,2541,930,1
1119,Desserts,,1118,185,10,0
1120,Kleine Mahlzeiten,,1118,185,5,0
1121,Große Mahlzeiten,,1118,185,20,0
1122,Festmahle,,1118,185,30,0
1123,Heilmittel & Tonika,,332,171,100,0
1124,Gegengifte,,604,171,100,0
1125,Glyphe - Todesritter,,415,773,139,0
1126,Glyphen,,415,773,140,0
1127,Glyphen,,410,773,140,0
1130,Glyphen,,759,773,70,0
1228,Kessel,,592,171,3,0
1229,Anhängerausrüstung,,709,202,100,0
1230,Anhängerausrüstung,,942,197,999,0
1231,Anhängerausrüstung,,542,164,999,0
1232,Anhängerausrüstung,,647,333,999,0
1233,Anhängerausrüstung,,805,755,999,0
1234,Anhängerausrüstung,,592,171,999,0
1235,Anhängerausrüstung,,759,773,999,0
1236,Anhängerausrüstung,,871,165,999,0
1237,Haustiere,,647,333,50,0
1238,Umwandlung,,592,171,60,0
1239,Umwandlung,,542,164,60,0
1240,Umwandlung,,647,333,60,0
1241,Umwandlung,,709,202,60,0
1242,Umwandlung,,759,773,80,0
1243,Umwandlung,,805,755,50,0
1244,Umwandlung,,871,165,50,0
1245,Umwandlung,,942,197,60,0
1246,Lederbrillen,,709,202,22,0
1247,Kettenbrillen,,709,202,23,0
1248,Plattenbrillen,,709,202,24,0
1249,Handwerkszeug,,647,333,999,0
1250,Ausbildung,,592,171,0,0
1251,Entzauberungen,,647,333,70,0
1254,Handwerkszeug,,709,202,999,0
1255,Ausbildung,,647,333,0,0
1256,Sprengstoff,,1257,2720,20,0
1257,Schrottplatztüfteleien,,0,2720,0,0
1259,Komponenten & Werkzeuge,,1257,2720,50,0
1261,Sonstiges,,1257,2720,100,0
1262,Handwerkszeug,,759,773,999,0
1266,Handwerkszeug,,942,197,999,0
1267,Handwerkszeug,,871,165,999,0
1275,Reittiere,,1257,2720,80,0
1276,Blutverträge,,759,773,990,0
1278,Handwerkszeug,,805,755,999,0
1279,Rostbolzenaufwertungen,,1257,2720,70,0
1280,Geräte,,1257,2720,30,0
1281,Ressourcen,,1257,2720,10,0
1282,***[UNAUTORISIERTER ZUGRIFF]***,,1257,2720,200,0
1283,Ausrüstung,,1257,2720,5,0
1284,Placeholder - Report If Visible,,1257,2720,999,0
1285,Transportmittel,,1257,2720,40,0
1288,Reittierausrüstung,,871,165,40,0
1289,Reittierausrüstung,,942,197,150,0
1290,Reittierausrüstung,,647,333,60,0
1291,Roboter,,1257,2720,45,0
1293,Shadowlands Alchemy - Header,,0,171,940,0
1294,Alchemie der Schattenlande,,1293,2750,920,1
1295,Kessel,,1294,171,5,0
1296,Gefechtstränke,,1294,171,10,0
1297,Öle und Extrakte,,1294,171,45,0
1298,Fläschchen,,1294,171,30,0
1299,Optionale Reagenzien,,1294,171,40,0
1300,Transmutation,,1294,171,50,0
1301,Schmuckstücke,,1294,171,60,0
1302,Spezialtränke,,1294,171,70,0
1303,Gegengifte,,1294,171,5,0
1304,Fokus,,592,171,990,0
1305,Fokus,,542,164,990,0
1306,Fokus,,709,202,990,0
1307,Fokus,,805,755,990,0
1308,Fokus,,871,165,990,0
1309,Fokus,,942,197,990,0
1310,Shadowlands Blacksmithing - Header,,0,164,920,0
1311,Pläne der Schattenlande,,1310,2751,920,1
1312,Rüstung,,1311,164,10,0
1313,Sonstiges,,1311,164,20,0
1314,Spezialrüstung,,1311,164,30,0
1315,Waffen,,1311,164,40,0
1316,Waffenmodifikationen,,1311,164,50,0
1317,Reagenzien,,1311,164,25,0
1318,Optionale Reagenzien,,1311,164,15,0
1319,Shadowlands Mining - Header,,0,186,920,0
1320,Bergbau der Schattenlande,,1319,2761,920,1
1321,Verhüttung,,1320,186,0,0
1322,Shadowlands Cuisine - Header,,0,185,920,0
1323,Küche der Schattenlande,,1322,2752,920,1
1324,Kleine Mahlzeiten,,1323,185,999,0
1325,Große Mahlzeiten,,1323,185,30,0
1326,Festmahle,,1323,185,10,0
1327,Seelenspeisen,,1323,185,10,0
1330,Shadowlands Skinning - Header,,0,393,920,0
1331,Kürschnerei der Schattenlande,,1330,2762,920,1
1332,Materialien,,1331,393,0,0
1333,Shadowlands Leatherworking - Header,,0,165,920,0
1334,Muster der Schattenlande,,1333,2758,920,1
1335,Sonstiges,,1334,165,25,0
1336,Lederrüstung,,1334,165,30,0
1337,Waffen,,1334,165,90,0
1338,Materialien,,1334,165,10,0
1339,Kettenrüstung,,1334,165,30,0
1341,Kyrianische Lederrüstung,,1334,165,50,0
1342,Kyrianische Kettenrüstung,,1334,165,50,0
1343,Faelederrüstung,,1334,165,50,0
1344,Faekettenrüstung,,1334,165,50,0
1345,Nekrolordlederrüstung,,1334,165,50,0
1346,Nekrolordkettenrüstung,,1334,165,50,0
1347,Venthyrlederrüstung,,1334,165,50,0
1348,Venthyrkettenrüstung,,1334,165,50,0
1363,Shadowlands Enchanting - Header,,0,333,920,0
1364,Verzauberkunst der Schattenlande,,1363,2753,920,1
1365,Stiefelverzauberungen,,1364,333,10,0
1366,Brustverzauberungen,,1364,333,20,0
1367,Umhangverzauberungen,,1364,333,30,0
1368,Handschuhverzauberungen,,1364,333,40,0
1369,Optionale Reagenzien,,1364,333,50,0
1370,Armschienenverzauberungen,,1364,333,15,0
1371,Reagenzien,,1364,333,70,0
1372,Ringverzauberungen,,1364,333,80,0
1373,Trümmer,,1364,333,90,0
1374,Zauberstäbe,,1364,333,100,0
1375,Waffenverzauberungen,,1364,333,110,0
1380,Shadowlands Engineering - Header,,0,202,920,0
1381,Ingenieurskunst der Schattenlande,,1380,2755,920,1
1382,Gürtelverbesserungen,,1381,202,10,0
1383,Bomben,,1381,202,20,0
1384,Geräte,,1381,202,30,0
1385,Brillen,,1381,202,40,0
1386,Optionale Reagenzien,,1381,202,15,0
1387,Teile,,1381,202,60,0
1388,Zielfernrohre,,1381,202,70,0
1389,Waffen,,1381,202,80,0
1390,Shadowlands Fishing - Header,,0,356,920,0
1391,Angeln der Schattenlande,,1390,2754,920,1
1392,Köder,,1391,356,10,0
1393,Angelruten,,1391,356,20,0
1394,Shadowlands Tailoring - Header,,0,197,920,0
1395,Muster der Schattenlande,,1394,2759,920,1
1396,Rüstung,,1395,197,50,0
1397,Kyrianische Rüstung,,1395,197,31,0
1398,Faerüstung,,1395,197,32,0
1399,Nekrorüstung,,1395,197,33,0
1400,Venthyrrüstung,,1395,197,34,0
1401,Optionale Reagenzien,,1395,197,10,0
1402,Stickerei,,1395,197,2,0
1403,Verbände,,1395,197,100,0
1405,Shadowlands Inscription - Header,,0,773,920,0
1406,Inschriftenkunde der Schattenlande,,1405,2756,920,1
1407,Schildhand,,1406,773,80,0
1408,Tinten,,1406,773,10,0
1409,Bücher & Schriftrollen,,1406,773,30,0
1410,Verträge,,1406,773,30,0
1411,Karten,,1406,773,40,0
1412,Massenmahlung,,1406,773,100,0
1413,Glyphen,,1406,773,60,0
1415,Stäbe,,1406,773,70,0
1416,Vantusrunen,,1406,773,50,0
1417,Shadowlands Designs - Header,,0,755,920,0
1418,Vorlagen der Schattenlande,,1417,2757,920,1
1419,Edelsteine,,1418,755,10,0
1420,Sondieren,,1418,755,1,0
1421,Optionale Reagenzien,,1418,755,30,0
1422,Halsketten,,1418,755,40,0
1423,Reagenzien,,1418,755,50,0
1424,Ringe,,1418,755,60,0
1440,Sammeltechniken,,1441,182,0,0
1441,Kräuterkunde der Schattenlande,,1442,2760,920,1
1442,Shadowlands Herbalism - Header,,0,182,920,0
1443,Kürschnertechniken,,1331,393,0,0
1444,Seelenchiffrierung,,0,2777,0,0
1445,Resonante Chiffren,,1444,2777,20,0
1446,Phasische Chiffren,,1444,2777,0,0
1447,Ewige Chiffren,,1444,2777,40,0
1448,Schwindende Chiffren,,1444,2777,10,0
1449,Delikatessen,,1118,185,3,0
1471,Rüstungssets,,1334,165,20,0
1472,Spezialrüstung,,1334,165,28,0
1473,Meisterhafte Panzerrüstung,,1334,165,28,0
1474,Optionale Reagenzien,,1406,773,20,0
1476,Reittierausrüstung,,1334,165,100,0
1477,Einfache Konstrukte,,1478,2787,1,0
1478,Monstrositätenflickerei,,0,2787,0,0
1479,Spezialisierte Konstrukte,,1478,2787,2,0
1480,Verbrauchbare Gegenstände,,1478,2787,3,0
1481,Bestandteile,,1478,2787,4,0
1484,Spezieller Schmuck,,1418,755,100,0
1485,Aufstiegshandwerk,,0,2791,0,0
1486,Köder,,1485,2791,1,0
1487,Schilde,,1311,164,21,0
1488,Optionale Reagenzien,,590,164,1,0
1489,Optionale Reagenzien,,584,164,1,0
1490,Optionale Reagenzien,,577,164,1,0
1491,Optionale Reagenzien,,569,164,1,0
1492,Optionale Reagenzien,,553,164,1,0
1493,Optionale Reagenzien,,389,164,1,0
1494,Optionale Reagenzien,,426,164,1,0
1495,Optionale Reagenzien,,542,164,1,0
1496,Optionale Reagenzien,,379,165,8,0
1497,Optionale Reagenzien,,882,165,1,0
1498,Optionale Reagenzien,,880,165,1,0
1499,Optionale Reagenzien,,878,165,1,0
1500,Optionale Reagenzien,,876,165,1,0
1501,Optionale Reagenzien,,380,165,1,0
1502,Optionale Reagenzien,,460,165,10,0
1503,Optionale Reagenzien,,871,165,1,0
1504,Optionale Reagenzien,,362,197,10,0
1505,Optionale Reagenzien,,956,197,5,0
1506,Optionale Reagenzien,,954,197,5,0
1507,Optionale Reagenzien,,952,197,5,0
1508,Optionale Reagenzien,,950,197,5,0
1509,Optionale Reagenzien,,369,197,10,0
1510,Optionale Reagenzien,,430,197,1,0
1511,Optionale Reagenzien,,942,197,5,0
1512,Robotik,,1381,202,995,0
1513,Spezialrüstung,,1395,197,49,0
1514,Ausrüstung,,1485,2791,2,0
1515,Amulette,,1485,2791,3,0
1516,Segen,,1485,2791,4,0
1517,Sonstiges,,1294,171,100,0
1518,Hüte & Accessoires,,1395,197,90,0
1519,Hüte,,1406,773,999,0
1520,Hüte,,1418,755,999,0
1521,Optionale Reagenzien,,1334,165,15,0
1522,Questpläne,,1311,164,0,0
1523,Modeaccessoires: Kopf,,1478,2787,6,0
1524,Spezialgegenstände,,1478,2787,5,0
1525,Questrezepte,,1294,171,0,0
1526,Questrezepte,,1323,185,0,0
1527,Questformeln,,1364,333,0,0
1528,Questbaupläne,,1381,202,0,0
1529,Questtechniken,,1406,773,0,0
1530,Questvorlagen,,1418,755,0,0
1531,Questmuster,,1334,165,0,0
1532,Questmuster,,1395,197,0,0
1533,Modeaccessoires: Sonstiges,,1478,2787,9,0
1534,Modeaccessoires: Schultern,,1478,2787,7,0
1535,Modeaccessoires: Rücken,,1478,2787,8,0
1538,Taschen,,1395,197,20,0
1539,Reagenz,,0,2811,0,0
1542,Sonstiges,,1364,333,999,0
1543,Statuen,,1418,755,110,0
1547,Vombatas,,1548,2819,150,0
1548,Protoformsynthese,,0,2819,0,0
1549,Ambystiden,,1548,2819,20,0
1550,Aureliden,,1548,2819,10,0
1551,Bufoniden,,1548,2819,30,0
1552,Cerviden,,1548,2819,40,0
1553,Heliciden,,1548,2819,50,0
1554,Geomentare,,1548,2819,60,0
1555,Leporiden,,1548,2819,70,0
1556,Puttriden,,1548,2819,80,0
1557,Protoorniden,,1548,2819,90,0
1558,Skarabiden,,1548,2819,110,0
1559,Tarachniden,,1548,2819,120,0
1560,Vespiden,,1548,2819,130,0
1561,Viperiden,,1548,2819,140,0
1562,Arkane Manipulation,,0,2821,0,0
1563,Magische Schmuckstücke,,1562,2821,50,0
1564,Raptoras,,1548,2819,100,0
1565,Schmiedekunst der Dracheninseln - Überschrift,,0,164,910,0
1566,Pläne der Dracheninseln,,1565,2822,910,1
1567,Rüstung,,1566,164,30,0
1570,Alchemie der Dracheninseln - Überschrift,,0,171,910,0
1571,Bergbau der Dracheninseln - Überschrift,,0,186,910,0
1572,Küche der Dracheninseln - Überschrift,,0,185,910,0
1573,Kürschnerei der Dracheninseln - Überschrift,,0,393,910,0
1574,Vorlagen der Dracheninseln - Überschrift,,0,755,910,0
1575,Lederverarbeitung der Dracheninseln - Überschrift,,0,165,910,0
1576,Schneiderei der Dracheninseln - Überschrift,,0,197,910,0
1577,Verzauberkunst der Dracheninseln - Überschrift,,0,333,910,0
1578,Ingenieurskunst der Dracheninseln - Überschrift,,0,202,910,0
1579,Angeln auf den Dracheninseln - Überschrift,,0,356,910,0
1580,Inschriftenkunde der Dracheninseln - Überschrift,,0,773,910,0
1581,Kräuterkunde der Dracheninseln - Überschrift,,0,182,910,0
1582,Alchemie der Dracheninseln,,1570,2823,910,1
1584,Bergbau der Dracheninseln,,1571,2833,910,1
1585,Küche der Dracheninseln,,1572,2824,910,1
1586,Kürschnerei der Dracheninseln,,1573,2834,910,1
1587,Muster der Dracheninseln,,1575,2830,910,1
1588,Formeln der Dracheninseln,,1577,2825,910,1
1591,Muster der Dracheninseln,,1576,2831,910,1
1592,Techniken der Dracheninseln,,1580,2828,910,1
1593,Vorlagen der Dracheninseln,,1574,2829,910,1
1594,Kräuterkunde der Dracheninseln,,1581,2832,910,1
1595,Baupläne der Dracheninseln,,1578,2827,910,1
1597,Lupine,,1548,2819,75,0
1602,Lufttränke,,1582,171,30,0
1603,Luftphiolen,,1582,171,40,0
1604,Transmutationen,,1582,171,50,0
1605,Alchemistensteine,,1582,171,80,0
1606,Berufsbekleidung,,1591,197,30,0
1608,Fertigungsreagenzien,,1582,171,60,0
1609,Optionale Reagenzien,,1582,171,60,0
1610,Räucherwerk,,1582,171,70,0
1611,Reagenzien,,1582,171,15,0
1612,Kessel,,1582,171,35,0
1628,Edelsteine,,1593,755,10,0
1629,Verschiedenes,,1593,755,24,0
1630,Reagenzien,,1593,755,5,0
1631,Schmuckstücke,,1593,755,40,0
1632,Schmuck,,1593,755,50,0
1633,Statuen & Schnitzereien,,1593,755,60,0
1634,Kampfhaustiere,,1593,755,70,0
1635,Extravagante Glaswaren,,1593,755,150,0
1636,Einfache Edelsteine,,1593,755,11,0
1637,Luftedelsteine,,1593,755,13,0
1638,Erdedelsteine,,1593,755,14,0
1639,Feueredelsteine,,1593,755,17,0
1640,Frostedelsteine,,1593,755,19,0
1641,Primalistenedelsteine,,1593,755,21,0
1642,Berufsausrüstung,,1593,755,110,0
1643,Neuheiten,,1593,755,75,0
1644,Frostphiolen,,1582,171,45,0
1645,Frosttränke,,1582,171,35,0
1646,Elementarphiolen und -tränke,,1582,171,37,0
1648,Waffen,,1587,165,50,0
1649,Optionale Reagenzien,,1587,165,100,0
1650,Fertigungsreagenzien,,1587,165,110,0
1651,Rüstungssets,,1587,165,120,0
1652,Spielzeuge,,1587,165,140,0
1654,Reagenzien,,1587,165,90,0
1655,Trommeln,,1587,165,130,0
1656,Berufsausrüstung,,1587,165,40,0
1657,Lederrüstung,,1587,165,20,0
1658,Kettenrüstung,,1587,165,30,0
1662,Bekleidung,,1591,197,15,0
1665,Azurgewobene Gewänder,,1591,197,20,0
1666,Chronostoffgewänder,,1591,197,25,0
1667,Experimente,,1591,197,55,0
1668,Schneidereigrundlagen,,1591,197,1,0
1669,Webstoff,,1591,197,10,0
1670,Verschiedene Stickereien,,1591,197,50,0
1671,Fertigungsreagenzien,,1591,197,12,0
1672,Zauberfaden,,1591,197,31,0
1673,Optionale Reagenzien,,1591,197,11,0
1674,Bestickte Taschen,,1591,197,45,0
1675,Waffen,,1566,164,50,0
1676,Fertigungsreagenzien,,1566,164,7,0
1677,Berufswerkzeug und Zubehör,,1566,164,60,0
1678,Verhüttung,,1566,164,10,0
1679,Optionale Reagenzien,,1566,164,20,0
1680,Haustiere,,1566,164,40,0
1681,Alchemiegrundlagen,,1582,171,5,0
1682,Verbrauchbares Werkzeug,,1566,164,70,0
1683,Himmelsreiten,,1566,164,80,0
1684,Steinmetz,,1566,164,26,0
1685,Juwelierskunstgrundlagen,,1593,755,2,0
1686,Questvorlagen,,1593,755,0,0
1687,Questrezepte,,1582,171,0,0
1688,Questpläne,,1566,164,0,0
1689,Questtechniken,,1594,182,0,0
1690,Questformeln,,1588,333,0,0
1691,Questbaupläne,,1595,202,0,0
1692,Questtechniken,,1592,773,0,0
1693,Questmuster,,1587,165,0,0
1694,Questverfahren,,1584,186,0,0
1695,Questtechniken,,1586,393,0,0
1696,Questmuster,,1591,197,0,0
1698,Aufspüren,,0,186,0,0
1699,Aufspüren,,0,182,0,0
1700,Aufspüren,,0,356,0,0
1702,Zutaten,,1585,185,10,0
1704,Snacks,,1585,185,20,0
1705,Desserts,,1585,185,30,0
1706,Fleischgerichte,,1585,185,40,0
1707,Fischgerichte Deluxe,,1585,185,50,0
1708,Große Festmahle,,1585,185,60,0
1709,Getränke,,1585,185,25,0
1710,Geräte,,1595,202,120,0
1711,Feuerwerk,,1595,202,95,0
1712,Zielfernrohre und Munition,,1595,202,90,0
1713,Tüfteleien,,1595,202,40,0
1714,Berufsausrüstung,,1595,202,130,0
1715,Brillen,,1595,202,50,0
1716,Waffen,,1595,202,70,0
1717,Fertigungsreagenzien,,1595,202,20,0
1718,Teile,,1595,202,10,0
1719,Robotik,,1595,202,140,0
1720,Zahnräder,,1595,202,80,0
1721,Sprengstoff,,1595,202,100,0
1722,Optionale Reagenzien,,1595,202,30,0
1723,Rüstung,,1595,202,60,0
1724,Mahlen,,765,773,1,0
1725,Sondieren,,811,755,1,0
1726,Mahlen,,415,773,1,0
1727,Sondieren,,372,755,1,0
1728,Mahlen,,410,773,1,0
1729,Sondieren,,373,755,1,0
1730,Inschriftenkundegrundlagen,,1592,773,2,0
1731,Mahlen,,759,773,1,0
1732,Sondieren,,805,755,1,0
1733,Mahlen,,450,773,1,0
1734,Sondieren,,464,755,1,0
1735,Mahlen,,767,773,1,0
1736,Sondieren,,813,755,1,0
1737,Mahlen,,769,773,1,0
1738,Sondieren,,815,755,1,0
1739,Mahlen,,763,773,1,0
1740,Sondieren,,809,755,1,0
1741,Mahlen,,1406,773,1,0
1744,Köderrezepte,,1586,393,10,0
1745,Angelköderrezepte,,1586,393,15,0
1746,Verfeinerung,,1586,393,5,0
1747,Einfache Fischgerichte,,1585,185,48,0
1748,Schmuckstücke,,1592,773,25,0
1752,Reagenzien,,1592,2828,10,0
1753,Verfeinerung,,1584,186,0,0
1754,Tinten,,1592,773,10,0
1755,Berufsausrüstung,,1592,773,30,0
1756,Schriftstücke,,1592,773,20,0
1757,Berufsspezialisierung,,1592,773,50,0
1758,Waffen,,1592,773,25,0
1759,Verträge,,1592,773,45,0
1760,Himmelsreiten,,1592,773,55,0
1761,Runen und Siegel,,1592,773,25,0
1762,Geheimnisse,,1592,773,40,0
1763,Schriftrollen,,1592,773,30,0
1764,Abschnitt II - Drakonium,,1584,186,20,0
1765,Abschnitt I - Serevit,,1584,186,10,0
1766,Abbaubare Kreaturen,,1584,186,3,0
1767,Reagenzien,,1592,773,11,0
1768,Umfertigen,,1566,164,1,0
1770,Angelplätze,,1771,2847,1,0
1771,Angelausrüstung der Tuskarr,,0,2847,0,0
1772,Angelausrüstung,,1771,2847,1,0
1773,Angelausrüstungsaufwertungen,,1771,2847,3,0
1774,Ringverzauberungen,,1588,333,80,0
1775,Stiefelverzauberungen,,1588,333,70,0
1776,Armschienenverzauberungen,,1588,333,60,0
1777,Brustverzauberungen,,1588,333,50,0
1778,Umhangverzauberungen,,1588,333,40,0
1779,Waffenverzauberungen,,1588,333,90,0
1780,Berufswerkzeugverzauberungen,,1588,333,100,0
1781,Ruten und Zauberstäbe,,1588,333,110,0
1782,Illusionsgüter,,1588,333,120,0
1783,Trümmer,,1588,333,130,0
1784,Umfertigen,,1595,202,1,0
1785,Umfertigen,,1587,165,1,0
1786,Schilde,,1566,164,40,0
1788,Anhang II - Überladung,,1584,186,110,0
1789,Handwerkswerkzeugschreiben,,1592,773,21,0
1790,Sammelwerkzeugschreiben,,1592,773,22,0
1791,Verfeinerung,,1594,182,1,0
1792,Fertigungsreagenzien,,1588,333,20,0
1793,Abschnitt I - Hochblume,,1594,182,10,0
1794,Abschnitt III - Steinbrich,,1594,182,30,0
1795,Abschnitt II - Blasenmohn,,1594,182,20,0
1796,Abschnitt IV - Krümmrinde,,1594,182,40,0
1797,Anhang II - Überladung,,1594,182,110,0
1798,Fertigungsreagenzien,,1593,755,60,0
1799,Himmelsreiten - Erneuerter Protodrache,,1592,773,55,0
1800,Himmelsreiten - Windgeborener Velocidrache,,1592,773,56,0
1801,Himmelsreiten - Hochlanddrache,,1592,773,57,0
1802,Himmelsreiten - Klippenwilddrache,,1592,773,58,0
1803,Magische Waren,,1588,333,140,0
1804,Kürschnereidetails,,1586,393,1,0
1805,Angeln auf den Dracheninseln,,1579,2826,910,1
1806,Süßwasser,,1805,356,2,0
1807,Salzwasser,,1805,356,3,0
1808,Spezialfischen,,1805,356,4,0
1809,Normales Fischen,,1805,356,1,0
1810,Verfallene Muster,,1587,165,80,0
1811,Elementarmuster,,1587,165,60,0
1812,Wildtiermuster,,1587,165,70,0
1813,Umfertigen,,1588,333,1,0
1814,Anhang II - Grenzenloses Wissen,,1584,186,100,0
1815,Anhang II - Grenzenloses Wissen,,1594,182,100,0
1818,Abschnitt III - Khaz'gorit,,1584,186,30,0
1819,Optionale Reagenzien,,347,202,1,0
1820,Optionale Reagenzien,,410,773,30,0
1824,Orcische Küche,,72,185,0,0
1838,Uralte Pläne,,590,164,999,0
1839,Uralte Muster,,362,197,999,0
1840,Uralte Formeln,,667,333,999,0
1841,Uralte Techniken,,415,773,999,0
1842,Uralte Muster,,379,165,999,0
1855,Handwerkliche Kuriositäten,,1582,171,500,0
1856,Handwerkliche Kuriositäten,,1593,755,500,0
1857,Handwerkliche Kuriositäten,,1587,165,500,0
1858,Handwerkliche Kuriositäten,,1591,197,500,0
1859,Handwerkliche Kuriositäten,,1566,164,500,0
1860,Handwerkliche Kuriositäten,,1585,185,500,0
1861,Handwerkliche Kuriositäten,,1588,333,500,0
1862,Handwerkliche Kuriositäten,,1595,202,500,0
1863,Handwerkliche Kuriositäten,,1592,773,500,0
1864,Köstlich und nahrhaft,,1585,185,55,0
1870,Urzeitliche Steine,,1593,755,500,0
1871,Infusionen der Macht,,1588,333,150,0
1872,Mit Zielhilfe,,1595,202,101,0
1873,Himmelsreiten - Schlängelnder Kriecherdrache,,1592,773,59,0
1874,Glyphen,,1592,773,29,0
1877,Legendär,,1566,164,1,0
1878,Legendär,,1593,755,1,0
1879,Tierisch - Obsidiankämpfer,,1587,165,71,0
1880,Tierisch - Blutroter Kämpfer,,1587,165,72,0
1881,Das Rubinfestmahl,,1585,185,35,0
1882,Legendär,,1595,202,1,0
1886,Uralte Entwürfe,,372,755,999,0
1887,Uralte Baupläne,,419,202,9999,0
1891,Tierisch - Tiefgrüner Kämpfer,,1587,165,72,0
1892,Lieferungen,,1893,2870,0,0
1893,Lieferungen,,0,2870,0,0
1894,Legendär,,1592,773,1,0
1895,Legendär,,1588,333,1,0
1896,Legendär,,1587,165,1,0
1897,Alchemie von Khaz Algar,,0,171,900,0
1898,Rezepte von Khaz Algar,,1897,2871,900,1
1899,Schmiedekunst von Khaz Algar,,0,164,900,0
1900,Pläne von Khaz Algar,,1899,2872,900,1
1901,Küche von Khaz Algar,,0,185,900,0
1902,Küche von Khaz Algar,,1901,2873,900,1
1903,Verzauberkunst von Khaz Algar,,0,333,900,0
1904,Formeln von Khaz Algar,,1903,2874,900,1
1905,Ingenieurskunst von Khaz Algar,,0,202,900,0
1906,Baupläne von Khaz Algar,,1905,2875,900,1
1907,Angeln von Khaz Algar,,0,356,900,0
1908,Angeln von Khaz Algar,,1907,2876,900,1
1909,Kräuterkunde von Khaz Algar,,0,182,900,0
1910,Kräuterkunde von Khaz Algar,,1909,2877,900,1
1911,Inschriftenkunde von Khaz Algar,,0,773,900,0
1912,Techniken von Khaz Algar,,1911,2878,900,1
1913,Vorlagen von Khaz Algar,,0,755,900,0
1914,Vorlagen von Khaz Algar,,1913,2879,900,1
1915,Lederverarbeitung von Khaz Algar,,0,165,900,0
1916,Muster von Khaz Algar,,1915,2880,900,1
1917,Bergbau von Khaz Algar,,0,186,900,0
1918,Bergbau von Khaz Algar,,1917,2881,900,1
1919,Kürschnerei von Khaz Algar,,0,393,900,0
1920,Kürschnerei von Khaz Algar,,1919,2882,900,1
1921,Schneiderei von Khaz Algar,,0,197,900,0
1922,Muster von Khaz Algar,,1921,2883,900,1
1924,Abschnitt I - Bismut,,1918,186,10,0
1925,Abschnitt II - Aqirit,,1918,186,20,0
1926,Abschnitt III - Eisenklaue,,1918,186,30,0
1927,Anhang I - Grenzenloses Wissen,,1918,186,100,0
1928,Anhang II - Überladung,,1918,186,110,0
1933,Anhang I - Grenzenloses Wissen,,1910,182,100,0
1934,Anhang II - Überladung,,2000,182,110,0
1935,Vorratslieferungen,,0,2886,0,0
1936,Kräuterlieferungen,,1935,2886,0,0
1937,Grundausbildung,,871,165,0,0
1938,Erzlieferungen,,1935,2886,0,0
1939,Balglieferungen,,1935,2886,0,0
1940,Nahrungslieferungen,,1935,2886,0,0
1941,Stofflieferungen,,1935,2886,0,0
1943,Umfertigen,,1900,164,1,0
1944,Alchemiegrundlagen,,1898,171,5,0
1945,Umfertigen,,1904,333,1,0
1946,Juwelierskunstgrundlagen,,1914,755,2,0
1947,Umfertigen,,1906,202,1,0
1948,Umfertigen,,1916,165,1,0
1949,Inschriftenkundegrundlagen,,1912,773,2,0
1950,Schneidereigrundlagen,,1922,197,1,0
1959,Himmelsreiten - Grottendrache der Netherschwingen,,1592,773,60,0
1960,Edelsteinlieferungen,,1935,2886,0,0
1969,Tierisch - Drakonischer Kämpfer,,1587,165,73,0
1972,Reagenzien,,1898,171,10,0
1973,Tränke,,1898,171,20,0
1974,Fläschchen,,1898,171,30,0
1975,Phiolen,,1898,171,40,0
1976,Transmutationen,,1898,171,50,0
1977,Alchemistensteine,,1898,171,60,0
1978,Kessel,,1898,171,70,0
1979,Grundlegende Mixturen,,1898,171,15,0
1980,Fatale Fläschchen,,1898,171,35,0
1981,Neuheiten,,1898,171,500,0
1986,Böser Bernstein,,1914,755,10,0
1987,Sensationelle Smaragde,,1914,755,10,0
1988,Opulente Onyxe,,1914,755,10,0
1989,Reizvolle Rubine,,1914,755,10,0
1990,Stattliche Saphire,,1914,755,10,0
1991,Luxuriöser Luxus,,1914,755,90,0
1992,Schmuck,,1914,755,30,0
1993,Handwerk des Wettkämpfers (PvP),,1914,755,35,0
1994,Berufsausrüstung,,1914,755,40,0
1995,Grundlegende Reagenzien,,1914,755,5,0
1996,Prismen,,1914,755,15,0
1997,Barmherziger Blasphemit,,1914,755,13,0
1998,Optionale Verzierungen,,1914,755,7,0
1999,Kräuterkunde von Khaz Algar,,0,182,900,0
2000,Kräuterkunde von Khaz Algar,,1999,2877,900,1
2001,Abschnitt I - Mykopracht,,2000,182,10,0
2002,Abschnitt II - Reiztropfen,,2000,182,20,0
2003,Abschnitt III - Orbinid,,2000,182,30,0
2004,Abschnitt IV - Segensblume,,2000,182,40,0
2005,Abschnitt V - Arathors Speer,,2000,182,50,0
2008,Fertigungsreagenzien,,1914,755,8,0
2009,Verfeinerung,,2000,182,1,0
2010,Handwerk des Wettkämpfers (PvP),,1922,197,95,0
2011,Lederrüstung des Wettkämpfers (PvP),,1916,165,80,0
2012,Plattenrüstung des Wettkämpfers (PvP),,1900,164,80,0
2013,Handwerk des Wettkämpfers (PvP),,1906,202,80,0
2014,Waffen des Wettkämpfers (PvP),,1900,164,85,0
2015,Kettenrüstung des Wettkämpfers (PvP),,1916,165,81,0
2016,Rüstung,,1900,164,40,0
2018,Arathi,,1900,164,20,0
2019,Verhüttung,,1900,164,10,0
2020,Neruber,,1900,164,30,0
2021,Waffen,,1900,164,45,0
2022,Verzierungen,,1900,164,50,0
2023,Fertigungsreagenzien,,1900,164,60,0
2024,Berufsausrüstung,,1900,164,70,0
2025,Sonstiges,,1900,164,80,0
2026,Verzierte Ausrüstung,,1900,164,55,0
2029,Verfeinerung,,1920,393,5,0
2030,Kürschnereidetails,,1920,393,1,0
2031,Questtechniken,,1920,393,0,0
2032,Köderrezepte,,1920,393,10,0
2033,Angelköderrezepte,,1920,393,15,0
2034,Erzaufbereitung,,1918,186,5,0
2035,Aufspüren,,0,393,0,0
2036,Aufspüren,,0,171,0,0
2037,Aufspüren,,0,164,0,0
2038,Aufspüren,,0,333,0,0
2039,Aufspüren,,0,202,0,0
2040,Aufspüren,,0,773,0,0
2041,Aufspüren,,0,755,0,0
2042,Aufspüren,,0,165,0,0
2043,Aufspüren,,0,197,0,0
2044,Mulch,,2000,182,1,0
2045,Geräte,,1906,202,60,0
2046,Lederrüstung,,1916,165,30,0
2047,Kettenrüstung,,1916,165,40,0
2048,Wildtiermuster,,1916,165,70,0
2049,Muster der Neruber,,1916,165,60,0
2050,Arathi-Muster,,1916,165,50,0
2051,Reagenzien,,1916,165,10,0
2052,Verbrauchbare Gegenstände,,1916,165,11,0
2053,Verbrauchbare Gegenstände,,1916,165,12,0
2054,Berufsausrüstung,,1916,165,90,0
2055,Tinten,,1912,773,10,0
2056,Reagenzien,,1912,773,11,0
2057,Kampfwerte,,1912,773,27,0
2058,Verzierungen,,1912,773,20,0
2059,Waffen,,1912,773,25,0
2060,Runen,,1912,773,60,0
2061,Glyphen,,1912,773,29,0
2062,Berufsausrüstung,,1912,773,30,0
2063,Verschiedene Waren,,1912,773,30,0
2064,Geheimnisse,,1912,773,15,0
2065,Verträge,,1912,773,26,0
2066,Berufsabhandlungen,,1912,773,50,0
2067,Handwerk der Konkurrenz,,1912,773,999,0
2068,Gewöhnlicher Fisch,,1908,356,20,0
2069,Ungewöhnlicher Fisch,,1908,356,25,0
2070,Seltener Fisch,,1908,356,30,0
2071,Herzhafte Mahlzeiten,,1902,185,5,0
2072,Snacks,,1902,185,10,0
2073,Schnell und einfach,,1902,185,15,0
2074,Ein gefüllter Bauch,,1902,185,20,0
2075,Nahrhaft und lecker,,1902,185,25,0
2076,Beste der Besten,,1902,185,30,0
2077,Für andere kochen,,1902,185,35,0
2078,Frisch und erfrischend,,1902,185,40,0
2079,Schattenerfüllte Festmahle,,1902,185,45,0
2080,Schnelles zum Mitnehmen,,1902,185,50,0
2081,Desserts,,1902,185,55,0
2086,Berufswerte,,1912,773,28,0
2087,Vorbereitete Zutaten,,1902,185,7,0
2088,Brustverzauberungen,,1904,333,40,0
2089,Waffenverzauberungen,,1904,333,40,0
2090,Ringverzauberungen,,1904,333,40,0
2091,Algarische illusionen,,1904,333,70,0
2092,Manaöle,,1904,333,30,0
2093,Reagenzien,,1904,333,20,0
2094,Ruten und Zauberstäbe,,1904,333,35,0
2095,Zerschmettern,,1904,333,10,0
2098,Webstoff,,1922,197,10,0
2099,Gewobene Morgendämmerung,,1922,197,20,0
2100,Gewobene Abenddämmerung,,1922,197,30,0
2101,Bekleidung,,1922,197,40,0
2102,Optionale Reagenzien,,1922,197,50,0
2103,Fertigungsreagenzien,,1922,197,60,0
2104,Berufszubehör,,1922,197,70,0
2105,Zauberfaden,,1922,197,80,0
2106,Bestickte Taschen,,1922,197,90,0
2107,Bastlergrundlagen,,1906,202,5,0
2108,Für den Kampf ausgerüstet,,1906,202,30,0
2109,Berufsausrüstung,,1906,202,40,0
2110,Sprengstoff,,1906,202,50,0
2111,Teile,,1906,202,10,0
2112,Tüfteleien,,1906,202,70,0
2113,Sicherheitskomponenten,,1906,202,12,0
2114,Zahnräder,,1906,202,15,0
2117,Immerflammenschmiede,,1900,164,5,0
2118,Rahmen,,1900,164,80,0
2119,Steinmetzkunst,,1900,164,75,0
2120,Tagebuch des Anglers,,1908,356,1,0
2121,Verzierungen,,1906,202,13,0
2122,Weberschnur der Algari,,1908,356,5,0
2123,Stellt Eure Fähigkeiten auf die Probe,,1908,356,10,0
2124,Geheimrezepte,,1902,185,60,0
2133,Stiefelverzauberungen,,1904,333,40,0
2134,Armschienenverzauberungen,,1904,333,40,0
2135,Umhangverzauberungen,,1904,333,40,0
2136,Berufswerkzeugverzauberungen,,1904,333,40,0
2183,Glyphen,,1912,773,65,0
2215,Reshiiwickel,,1922,197,90,0
2300,Hausdekoration,,415,773,5,0
2301,Hausdekoration,,604,171,8,0
2302,Hausdekoration,,590,164,15,0
2303,Hausdekoration,,72,185,1,0
2304,Hausdekoration,,667,333,8,0
2305,Hausdekoration,,419,202,8,0
2306,Hausdekoration,,372,755,5,0
2307,Hausdekoration,,379,165,5,0
2308,Hausdekoration,,362,197,5,0
2309,Hausdekoration,,1582,171,20,0
2310,Hausdekoration,,1566,164,23,0
2311,Hausdekoration,,1585,185,15,0
2312,Hausdekoration,,1588,333,5,0
2313,Hausdekoration,,1595,202,8,0
2314,Hausdekoration,,1592,773,15,0
2315,Hausdekoration,,1593,755,8,0
2316,Hausdekoration,,1587,165,5,0
2317,Hausdekoration,,1591,197,5,0
2318,Hausdekoration,,1898,171,80,0
2319,Hausdekoration,,1900,164,77,0
2320,Hausdekoration,,1902,185,58,0
2321,Hausdekoration,,1904,333,65,0
2322,Hausdekoration,,1906,202,80,0
2323,Hausdekoration,,1912,773,70,0
2324,Hausdekoration,,1914,755,95,0
2325,Hausdekoration,,1916,165,95,0
2326,Hausdekoration,,1922,197,100,0
2327,Hausdekoration,,602,171,3,0
2328,Hausdekoration,,584,164,8,0
2329,Hausdekoration,,73,185,5,0
2330,Hausdekoration,,665,333,15,0
2331,Hausdekoration,,719,202,15,0
2332,Hausdekoration,,769,773,15,0
2333,Hausdekoration,,815,755,7,0
2334,Hausdekoration,,882,165,15,0
2335,Hausdekoration,,956,197,1,0
2336,Hausdekoration,,600,171,3,0
2337,Hausdekoration,,577,164,8,0
2338,Hausdekoration,,74,185,5,0
2339,Hausdekoration,,663,333,15,0
2340,Hausdekoration,,717,202,5,0
2341,Hausdekoration,,767,773,15,0
2342,Hausdekoration,,813,755,7,0
2343,Hausdekoration,,880,165,15,0
2344,Hausdekoration,,954,197,1,0
2345,Hausdekoration,,598,171,3,0
2346,Hausdekoration,,569,164,15,0
2347,Hausdekoration,,75,185,5,0
2348,Hausdekoration,,661,333,8,0
2349,Hausdekoration,,715,202,5,0
2350,Hausdekoration,,765,773,15,0
2351,Hausdekoration,,811,755,7,0
2352,Hausdekoration,,878,165,15,0
2353,Hausdekoration,,952,197,1,0
2354,Hausdekoration,,596,171,3,0
2355,Hausdekoration,,553,164,15,0
2356,Hausdekoration,,90,185,0,0
2357,Hausdekoration,,656,333,15,0
2358,Hausdekoration,,713,202,5,0
2359,Hausdekoration,,763,773,15,0
2360,Hausdekoration,,809,755,7,0
2361,Hausdekoration,,876,165,15,0
2362,Hausdekoration,,950,197,1,0
2363,Hausdekoration,,332,171,150,0
2364,Hausdekoration,,389,164,15,0
2365,Hausdekoration,,342,185,0,0
2366,Hausdekoration,,348,333,30,0
2367,Hausdekoration,,347,202,5,0
2368,Hausdekoration,,410,773,15,0
2369,Hausdekoration,,373,755,15,0
2370,Hausdekoration,,380,165,15,0
2371,Hausdekoration,,369,197,8,0
2372,Hausdekoration,,433,171,5,0
2373,Hausdekoration,,426,164,15,0
2374,Hausdekoration,,475,185,5,0
2375,Hausdekoration,,443,333,5,0
2376,Hausdekoration,,469,202,5,0
2377,Hausdekoration,,450,773,15,0
2378,Hausdekoration,,464,755,15,0
2379,Hausdekoration,,460,165,5,0
2380,Hausdekoration,,430,197,15,0
2381,Hausdekoration,,592,171,1,0
2382,Hausdekoration,,542,164,5,0
2383,Hausdekoration,,1118,185,1,0
2384,Hausdekoration,,647,333,5,0
2385,Hausdekoration,,709,202,3,0
2386,Hausdekoration,,759,773,15,0
2387,Hausdekoration,,805,755,5,0
2388,Hausdekoration,,871,165,5,0
2389,Hausdekoration,,942,197,1,0
2390,Hausdekoration,,1294,171,1,0
2391,Hausdekoration,,1311,164,5,0
2392,Hausdekoration,,1323,185,5,0
2393,Hausdekoration,,1364,333,5,0
2394,Hausdekoration,,1381,202,3,0
2395,Hausdekoration,,1406,773,15,0
2396,Hausdekoration,,1418,755,5,0
2397,Hausdekoration,,1334,165,12,0
2398,Hausdekoration,,1395,197,1,0
2603,Hausdekoration,,1257,2720,1,0
2649,Sektion VI - Phantomblüte,,2000,182,60,0
2650,Sektion IV - Trostlose Vorkommen,,1918,186,40,0
2670,Farbherstellung,,0,2984,0,0
2671,Roter Farbstoff,,2670,2984,0,0
2672,Orangefarbener Farbstoff,,2670,2984,0,0
2673,Gelber Farbstoff,,2670,2984,0,0
2674,Grüner Farbstoff,,2670,2984,0,0
2675,Türkiser Farbstoff,,2670,2984,0,0
2676,Blauer Farbstoff,,2670,2984,0,0
2677,Lila Farbstoff,,2670,2984,0,0
2678,Weißer Farbstoff,,2670,2984,0,0
2679,Schwarzer Farbstoff,,2670,2984,0,0
2680,Brauner Farbstoff,,2670,2984,0,0
2681,Metallischer Farbstoff,,2670,2984,10,0
2710,Behausungsfarbstoffpigment,,415,773,5,0
2711,Behausungsfarbstoffpigment,,604,171,8,0
2727,Holzfarbstoff,,2670,2984,10,0
