Name_lang,ID,ParentUiMapID,Flags,System,Type,BountySetID,BountyDisplayLocation,TempVisibilityPlayerConditionID,VisibilityPlayerConditionID,HelpTextPosition,BkgAtlasID,AlternateUiMapGroup,ContentTuningID,AdventureMapTextureKitID,MapArtZoneTextPosition
Durotar,1,12,6,0,3,0,0,0,0,0,0,0,70,0,0
Covil da Lâmina Ardente,2,1,0,0,5,0,0,0,0,0,0,0,0,0,0
Bastilha Tiragarde,3,1,0,0,5,0,0,0,0,0,0,0,0,0,0
Bastilha Tiragarde,4,1,0,0,5,0,0,0,0,0,0,0,0,0,0
Rocha da Caveira,5,1,0,0,5,0,0,0,0,0,0,0,0,0,0
Caverna Sopravento,6,1,0,0,5,0,0,0,0,0,0,0,0,0,0
Mulgore,7,12,6,0,3,0,0,0,0,0,0,0,71,0,0
Rochedo Jubalba,8,7,0,0,5,0,0,0,0,0,0,0,0,0,0
Mina da Empreendimentos S.A.,9,7,0,0,5,0,0,0,0,0,0,0,0,0,0
Sertões Setentrionais,10,12,6,0,3,0,0,0,0,0,0,0,3,0,0
Caverna Ululante,11,10,0,0,5,0,0,0,0,0,0,0,0,0,0
Kalimdor,12,947,0,0,2,0,0,0,0,0,0,0,2844,0,0
Reinos do Leste,13,947,0,0,2,0,0,0,0,0,0,0,2844,0,0
Planalto Arathi,14,13,6,0,3,10,1,0,0,1,0,0,17,0,0
Ermos,15,13,6,0,3,0,0,0,0,0,0,0,27,0,0
Uldaman,16,15,0,0,5,0,0,0,0,0,0,0,0,0,0
Barreira do Inferno,17,13,6,0,3,0,0,0,0,0,0,0,34,0,0
Clareiras de Tirisfal,18,13,6,0,3,0,0,0,0,0,0,0,75,0,0
Entrada do Monastério Escarlate,19,18,0,0,5,0,0,0,0,0,0,0,0,0,0
Pouso do Guardião,20,18,0,0,5,0,0,0,0,0,0,0,0,0,0
Floresta de Pinhaprata,21,13,6,0,3,0,0,0,0,0,0,0,7,0,0
Terras Pestilentas Ocidentais,22,13,6,0,3,0,0,0,0,0,0,0,25,0,0
Terras Pestilentas Orientais,23,13,6,0,3,0,0,0,0,0,0,0,35,0,0
Capela Esperança da Luz,24,23,0,0,5,0,0,0,0,0,0,0,0,0,0
Contraforte de Eira dos Montes,25,13,6,0,3,0,0,0,0,0,0,0,11,0,0
Terras Agrestes,26,13,6,0,3,0,0,0,0,0,0,0,20,0,0
Dun Morogh,27,13,6,0,3,0,0,0,0,0,0,0,74,0,0
Caminho de Cristálgida,28,27,0,0,5,0,0,0,0,0,0,0,0,0,0
Covil Cinzento,29,27,0,0,5,0,0,0,0,0,0,0,0,0,0
Vila da Gambiarra,30,27,0,0,5,0,0,0,0,0,0,0,0,0,0
Pedreira Gol'Bolar,31,27,0,0,5,0,0,0,0,0,0,0,0,0,0
Garganta Abrasadora,32,13,6,0,3,0,0,0,0,0,0,0,29,0,0
Montanha Rocha Negra,33,36,0,0,5,0,0,0,0,0,0,0,0,0,0
Montanha Rocha Negra,34,36,0,0,5,0,0,0,0,0,0,0,0,0,0
Montanha Rocha Negra,35,32,0,0,5,0,0,0,0,0,0,0,0,0,0
Estepes Ardentes,36,13,6,0,3,0,0,0,0,0,0,0,30,0,0
Floresta de Elwynn,37,13,6,0,3,0,0,0,0,0,0,0,73,0,0
Mina Vailafundo,38,37,0,0,5,0,0,0,0,0,0,0,0,0,0
Mina Vailafundo,39,37,0,0,5,0,0,0,0,0,0,0,0,0,0
Mina de Jaspe,40,37,0,0,5,0,0,0,0,0,0,0,0,0,0
Dalaran,41,42,0,0,5,0,0,0,0,0,0,0,0,0,0
Trilha do Vento Morto,42,13,6,0,3,0,0,0,0,0,0,0,775,0,0
Porão do Senhorio,43,42,0,0,5,0,0,0,0,0,0,0,0,0,0
Porão do Senhorio,44,42,0,0,5,0,0,0,0,0,0,0,0,0,0
Porão do Senhorio,45,42,0,0,5,0,0,0,0,0,0,0,0,0,0
Catacumbas de Karazhan,46,42,0,0,5,0,0,0,0,0,0,0,0,0,0
Floresta do Crepúsculo,47,13,6,0,3,0,0,0,0,0,0,0,13,0,0
Loch Modan,48,13,6,0,3,0,0,0,0,0,0,0,9,0,0
Montanhas Cristarrubra,49,13,6,0,3,0,0,0,0,0,0,0,10,0,0
Selva do Espinhaço Setentrional,50,224,6,0,3,0,0,0,0,0,0,0,18,0,0
Pântano das Mágoas,51,13,6,0,3,0,0,0,0,0,0,0,31,0,0
Cerro Oeste,52,13,6,0,3,0,0,0,0,0,0,0,6,0,0
Pedreira Costa Dourada,53,52,0,0,5,0,0,0,0,0,0,0,0,0,0
Mina Veiojango,54,52,0,0,5,0,0,0,0,0,0,0,0,0,0
Minas Mortas,55,52,0,0,5,0,0,0,0,0,0,0,0,0,0
Pantanal,56,13,6,0,3,0,0,0,0,0,0,0,15,0,0
Teldrassil,57,12,6,0,3,0,0,0,68088,0,0,0,72,0,0
Caverna Fionumbra,58,57,0,0,5,0,0,0,0,0,0,0,0,0,0
Pedra Vil,59,57,0,0,5,0,0,0,0,0,0,0,0,0,0
Gruta de Ban'ethil,60,57,0,0,5,0,0,0,0,0,0,0,0,0,0
Gruta de Ban'ethil,61,57,0,0,5,0,0,0,0,0,0,0,0,0,0
Costa Negra,62,12,6,0,3,10,1,0,0,1,0,0,5,0,0
Vale Gris,63,12,6,0,3,0,0,0,0,0,0,0,12,0,0
Mil Agulhas,64,12,6,0,3,0,0,0,0,0,0,0,21,0,0
Cordilheira das Torres de Pedra,65,12,6,0,3,0,0,0,0,0,0,0,14,0,0
Desolação,66,12,6,0,3,0,0,0,0,0,0,0,19,0,0
Maraudon,67,66,0,0,5,0,0,0,0,0,0,0,0,0,0
Maraudon,68,66,0,0,5,0,0,0,0,0,0,0,0,0,0
Feralas,69,12,6,0,3,0,0,0,0,0,0,0,22,0,0
Pântano Vadeoso,70,12,6,0,3,0,0,0,0,0,0,0,23,0,0
Tanaris,71,12,6,0,3,0,0,0,0,0,0,0,28,0,0
Covil Nóxio,72,71,0,0,5,0,0,0,0,0,0,0,0,0,0
Fenda Hazzali,73,71,0,0,5,0,0,0,0,0,0,0,0,0,0
Cavernas do Tempo,74,71,0,0,5,0,0,0,0,0,0,0,0,0,0
Cavernas do Tempo,75,71,0,0,5,0,0,0,0,0,0,0,0,0,0
Azshara,76,12,6,0,3,0,0,0,0,0,0,0,2,0,0
Selva Maleva,77,12,6,0,3,0,0,0,0,0,0,0,26,0,0
Cratera Un'Goro,78,12,6,0,3,0,0,0,0,0,0,0,32,0,0
Fenda Coleante,79,78,0,0,5,0,0,0,0,0,0,0,0,0,0
Clareira da Lua,80,12,6,0,3,0,0,0,0,0,0,0,884,0,0
Silithus,81,12,6,0,3,0,0,0,0,0,0,0,36,0,0
Passeio do Crepúsculo,82,81,0,0,5,0,0,0,0,0,0,0,0,0,0
Hibérnia,83,12,6,0,3,0,0,0,0,0,0,0,33,0,0
Ventobravo,84,13,7,0,3,0,0,0,0,0,0,0,0,0,0
Orgrimmar,85,12,7,0,3,0,0,0,0,0,0,0,0,0,0
Orgrimmar,86,85,512,0,6,0,0,0,0,0,0,0,0,0,0
Altaforja,87,13,6,0,3,0,0,0,0,0,0,0,0,0,0
Penhasco do Trovão,88,12,6,0,3,0,0,0,0,0,0,0,0,0,0
Darnassus,89,12,7,0,3,0,0,0,68088,0,0,0,0,0,0
Cidade Baixa,90,13,6,0,3,0,0,0,62731,0,0,0,0,0,0
Vale Alterac,91,25,0,0,6,0,0,0,0,0,0,0,0,0,0
Ravina Brado Guerreiro,92,10,0,0,6,0,0,0,0,0,0,0,0,0,0
Bacia Arathi,93,14,0,0,6,0,0,0,0,0,0,0,0,0,0
Floresta do Canto Eterno,94,13,6,0,3,0,0,0,0,0,0,0,77,0,0
Terra Fantasma,95,13,6,0,3,0,0,0,0,0,0,0,8,0,0
Catacumbas Amani,96,95,0,0,5,0,0,0,0,0,0,0,0,0,0
Ilha Névoa Lazúli,97,12,6,0,3,0,0,0,0,0,0,0,76,0,0
Gruta das Marés,98,97,0,0,5,0,0,0,0,0,0,0,0,0,0
Aldeia de Pinhoquieto,99,97,0,0,5,0,0,0,0,0,0,0,0,0,0
Península Fogo do Inferno,100,101,6,0,3,0,0,0,0,0,0,0,37,0,0
Terralém,101,946,0,0,2,0,0,0,0,0,0,0,777,0,0
Pântano Zíngaro,102,101,6,0,3,0,0,0,0,0,0,0,38,0,0
Exodar,103,12,6,0,3,0,0,0,0,0,0,0,0,0,0
Vale da Lua Negra,104,101,6,0,3,0,0,0,0,0,0,0,43,0,0
Montanhas da Lâmina Afiada,105,101,6,0,3,0,0,0,0,0,0,0,41,0,0
Ilha Névoa Rubra,106,12,6,0,3,0,0,0,0,0,0,0,4,0,0
Nagrand,107,101,6,0,3,0,0,0,0,0,0,0,40,0,0
Mata Terokkar,108,101,6,0,3,0,0,0,0,0,0,0,39,0,0
Eternévoa,109,101,6,0,3,0,0,0,0,0,0,0,42,0,0
Luaprata,110,13,6,0,3,0,0,0,0,0,0,0,0,0,0
Shattrath,111,101,6,0,3,0,0,0,0,0,0,0,0,0,0
Olho da Tormenta,112,109,0,0,6,0,0,0,0,0,0,0,0,0,0
Nortúndria,113,947,0,0,2,0,0,0,0,0,0,0,826,0,0
Tundra Boreana,114,113,6,0,3,0,0,0,0,0,0,0,44,0,0
Ermo das Serpes,115,113,6,0,3,0,0,0,0,0,0,0,46,0,0
Serra Gris,116,113,6,0,3,0,0,0,0,0,0,0,47,0,0
Fiorde Uivante,117,113,6,0,3,0,0,0,0,0,0,0,45,0,0
Coroa de Gelo,118,113,6,0,3,0,0,0,0,0,0,0,51,0,0
Bacia Sholazar,119,113,6,0,3,0,0,0,0,0,0,0,49,0,0
Picos Tempestuosos,120,113,6,0,3,0,0,0,0,0,0,0,50,0,0
Zul'Drak,121,113,6,0,3,0,0,0,0,0,0,0,48,0,0
Ilha de Quel'Danas,122,13,6,0,3,0,0,0,0,0,0,0,161,0,0
Invérnia,123,113,6,0,3,0,0,0,0,0,0,0,1200,0,0
Terras Pestilentas: Enclave Escarlate,124,23,0,0,6,0,0,0,0,0,0,0,0,0,0
Dalaran,125,127,0,0,4,0,0,0,0,0,0,0,0,0,0
Dalaran,126,127,0,0,4,0,0,0,0,0,0,0,0,0,0
Floresta do Canto Cristalino,127,113,6,0,3,0,0,0,0,0,0,0,163,0,0
Baía dos Ancestrais,128,115,0,0,6,0,0,0,0,0,0,0,0,0,0
Nexus,129,114,0,0,4,0,0,0,0,0,0,0,0,0,0
Expurgo de Stratholme,130,71,0,0,4,0,0,0,0,0,0,0,0,0,0
Expurgo de Stratholme,131,130,0,0,4,0,0,0,0,0,0,0,0,0,0
Ahn'kahet: O Velho Reino,132,115,0,0,4,0,0,0,0,0,0,0,0,0,0
Bastilha Utgarde,133,117,0,0,4,0,0,0,0,0,0,0,0,0,0
Bastilha Utgarde,134,117,0,0,4,0,0,0,0,0,0,0,0,0,0
Bastilha Utgarde,135,117,0,0,4,0,0,0,0,0,0,0,0,0,0
Pináculo Utgarde,136,117,0,0,4,0,0,0,0,0,0,0,0,0,0
Pináculo Utgarde,137,117,0,0,4,0,0,0,0,0,0,0,0,0,0
Salões Relampejantes,138,120,0,0,4,0,0,0,0,0,0,0,0,0,0
Salões Relampejantes,139,120,0,0,4,0,0,0,0,0,0,0,0,0,0
Salões Rochosos,140,120,0,0,4,0,0,0,0,0,0,0,0,0,0
Olho da Eternidade,141,114,0,0,4,0,0,0,0,0,0,0,0,0,0
Óculus,142,114,0,0,6,0,0,0,0,0,0,0,0,0,0
Óculus,143,114,0,0,4,0,0,0,0,0,0,0,0,0,0
Óculus,144,114,0,0,4,0,0,0,0,0,0,0,0,0,0
Óculus,145,114,0,0,4,0,0,0,0,0,0,0,0,0,0
Óculus,146,114,0,0,4,0,0,0,0,0,0,0,0,0,0
Ulduar,147,120,0,0,4,0,0,0,0,0,0,0,0,0,0
Ulduar,148,147,0,0,4,0,0,0,0,0,0,0,0,0,0
Ulduar,149,147,0,0,4,0,0,0,0,0,0,0,0,0,0
Ulduar,150,147,0,0,4,0,0,0,0,0,0,0,0,0,0
Ulduar,151,147,0,0,4,0,0,0,0,0,0,0,0,0,0
Ulduar,152,147,0,0,4,0,0,0,0,0,0,0,0,0,0
Gundrak,153,121,0,0,6,0,0,0,0,0,0,0,0,0,0
Gundrak,154,121,0,0,4,0,0,0,0,0,0,0,0,0,0
Santuário Obsidiano,155,115,0,0,6,0,0,0,0,0,0,0,0,0,0
Abóbada de Arcavon,156,123,0,0,4,0,0,0,0,0,0,0,0,0,0
Azjol-Nerub,157,115,0,0,4,0,0,0,0,0,0,0,0,0,0
Azjol-Nerub,158,115,0,0,4,0,0,0,0,0,0,0,0,0,0
Azjol-Nerub,159,115,0,0,4,0,0,0,0,0,0,0,0,0,0
Bastilha Drak'Tharon,160,121,0,0,4,0,0,0,0,0,0,0,0,0,0
Bastilha Drak'Tharon,161,121,0,0,4,0,0,0,0,0,0,0,0,0,0
Naxxramas,162,115,0,0,4,0,0,0,0,0,0,0,0,0,0
Naxxramas,163,115,0,0,4,0,0,0,0,0,0,0,0,0,0
Naxxramas,164,115,0,0,4,0,0,0,0,0,0,0,0,0,0
Naxxramas,165,115,0,0,4,0,0,0,0,0,0,0,0,0,0
Naxxramas,166,115,0,0,4,0,0,0,0,0,0,0,0,0,0
Naxxramas,167,115,0,0,4,0,0,0,0,0,0,0,0,0,0
Castelo Violeta,168,125,0,0,4,0,0,0,0,0,0,0,0,0,0
Ilha da Conquista,169,118,0,0,6,0,0,0,0,0,0,0,0,0,0
Porto de Hrothgar,170,113,6,0,3,0,0,0,0,0,0,0,988,0,0
Prova do Campeão,171,118,0,0,4,0,0,0,0,0,0,0,0,0,0
Prova do Cruzado,172,118,0,0,4,0,0,0,0,0,0,0,0,0,0
Prova do Cruzado,173,118,0,0,4,0,0,0,0,0,0,0,0,0,0
Ilhas Perdidas,174,948,6,0,3,0,0,0,0,0,0,0,159,0,0
Caverna Jakamita,175,174,0,0,5,0,0,0,0,0,0,0,0,0,0
Covil de Volcanoth,176,174,0,0,5,0,0,0,0,0,0,0,0,0,0
Mina de Trabalhos Forçados de Gallywix,177,174,0,0,5,0,0,0,0,0,0,0,0,0,0
Mina de Trabalhos Forçados de Gallywix,178,174,0,0,5,0,0,0,0,0,0,0,0,0,0
Guilnéas,179,13,6,0,6,0,0,0,0,0,0,0,78,0,0
Mina da Pedra Incandescente,180,179,0,0,5,0,0,0,0,0,0,0,0,0,0
Solar dos Greymane,181,179,0,0,5,0,0,0,0,0,0,0,0,0,0
Solar dos Greymane,182,179,0,0,5,0,0,0,0,0,0,0,0,0,0
Forja das Almas,183,118,0,0,4,0,0,0,0,0,0,0,0,0,0
Fosso de Saron,184,118,0,0,6,0,0,0,0,0,0,0,0,0,0
Salões da Reflexão,185,118,0,0,4,0,0,0,0,0,0,0,0,0,0
Cidadela da Coroa de Gelo,186,118,0,0,4,0,0,0,0,0,0,0,0,0,0
Cidadela da Coroa de Gelo,187,118,0,0,4,0,0,0,0,0,0,0,0,0,0
Cidadela da Coroa de Gelo,188,118,0,0,4,0,0,0,0,0,0,0,0,0,0
Cidadela da Coroa de Gelo,189,118,0,0,4,0,0,0,0,0,0,0,0,0,0
Cidadela da Coroa de Gelo,190,118,0,0,4,0,0,0,0,0,0,0,0,0,0
Cidadela da Coroa de Gelo,191,118,0,0,4,0,0,0,0,0,0,0,0,0,0
Cidadela da Coroa de Gelo,192,118,0,0,4,0,0,0,0,0,0,0,0,0,0
Cidadela da Coroa de Gelo,193,118,0,0,4,0,0,0,0,0,0,0,0,0,0
Kezan,194,948,6,0,3,0,0,0,0,0,0,0,79,0,0
Jakamina,195,194,0,0,5,0,0,0,0,0,0,0,0,0,0
Jakamina,196,194,0,0,5,0,0,0,0,0,0,0,0,0,0
Jakamina,197,194,0,0,5,0,0,0,0,0,0,0,0,0,0
Monte Hyjal,198,12,6,0,3,0,0,0,0,0,0,0,52,0,0
Sertões Meridionais,199,12,6,0,3,0,0,0,0,0,0,0,16,0,0
Santuário Rubi,200,115,0,0,6,0,0,0,0,0,0,0,0,0,0
Floresta Kelp'thar,201,203,6,0,3,0,0,0,0,0,0,0,0,0,0
Guilnéas,202,179,6,0,3,0,0,0,0,0,0,0,0,0,0
Vashj'ir,203,13,6,0,3,0,0,0,0,0,0,0,53,0,0
Profundezas Abissais,204,203,6,0,3,0,0,0,0,0,0,0,0,0,0
Vastidão Cintilante,205,203,6,0,3,0,0,0,0,0,0,0,0,0,0
Montes Gêmeos,206,241,0,0,6,0,0,0,0,0,0,0,0,0,0
Geodomo,207,948,6,0,3,0,0,0,0,0,0,0,54,0,0
Profundezas do Crepúsculo,208,207,0,0,5,0,0,0,0,0,0,0,0,0,0
Profundezas do Crepúsculo,209,207,0,0,5,0,0,0,0,0,0,0,0,0,0
Cabo do Espinhaço,210,224,6,0,3,0,0,0,0,0,0,0,24,0,0
Cavernas Ígneas,213,85,0,0,4,0,0,0,0,0,0,0,0,0,0
Ruínas de Guilnéas,217,13,6,0,3,0,0,0,0,0,0,0,78,0,0
Ruínas de Guilnéas,218,217,1,0,6,0,0,0,0,0,0,0,0,0,0
Zul'Farrak,219,71,0,0,6,0,0,0,0,0,0,0,0,0,0
Templo de Atal'Hakkar,220,51,0,0,4,0,0,0,0,0,0,0,0,0,0
Profundezas Negras,221,63,0,0,4,0,0,0,0,0,0,0,0,0,0
Profundezas Negras,222,63,0,0,4,0,0,0,0,0,0,0,0,0,0
Profundezas Negras,223,63,0,0,4,0,0,0,0,0,0,0,0,0,0
Selva do Espinhaço,224,13,6,0,3,0,0,0,0,0,0,0,18,0,0
O Cárcere,225,84,0,0,4,0,0,0,0,0,0,0,0,0,0
Gnomeregan,226,27,0,0,4,0,0,0,0,0,0,0,0,0,0
Gnomeregan,227,27,0,0,4,0,0,0,0,0,0,0,0,0,0
Gnomeregan,228,27,0,0,4,0,0,0,0,0,0,0,0,0,0
Gnomeregan,229,27,0,0,4,0,0,0,0,0,0,0,0,0,0
Uldaman,230,15,0,0,4,0,0,0,0,0,0,0,0,0,0
Uldaman,231,15,0,0,4,0,0,0,0,0,0,0,0,0,0
Núcleo Derretido,232,36,0,0,4,0,0,0,0,0,0,0,0,0,0
Zul'Gurub,233,50,0,0,6,0,0,0,0,0,0,0,0,0,0
Gládio Cruel,234,69,0,0,6,0,0,0,0,0,0,0,0,0,0
Gládio Cruel,235,69,0,0,4,0,0,0,0,0,0,0,0,0,0
Gládio Cruel,236,69,0,0,4,0,0,0,0,0,0,0,0,0,0
Gládio Cruel,237,69,0,0,4,0,0,0,0,0,0,0,0,0,0
Gládio Cruel,238,69,0,0,4,0,0,0,0,0,0,0,0,0,0
Gládio Cruel,239,69,0,0,4,0,0,0,0,0,0,0,0,0,0
Gládio Cruel,240,69,0,0,4,0,0,0,0,0,0,0,0,0,0
Planalto do Crepúsculo,241,13,6,0,3,0,0,0,0,0,0,0,56,0,0
Abismo Rocha Negra,242,32,0,0,4,0,0,0,0,0,0,0,0,0,0
Abismo Rocha Negra,243,32,0,0,4,0,0,0,0,0,0,0,0,0,0
Tol Barad,244,13,0,0,3,0,0,0,0,0,0,0,656,0,0
Península de Tol Barad,245,13,0,0,3,0,0,0,0,0,0,0,656,0,0
Salões Despedaçados,246,100,0,0,4,0,0,0,0,0,0,0,0,0,0
Ruínas de Ahn'Qiraj,247,81,0,0,6,0,0,0,0,0,0,0,0,0,0
Covil de Onyxia,248,70,0,0,4,0,0,0,0,0,0,0,0,0,0
Uldum,249,12,6,0,3,0,0,0,75733,2,0,1,55,0,0
Pico da Rocha Negra,250,36,0,0,4,0,0,0,0,0,0,0,0,0,0
Pico da Rocha Negra,251,36,0,0,4,0,0,0,0,0,0,0,0,0,0
Pico da Rocha Negra,252,36,0,0,4,0,0,0,0,0,0,0,0,0,0
Pico da Rocha Negra,253,36,0,0,4,0,0,0,0,0,0,0,0,0,0
Pico da Rocha Negra,254,36,0,0,4,0,0,0,0,0,0,0,0,0,0
Pico da Rocha Negra,255,36,0,0,4,0,0,0,0,0,0,0,0,0,0
Catacumbas Auchenai,256,108,0,0,4,0,0,0,0,0,0,0,0,0,0
Catacumbas Auchenai,257,108,0,0,4,0,0,0,0,0,0,0,0,0,0
Salões dos Sethekk,258,108,0,0,4,0,0,0,0,0,0,0,0,0,0
Salões dos Sethekk,259,108,0,0,4,0,0,0,0,0,0,0,0,0,0
Labirinto Soturno,260,108,0,0,4,0,0,0,0,0,0,0,0,0,0
Fornalha de Sangue,261,100,0,0,4,0,0,0,0,0,0,0,0,0,0
Brejo Oculto,262,102,0,0,4,0,0,0,0,0,0,0,0,0,0
Câmara dos Vapores,263,102,0,0,4,0,0,0,0,0,0,0,0,0,0
Câmara dos Vapores,264,102,0,0,4,0,0,0,0,0,0,0,0,0,0
Pátio dos Escravos,265,102,0,0,4,0,0,0,0,0,0,0,0,0,0
Jardim Botânico,266,109,0,0,4,0,0,0,0,0,0,0,0,0,0
Mecanar,267,109,0,0,4,0,0,0,0,0,0,0,0,0,0
Mecanar,268,109,0,0,4,0,0,0,0,0,0,0,0,0,0
Arcatraz,269,109,0,0,4,0,0,0,0,0,0,0,0,0,0
Arcatraz,270,109,0,0,4,0,0,0,0,0,0,0,0,0,0
Arcatraz,271,109,0,0,4,0,0,0,0,0,0,0,0,0,0
Tumbas de Mana,272,108,0,0,4,0,0,0,0,0,0,0,0,0,0
Lamaçal Negro,273,75,0,0,6,0,0,0,0,0,0,0,0,0,0
Antigo Contraforte de Eira dos Montes,274,75,0,0,6,0,0,0,0,0,0,0,0,0,0
A Batalha por Guilnéas,275,179,0,0,6,0,0,0,0,0,0,0,0,0,0
Voragem,276,948,6,0,3,0,0,0,0,0,0,0,0,0,0
Cidade Perdida dos Tol'vir,277,249,0,0,6,0,0,0,0,0,0,0,0,0,0
Caverna Ululante,279,10,0,0,4,0,0,0,0,0,0,0,0,0,0
Maraudon,280,66,0,0,4,0,0,0,0,0,0,0,0,0,0
Maraudon,281,66,0,0,4,0,0,0,0,0,0,0,0,0,0
Guarnição Baradin,282,244,0,0,4,0,0,0,0,0,0,0,0,0,0
Caverna Rocha Negra,283,36,0,0,4,0,0,0,0,0,0,0,0,0,0
Caverna Rocha Negra,284,36,0,0,4,0,0,0,0,0,0,0,0,0,0
Descenso do Asa Negra,285,36,0,0,4,0,0,0,0,0,0,0,0,0,0
Descenso do Asa Negra,286,36,0,0,4,0,0,0,0,0,0,0,0,0,0
Covil Asa Negra,287,36,0,0,4,0,0,0,0,0,0,0,0,0,0
Covil Asa Negra,288,36,0,0,4,0,0,0,0,0,0,0,0,0,0
Covil Asa Negra,289,36,0,0,4,0,0,0,0,0,0,0,0,0,0
Covil Asa Negra,290,36,0,0,4,0,0,0,0,0,0,0,0,0,0
Minas Mortas,291,52,0,0,4,0,0,0,0,0,0,0,0,0,0
Minas Mortas,292,52,0,0,4,0,0,0,0,0,0,0,0,0,0
Grim Batol,293,241,0,0,4,0,0,0,0,0,0,0,0,0,0
Bastião do Crepúsculo,294,241,0,0,4,0,0,0,0,0,0,0,0,0,0
Bastião do Crepúsculo,295,241,0,0,4,0,0,0,0,0,0,0,0,0,0
Bastião do Crepúsculo,296,241,0,0,4,0,0,0,0,0,0,0,0,0,0
Salões Primordiais,297,249,0,0,4,0,0,0,0,0,0,0,0,0,0
Salões Primordiais,298,249,0,0,4,0,0,0,0,0,0,0,0,0,0
Salões Primordiais,299,249,0,0,4,0,0,0,0,0,0,0,0,0,0
Urzal dos Mortos,300,64,0,0,4,0,0,0,0,0,0,0,0,0,0
Urzal dos Tuscos,301,199,0,0,4,0,0,0,0,0,0,0,0,0,0
Monastério Escarlate,302,18,0,0,4,0,0,0,0,0,0,0,0,0,0
Monastério Escarlate,303,18,0,0,4,0,0,0,0,0,0,0,0,0,0
Monastério Escarlate,304,18,0,0,4,0,0,0,0,0,0,0,0,0,0
Monastério Escarlate,305,18,0,0,4,0,0,0,0,0,0,0,0,0,0
Legado de Scolomântia,306,22,0,0,4,0,0,0,0,0,0,0,0,0,0
Legado de Scolomântia,307,22,0,0,4,0,0,0,0,0,0,0,0,0,0
Legado de Scolomântia,308,22,0,0,4,0,0,0,0,0,0,0,0,0,0
Legado de Scolomântia,309,22,0,0,4,0,0,0,0,0,0,0,0,0,0
Bastilha da Presa Negra,310,21,0,0,4,0,0,0,0,0,0,0,0,0,0
Bastilha da Presa Negra,311,21,0,0,4,0,0,0,0,0,0,0,0,0,0
Bastilha da Presa Negra,312,21,0,0,4,0,0,0,0,0,0,0,0,0,0
Bastilha da Presa Negra,313,21,0,0,4,0,0,0,0,0,0,0,0,0,0
Bastilha da Presa Negra,314,21,0,0,4,0,0,0,0,0,0,0,0,0,0
Bastilha da Presa Negra,315,21,0,0,4,0,0,0,0,0,0,0,0,0,0
Bastilha da Presa Negra,316,21,0,0,4,0,0,0,0,0,0,0,0,0,0
Stratholme,317,23,0,0,4,0,0,0,0,0,0,0,0,0,0
Stratholme,318,23,0,0,4,0,0,0,0,0,0,0,0,0,0
Ahn'Qiraj,319,81,0,0,4,0,0,0,0,0,0,0,0,0,0
Ahn'Qiraj,320,81,0,0,4,0,0,0,0,0,0,0,0,0,0
Ahn'Qiraj,321,81,0,0,4,0,0,0,0,0,0,0,0,0,0
Trono das Marés,322,204,0,0,4,0,0,0,0,0,0,0,0,0,0
Trono das Marés,323,204,0,0,4,0,0,0,0,0,0,0,0,0,0
Litocerne,324,207,0,0,4,0,0,0,0,0,0,0,0,0,0
Pináculo do Vórtice,325,249,0,0,4,0,0,0,0,0,0,0,0,0,0
Ahn'Qiraj: O Reino Derrotado,327,12,2,0,6,0,0,0,0,0,0,0,0,0,0
Trono dos Quatro Ventos,328,249,0,0,4,0,0,0,0,0,0,0,0,0,0
Pico Hyjal,329,75,0,0,6,0,0,0,0,0,0,0,0,0,0
Covil de Gruul,330,105,0,0,4,0,0,0,0,0,0,0,0,0,0
Covil de Magtheridon,331,100,0,0,4,0,0,0,0,0,0,0,0,0,0
Caverna do Serpentário,332,102,0,0,4,0,0,0,0,0,0,0,0,0,0
Zul'Aman,333,95,0,0,6,0,0,0,0,0,0,0,0,0,0
Bastilha da Tormenta,334,109,0,0,4,0,0,0,0,0,0,0,0,0,0
Platô da Nascente do Sol,335,122,0,0,4,0,0,0,0,0,0,0,0,0,0
Platô da Nascente do Sol,336,335,0,0,4,0,0,0,0,0,0,0,0,0,0
Zul'Gurub,337,50,0,0,6,0,0,0,0,0,0,0,0,0,0
Front Ígneo,338,198,0,0,6,0,0,0,0,0,0,0,0,0,0
Templo Negro,339,104,0,0,4,0,0,0,0,0,0,0,0,0,0
Templo Negro,340,339,0,0,4,0,0,0,0,0,0,0,0,0,0
Templo Negro,341,339,0,0,4,0,0,0,0,0,0,0,0,0,0
Templo Negro,342,339,0,0,4,0,0,0,0,0,0,0,0,0,0
Templo Negro,343,339,0,0,4,0,0,0,0,0,0,0,0,0,0
Templo Negro,344,339,0,0,4,0,0,0,0,0,0,0,0,0,0
Templo Negro,345,339,0,0,4,0,0,0,0,0,0,0,0,0,0
Templo Negro,346,339,0,0,4,0,0,0,0,0,0,0,0,0,0
Muralha Fogo do Inferno,347,100,0,0,4,0,0,0,0,0,0,0,0,0,0
Terraço dos Magísteres,348,122,0,0,4,0,0,0,0,0,0,0,0,0,0
Terraço dos Magísteres,349,122,0,0,4,0,0,0,0,0,0,0,0,0,0
Karazhan,350,42,0,0,4,0,0,0,0,0,0,0,0,0,0
Karazhan,351,42,0,0,4,0,0,0,0,0,0,0,0,0,0
Karazhan,352,42,0,0,4,0,0,0,0,0,0,0,0,0,0
Karazhan,353,42,0,0,4,0,0,0,0,0,0,0,0,0,0
Karazhan,354,42,0,0,4,0,0,0,0,0,0,0,0,0,0
Karazhan,355,42,0,0,4,0,0,0,0,0,0,0,0,0,0
Karazhan,356,42,0,0,4,0,0,0,0,0,0,0,0,0,0
Karazhan,357,42,0,0,4,0,0,0,0,0,0,0,0,0,0
Karazhan,358,42,0,0,4,0,0,0,0,0,0,0,0,0,0
Karazhan,359,42,0,0,4,0,0,0,0,0,0,0,0,0,0
Karazhan,360,42,0,0,4,0,0,0,0,0,0,0,0,0,0
Karazhan,361,42,0,0,4,0,0,0,0,0,0,0,0,0,0
Karazhan,362,42,0,0,4,0,0,0,0,0,0,0,0,0,0
Karazhan,363,42,0,0,4,0,0,0,0,0,0,0,0,0,0
Karazhan,364,42,0,0,4,0,0,0,0,0,0,0,0,0,0
Karazhan,365,42,0,0,4,0,0,0,0,0,0,0,0,0,0
Karazhan,366,42,0,0,4,0,0,0,0,0,0,0,0,0,0
Terras do Fogo,367,198,0,0,4,0,0,0,0,0,0,0,0,0,0
Terras do Fogo,368,367,0,0,4,0,0,0,0,0,0,0,0,0,0
Terras do Fogo,369,367,0,0,4,0,0,0,0,0,0,0,0,0,0
Nexus,370,114,0,0,4,0,0,0,0,0,0,0,0,0,0
Floresta de Jade,371,424,6,0,3,0,0,0,0,0,0,0,57,0,0
Pedreira Rocha Verde,372,371,0,0,5,0,0,0,0,0,0,0,0,0,0
Pedreira Rocha Verde,373,371,0,0,5,0,0,0,0,0,0,0,0,0,0
Lamento da Viúva,374,371,0,0,5,0,0,0,0,0,0,0,0,0,0
Uná Kagu,375,371,0,0,5,0,0,0,0,0,0,0,0,0,0
Vale dos Quatro Ventos,376,424,6,0,3,0,0,0,0,0,0,0,58,0,0
Caverna dos Ecos Infinitos,377,376,0,0,5,0,0,0,0,0,0,0,0,0,0
Ilha Errante,378,947,2,0,6,0,0,0,0,0,0,0,80,0,0
Monte Kun-Lai,379,424,6,0,3,0,0,0,0,0,0,0,60,0,0
Caverna do Vento Uivante,380,379,0,0,5,0,0,0,0,0,0,0,0,0,0
Antro dos Galhofeiros,381,379,0,0,5,0,0,0,0,0,0,0,0,0,0
Buraco da Cotovelada,382,379,0,0,5,0,0,0,0,0,0,0,0,0,0
O Profundo,383,379,0,0,5,0,0,0,0,0,0,0,0,0,0
O Profundo,384,379,0,0,5,0,0,0,0,0,0,0,0,0,0
Tumba dos Conquistadores,385,379,0,0,5,0,0,0,0,0,0,0,0,0,0
Ruínas de Korune,386,379,0,0,5,0,0,0,0,0,0,0,0,0,0
Ruínas de Korune,387,379,0,0,5,0,0,0,0,0,0,0,0,0,0
Estepes de Taolong,388,424,6,0,3,0,0,0,0,0,0,0,61,0,0
Templo Niuzao,389,388,0,0,5,0,0,0,0,0,0,0,0,0,0
Vale das Flores Eternas,390,424,6,0,3,0,0,0,73083,0,0,2,173,0,0
Santuário das Duas Luas,391,390,0,0,5,0,0,0,0,0,0,0,0,0,0
Santuário das Duas Luas,392,390,0,0,5,0,0,0,0,0,0,0,0,0,0
Santuário das Sete Estrelas,393,390,0,0,5,0,0,0,0,0,0,0,0,0,0
Santuário das Sete Estrelas,394,390,0,0,5,0,0,0,0,0,0,0,0,0,0
Salões de Guo-Lai,395,390,0,0,5,0,0,0,0,0,0,0,0,0,0
Salões de Guo-Lai,396,390,0,0,5,0,0,0,0,0,0,0,0,0,0
Olho da Tormenta,397,109,0,0,6,0,0,0,0,0,0,0,0,0,0
Nascente da Eternidade,398,71,0,0,6,0,0,0,0,0,0,0,0,0,0
Hora do Crepúsculo,399,71,0,0,4,0,0,0,0,0,0,0,0,0,0
Hora do Crepúsculo,400,399,0,0,4,0,0,0,0,0,0,0,0,0,0
Fim dos Tempos,401,71,0,0,4,0,0,0,0,0,0,0,0,0,0
Fim dos Tempos,402,401,0,0,4,0,0,0,0,0,0,0,0,0,0
Fim dos Tempos,403,401,0,0,4,0,0,0,0,0,0,0,0,0,0
Fim dos Tempos,404,401,0,0,4,0,0,0,0,0,0,0,0,0,0
Fim dos Tempos,405,401,0,0,4,0,0,0,0,0,0,0,0,0,0
Fim dos Tempos,406,401,0,0,4,0,0,0,0,0,0,0,0,0,0
Ilha de Negraluna,407,947,0,0,6,0,0,0,0,0,0,0,0,0,0
Ilha de Negraluna,408,407,0,0,4,0,0,0,0,0,0,0,0,0,0
Alma Dragônica,409,71,0,0,4,0,0,0,0,0,0,0,0,0,0
Alma Dragônica,410,409,0,0,4,0,0,0,0,0,0,0,0,0,0
Alma Dragônica,411,409,0,0,4,0,0,0,0,0,0,0,0,0,0
Alma Dragônica,412,409,0,0,4,0,0,0,0,0,0,0,0,0,0
Alma Dragônica,413,409,0,0,4,0,0,0,0,0,0,0,0,0,0
Alma Dragônica,414,409,0,0,4,0,0,0,0,0,0,0,0,0,0
Alma Dragônica,415,409,0,0,4,0,0,0,0,0,0,0,0,0,0
Pântano Vadeoso,416,70,0,0,6,0,0,0,0,0,0,0,0,0,0
Templo de Kotmogu,417,390,0,0,6,0,0,0,0,0,0,0,0,0,0
Selva de Krasarang,418,424,6,0,3,0,0,0,0,0,0,0,59,0,0
Ruínas de Ogudei,419,418,0,0,5,0,0,0,0,0,0,0,0,0,0
Ruínas de Ogudei,420,418,0,0,5,0,0,0,0,0,0,0,0,0,0
Ruínas de Ogudei,421,418,0,0,5,0,0,0,0,0,0,0,0,0,0
Ermo do Medo,422,424,6,0,3,0,0,0,0,0,0,0,62,0,0
Minas Estilhaço Prateado,423,224,0,0,4,0,0,0,0,0,0,0,0,0,0
Pandária,424,947,0,0,2,0,0,0,0,0,0,0,657,0,0
Vila Norte,425,37,0,0,3,0,0,0,0,0,0,0,0,0,0
Mina da Serra do Eco,426,37,0,0,5,0,0,0,0,0,0,0,0,0,0
Vale Cristálgida,427,27,0,0,6,0,0,0,0,0,0,0,0,0,0
Choupana Jubafria,428,27,0,0,5,0,0,0,0,0,0,0,0,0,0
Templo da Serpente de Jade,429,371,0,0,4,0,0,0,0,0,0,0,0,0,0
Templo da Serpente de Jade,430,371,0,0,4,0,0,0,0,0,0,0,0,0,0
Salões Escarlates,431,18,0,0,4,0,0,0,0,0,0,0,0,0,0
Salões Escarlates,432,18,0,0,4,0,0,0,0,0,0,0,0,0,0
Escadaria Oculta,433,424,6,0,3,0,0,0,0,0,0,0,975,0,0
Passagem Antiga,434,379,0,0,5,0,0,0,0,0,0,0,0,0,0
Monastério Escarlate,435,18,0,0,4,0,0,0,0,0,0,0,0,0,0
Monastério Escarlate,436,18,0,0,4,0,0,0,0,0,0,0,0,0,0
Portal do Sol Poente,437,390,0,0,4,0,0,0,0,0,0,0,0,0,0
Portal do Sol Poente,438,390,0,0,4,0,0,0,0,0,0,0,0,0,0
Cervejaria Malte do Trovão,439,376,0,0,4,0,0,0,0,0,0,0,0,0,0
Cervejaria Malte do Trovão,440,376,0,0,4,0,0,0,0,0,0,0,0,0,0
Cervejaria Malte do Trovão,441,376,0,0,4,0,0,0,0,0,0,0,0,0,0
Cervejaria Malte do Trovão,442,376,0,0,4,0,0,0,0,0,0,0,0,0,0
Monastério Shado-Pan,443,379,0,0,4,0,0,0,0,0,0,0,0,0,0
Monastério Shado-Pan,444,443,0,0,4,0,0,0,0,0,0,0,0,0,0
Monastério Shado-Pan,445,443,0,0,4,0,0,0,0,0,0,0,0,0,0
Monastério Shado-Pan,446,443,0,0,4,0,0,0,0,0,0,0,0,0,0
Tempestade Cervejeira,447,371,0,0,6,0,0,0,0,0,0,0,0,0,0
Floresta de Jade,448,371,0,0,6,0,0,0,0,0,0,0,0,0,0
Templo de Kotmogu,449,390,0,0,6,0,0,0,0,0,0,0,0,0,0
Ungá Ingô,450,418,0,0,6,0,0,0,0,0,0,0,0,0,0
Ataque a Zan'vess,451,422,0,0,6,0,0,0,0,0,0,0,0,0,0
Festival da Cerveja da Lua,452,379,0,0,6,0,0,0,0,0,0,0,0,0,0
Palácio Mogu'shan,453,390,0,0,4,0,0,0,0,0,0,0,0,0,0
Palácio Mogu'shan,454,390,0,0,4,0,0,0,0,0,0,0,0,0,0
Palácio Mogu'shan,455,390,0,0,4,0,0,0,0,0,0,0,0,0,0
Terraço da Primavera Eterna,456,433,0,0,6,0,0,0,0,0,0,0,0,0,0
Cerco ao Templo Niuzao,457,388,0,0,4,0,0,0,0,0,0,0,0,0,0
Cerco ao Templo Niuzao,458,457,0,0,4,0,0,0,0,0,0,0,0,0,0
Cerco ao Templo Niuzao,459,457,0,0,4,0,0,0,0,0,0,0,0,0,0
Umbravale,460,57,6,0,3,0,0,0,0,0,0,0,0,0,0
Vale das Provações,461,1,6,0,3,0,0,0,0,0,0,0,0,0,0
Aldeia Narache,462,7,6,0,3,0,0,0,0,0,0,0,0,0,0
Ilhas do Eco,463,1,6,0,3,0,0,0,0,0,0,0,0,0,0
Caverna das Escamas Odiosas,464,1,0,0,5,0,0,0,0,0,0,0,0,0,0
Plangemortis,465,18,6,0,3,0,0,0,0,0,0,0,0,0,0
Vale Teia da Noite,466,18,0,0,5,0,0,0,0,0,0,0,0,0,0
Ilha Andassol,467,94,6,0,3,0,0,0,0,0,0,0,0,0,0
Vale Ammen,468,97,6,0,3,0,0,0,0,0,0,0,0,0,0
Vila da Gambiarra,469,27,6,0,3,0,0,0,0,0,0,0,0,0,0
Fortaleza Jubafria,470,27,0,0,5,0,0,0,0,0,0,0,0,0,0
Galerias Mogu'shan,471,390,0,0,4,0,0,0,0,0,0,0,0,0,0
Galerias Mogu'shan,472,390,0,0,4,0,0,0,0,0,0,0,0,0,0
Galerias Mogu'shan,473,390,0,0,4,0,0,0,0,0,0,0,0,0,0
Coração do Medo,474,422,0,0,4,0,0,0,0,0,0,0,0,0,0
Coração do Medo,475,422,0,0,4,0,0,0,0,0,0,0,0,0,0
Scolomântia,476,22,0,0,4,0,0,0,0,0,0,0,0,0,0
Scolomântia,477,22,0,0,4,0,0,0,0,0,0,0,0,0,0
Scolomântia,478,22,0,0,4,0,0,0,0,0,0,0,0,0,0
Scolomântia,479,22,0,0,4,0,0,0,0,0,0,0,0,0,0
Campo de Testes,480,379,0,0,4,0,0,0,0,0,0,0,0,0,0
Cripta dos Reis Esquecidos,481,379,0,0,4,0,0,0,0,0,0,0,0,0,0
Cripta dos Reis Esquecidos,482,379,0,0,4,0,0,0,0,0,0,0,0,0,0
Pântano Vadeoso,483,70,0,0,6,0,0,0,0,0,0,0,0,0,0
Selva de Krasarang,486,418,0,0,6,0,0,0,0,0,0,0,0,0,0
Um Pouco de Paciência,487,418,0,0,6,0,0,0,0,0,0,0,0,0,0
Adaga no Escuro,488,433,0,0,6,0,0,0,0,0,0,0,0,0,0
Adaga no Escuro,489,379,0,0,4,0,0,0,0,0,0,0,0,0,0
Templo Negro,490,104,0,0,4,0,0,0,0,0,0,0,0,0,0
Templo Negro,491,490,0,0,4,0,0,0,0,0,0,0,0,0,0
Templo Negro,492,490,0,0,4,0,0,0,0,0,0,0,0,0,0
Templo Negro,493,490,0,0,4,0,0,0,0,0,0,0,0,0,0
Templo Negro,494,490,0,0,4,0,0,0,0,0,0,0,0,0,0
Templo Negro,495,490,0,0,4,0,0,0,0,0,0,0,0,0,0
Templo Negro,496,490,0,0,4,0,0,0,0,0,0,0,0,0,0
Templo Negro,497,490,0,0,4,0,0,0,0,0,0,0,0,0,0
Selva de Krasarang,498,418,0,0,6,0,0,0,0,0,0,0,0,0,0
Metrô Correfundo,499,84,0,0,4,0,0,0,0,0,0,0,0,0,0
Metrô Correfundo,500,84,0,0,4,0,0,0,0,0,0,0,0,0,0
Dalaran,501,13,0,0,4,0,0,0,0,0,0,0,0,0,0
Dalaran,502,13,0,0,4,0,0,0,0,0,0,0,0,0,0
Arena de Brig'ga Fea,503,85,0,0,4,0,0,0,0,0,0,0,0,0,0
Ilha do Trovão,504,424,6,0,3,0,0,0,0,0,0,0,167,0,0
Mina do Veio Relampejante,505,504,0,0,5,0,0,0,0,0,0,0,0,0,0
Salão Abaulado,506,504,0,0,5,0,0,0,0,0,0,0,0,0,0
Ilha de Gigantes,507,424,6,0,3,0,0,0,0,0,0,0,168,0,0
Trono do Trovão,508,504,0,0,4,0,0,0,0,0,0,0,0,0,0
Trono do Trovão,509,504,0,0,4,0,0,0,0,0,0,0,0,0,0
Trono do Trovão,510,504,0,0,4,0,0,0,0,0,0,0,0,0,0
Trono do Trovão,511,504,0,0,4,0,0,0,0,0,0,0,0,0,0
Trono do Trovão,512,504,0,0,4,0,0,0,0,0,0,0,0,0,0
Trono do Trovão,513,504,0,0,4,0,0,0,0,0,0,0,0,0,0
Trono do Trovão,514,504,0,0,4,0,0,0,0,0,0,0,0,0,0
Trono do Trovão,515,504,0,0,4,0,0,0,0,0,0,0,0,0,0
Ilha do Trovão,516,424,2,0,6,0,0,0,0,0,0,0,0,0,0
Mina do Veio Relampejante,517,516,0,0,5,0,0,0,0,0,0,0,0,0,0
Cidadela do Rei Trovão,518,504,0,0,4,0,0,0,0,0,0,0,0,0,0
Desfiladeiro do Vendaval,519,376,0,0,6,0,0,0,0,0,0,0,0,0,0
Vale das Flores Eternas,520,390,0,0,6,0,0,0,0,0,0,0,0,0,0
Vale das Flores Eternas,521,390,0,0,4,0,0,0,0,0,0,0,0,0,0
Os Segredos das Cavernas Ígneas,522,85,0,0,4,0,0,0,0,0,0,0,0,0,0
Dun Morogh,523,27,0,0,6,0,0,0,0,0,0,0,0,0,0
Batalha em Alto-mar,524,12,0,0,6,0,0,0,0,0,0,0,0,0,0
Serra Fogofrio,525,572,6,0,3,0,0,0,0,0,0,0,64,0,0
Covil de Turgall,526,525,0,0,5,0,0,0,0,0,0,0,0,0,0
Covil de Turgall,527,525,0,0,5,0,0,0,0,0,0,0,0,0,0
Covil de Turgall,528,525,0,0,5,0,0,0,0,0,0,0,0,0,0
Covil de Turgall,529,525,0,0,5,0,0,0,0,0,0,0,0,0,0
Grom'gar,530,525,0,0,5,0,0,0,0,0,0,0,0,0,0
Gruta de Grulloc,531,525,0,0,5,0,0,0,0,0,0,0,0,0,0
Gruta de Grulloc,532,525,0,0,5,0,0,0,0,0,0,0,0,0,0
Alcova Nevada,533,525,0,0,5,0,0,0,0,0,0,0,0,0,0
Selva de Tanaan,534,572,6,0,3,0,0,0,0,0,0,0,176,0,0
Talador,535,572,6,0,3,0,0,0,0,0,0,0,66,0,0
Tumba das Luzes,536,535,0,0,5,0,0,0,0,0,0,0,0,0,0
Tumba das Almas,537,535,0,0,5,0,0,0,0,0,0,0,0,0,0
Ossuário Violado,538,535,0,0,5,0,0,0,0,0,0,0,0,0,0
Vale da Lua Negra,539,572,6,0,3,0,0,0,0,0,0,0,63,0,0
Caverna do Espinho Sangrento,540,539,0,0,5,0,0,0,0,0,0,0,0,0,0
Covil de Segredos,541,539,0,0,5,0,0,0,0,0,0,0,0,0,0
Agulhas de Arak,542,572,6,0,3,0,0,0,0,0,0,0,67,0,0
Gorgrond,543,572,6,0,3,0,0,0,0,0,0,0,65,0,0
Alcance de Moira,544,543,0,0,5,0,0,0,0,0,0,0,0,0,0
Alcance de Moira,545,543,0,0,5,0,0,0,0,0,0,0,0,0,0
Fissura da Fúria,546,543,0,0,5,0,0,0,0,0,0,0,0,0,0
Fissura da Fúria,547,543,0,0,5,0,0,0,0,0,0,0,0,0,0
Cratera de Rochapluma,548,543,0,0,5,0,0,0,0,0,0,0,0,0,0
Cratera de Rochapluma,549,543,0,0,5,0,0,0,0,0,0,0,0,0,0
Nagrand,550,572,6,0,3,0,0,0,0,0,0,0,68,0,0
A Caverna dos Mestres,551,550,0,0,5,0,0,0,0,0,0,0,0,0,0
Despenhadeiro Pétreo,552,550,0,0,5,0,0,0,0,0,0,0,0,0,0
Oshu'gun,553,550,0,0,5,0,0,0,0,0,0,0,0,0,0
Ilha Perene,554,424,6,0,3,0,0,0,0,0,0,0,169,0,0
Caverna dos Espíritos Perdidos,555,554,0,0,5,0,0,0,0,0,0,0,0,0,0
Cerco a Orgrimmar,556,390,0,0,4,0,0,0,0,0,0,0,0,0,0
Cerco a Orgrimmar,557,556,0,0,4,0,0,0,0,0,0,0,0,0,0
Cerco a Orgrimmar,558,556,0,0,4,0,0,0,0,0,0,0,0,0,0
Cerco a Orgrimmar,559,556,0,0,4,0,0,0,0,0,0,0,0,0,0
Cerco a Orgrimmar,560,556,0,0,4,0,0,0,0,0,0,0,0,0,0
Cerco a Orgrimmar,561,556,0,0,4,0,0,0,0,0,0,0,0,0,0
Cerco a Orgrimmar,562,556,0,0,4,0,0,0,0,0,0,0,0,0,0
Cerco a Orgrimmar,563,556,0,0,4,0,0,0,0,0,0,0,0,0,0
Cerco a Orgrimmar,564,556,0,0,4,0,0,0,0,0,0,0,0,0,0
Cerco a Orgrimmar,565,556,0,0,4,0,0,0,0,0,0,0,0,0,0
Cerco a Orgrimmar,566,556,0,0,4,0,0,0,0,0,0,0,0,0,0
Cerco a Orgrimmar,567,556,0,0,4,0,0,0,0,0,0,0,0,0,0
Cerco a Orgrimmar,568,556,0,0,4,0,0,0,0,0,0,0,0,0,0
Cerco a Orgrimmar,569,556,0,0,4,0,0,0,0,0,0,0,0,0,0
Cerco a Orgrimmar,570,556,0,0,4,0,0,0,0,0,0,0,0,0,0
Torneio Celestial,571,554,0,0,6,0,0,0,0,0,0,0,0,0,0
Draenor,572,946,0,0,2,0,0,0,0,0,0,0,828,0,0
Minas de Escória do Malho Sangrento,573,525,0,0,4,0,0,0,0,0,0,0,0,0,0
Sepulcrário da Lua Negra,574,539,0,0,4,0,0,0,0,0,0,0,0,0,0
Sepulcrário da Lua Negra,575,539,0,0,4,0,0,0,0,0,0,0,0,0,0
Sepulcrário da Lua Negra,576,539,0,0,4,0,0,0,0,0,0,0,0,0,0
Selva de Tanaan,577,572,0,0,6,0,0,0,0,0,0,0,0,0,0
Salões Umbráticos,578,577,0,0,5,0,0,0,0,0,0,0,0,0,0
Escavação de Quedaluna,579,582,0,0,5,0,0,0,0,0,0,0,0,0,0
Escavação de Quedaluna,580,582,0,0,5,0,0,0,0,0,0,0,0,0,0
Escavação de Quedaluna,581,582,0,0,5,0,0,0,0,0,0,0,0,0,0
Quedaluna,582,539,13,0,6,0,0,0,64895,0,0,0,0,0,0
Mina da Muralha de Gelo,585,590,0,0,5,0,0,0,0,0,0,0,0,0,0
Mina da Muralha de Gelo,586,590,0,0,5,0,0,0,0,0,0,0,0,0,0
Mina da Muralha de Gelo,587,590,0,0,5,0,0,0,0,0,0,0,0,0,0
Ashran,588,572,0,0,3,0,0,0,0,0,0,0,0,0,0
Mina de Ashran,589,588,0,0,5,0,0,0,0,0,0,0,0,0,0
Muralha de Gelo,590,525,13,0,6,0,0,0,64896,0,0,0,0,0,0
Auchindoun,593,535,0,0,4,0,0,0,0,0,0,0,0,0,0
Shattrath,594,572,4096,0,6,0,0,0,0,0,0,0,0,0,0
Docas de Ferro,595,543,0,0,4,0,0,0,0,0,0,0,0,0,0
Fundição da Rocha Negra,596,543,0,0,4,0,0,0,0,0,0,0,0,0,0
Fundição da Rocha Negra,597,543,0,0,4,0,0,0,0,0,0,0,0,0,0
Fundição da Rocha Negra,598,543,0,0,4,0,0,0,0,0,0,0,0,0,0
Fundição da Rocha Negra,599,543,0,0,4,0,0,0,0,0,0,0,0,0,0
Fundição da Rocha Negra,600,543,0,0,4,0,0,0,0,0,0,0,0,0,0
Beira-céu,601,542,0,0,4,0,0,0,0,0,0,0,0,0,0
Beira-céu,602,542,0,0,4,0,0,0,0,0,0,0,0,0,0
Central do Carrilcruel,606,543,0,0,4,0,0,0,0,0,0,0,0,0,0
Central do Carrilcruel,607,543,0,0,4,0,0,0,0,0,0,0,0,0,0
Central do Carrilcruel,608,543,0,0,4,0,0,0,0,0,0,0,0,0,0
Central do Carrilcruel,609,543,0,0,4,0,0,0,0,0,0,0,0,0,0
Malho Imponente,610,550,0,0,4,0,0,0,0,0,0,0,0,0,0
Malho Imponente,611,610,0,0,4,0,0,0,0,0,0,0,0,0,0
Malho Imponente,612,610,0,0,4,0,0,0,0,0,0,0,0,0,0
Malho Imponente,613,610,0,0,4,0,0,0,0,0,0,0,0,0,0
Malho Imponente,614,610,0,0,4,0,0,0,0,0,0,0,0,0,0
Malho Imponente,615,610,0,0,4,0,0,0,0,0,0,0,0,0,0
Pico da Rocha Negra Superior,616,36,0,0,4,0,0,0,0,0,0,0,0,0,0
Pico da Rocha Negra Superior,617,36,0,0,4,0,0,0,0,0,0,0,0,0,0
Pico da Rocha Negra Superior,618,36,0,0,4,0,0,0,0,0,0,0,0,0,0
Ilhas Partidas,619,947,0,0,2,0,1,0,0,0,0,0,829,0,0
Floretérnia,620,543,0,0,4,0,0,0,0,0,0,0,0,0,0
Floretérnia,621,620,0,0,4,0,0,0,0,0,0,0,0,0,0
Escudo Tonante,622,588,0,0,6,0,0,0,0,0,0,0,0,0,0
Contraforte de Eira dos Montes (Costa Sul x Serraria Tarren),623,25,0,0,6,0,0,0,0,0,0,0,0,0,0
Lança de Guerra,624,588,0,0,6,0,0,0,0,0,0,0,0,0,0
Dalaran,626,619,0,0,4,0,0,0,0,0,0,0,0,0,0
Dalaran,627,619,32768,0,4,4,0,0,0,0,0,0,0,0,0
Dalaran,628,619,0,0,4,0,0,0,0,0,0,0,0,0,0
Dalaran,629,619,0,0,4,0,0,0,0,0,0,0,0,0,0
Azsuna,630,619,6,0,3,4,1,0,0,0,0,0,331,0,0
Academia de Nar'thalas,631,630,0,0,5,0,0,0,0,0,0,0,0,0,0
Enseada de Oceanus,632,630,0,0,5,0,0,0,0,0,0,0,0,0,0
Templo de Mil Luzes,633,630,0,0,5,0,0,0,0,0,0,0,0,0,0
Trommheim,634,619,6,0,3,4,1,0,0,0,0,0,334,0,0
Pouso do Escudo,635,634,0,0,5,0,0,0,0,0,0,0,0,0,0
Caverna Escamarraio,636,634,0,0,5,0,0,0,0,0,0,0,0,0,0
Refúgio Thorignir,637,634,0,0,5,0,0,0,0,0,0,0,0,0,0
Refúgio Thorignir,638,634,0,0,5,0,0,0,0,0,0,0,0,0,0
Câmara de Aggramar,639,634,0,0,5,0,0,0,0,0,0,0,0,0,0
Câmara de Eyir,640,634,0,0,5,0,0,0,0,0,0,0,0,0,0
Val'sharah,641,619,6,0,3,4,1,0,0,0,0,0,332,0,0
Umbrocharco,642,641,0,0,5,0,0,0,0,0,0,0,0,0,0
Gruta do Adormecido,643,641,0,0,5,0,0,0,0,0,0,0,0,0,0
Gruta do Adormecido,644,641,0,0,5,0,0,0,0,0,0,0,0,0,0
Espiral Etérea,645,619,0,0,6,0,5,0,0,0,0,0,0,0,0
Costa Partida,646,619,6,0,3,4,1,0,0,0,0,0,336,0,0
Áquerus: A Fortaleza de Ébano,647,619,0,0,5,0,0,0,0,0,0,0,0,0,0
Áquerus: A Fortaleza de Ébano,648,619,0,0,5,0,0,0,0,0,0,0,0,0,0
Helheim,649,634,0,0,6,0,0,0,0,0,0,0,0,0,0
Alta Montanha,650,619,6,0,3,4,1,0,0,0,0,0,333,0,0
Enclave Mordepedra,651,650,0,0,5,0,0,0,0,0,0,0,0,0,0
Totem do Trovão,652,650,0,0,5,0,0,0,0,0,0,0,0,0,0
Caverna da Prova de Sangue,653,650,0,0,5,0,0,0,0,0,0,0,0,0,0
Covil Sujafuça,654,650,0,0,5,0,0,0,0,0,0,0,0,0,0
Caverna Fontevita,655,650,0,0,5,0,0,0,0,0,0,0,0,0,0
Caverna Fontevita,656,650,0,0,5,0,0,0,0,0,0,0,0,0,0
Trilha de Uln,657,650,0,0,5,0,0,0,0,0,0,0,0,0,0
Trilha de Uln,658,650,0,0,5,0,0,0,0,0,0,0,0,0,0
Gruta Pedrescura,659,650,0,0,5,0,0,0,0,0,0,0,0,0,0
Cavernas do Totem Vil,660,650,0,0,5,0,0,0,0,0,0,0,0,0,0
Cidadela Fogo do Inferno,661,534,0,0,4,0,0,0,0,0,0,0,0,0,0
Cidadela Fogo do Inferno,662,661,0,0,4,0,0,0,0,0,0,0,0,0,0
Cidadela Fogo do Inferno,663,661,0,0,4,0,0,0,0,0,0,0,0,0,0
Cidadela Fogo do Inferno,664,661,0,0,4,0,0,0,0,0,0,0,0,0,0
Cidadela Fogo do Inferno,665,661,0,0,4,0,0,0,0,0,0,0,0,0,0
Cidadela Fogo do Inferno,666,661,0,0,4,0,0,0,0,0,0,0,0,0,0
Cidadela Fogo do Inferno,667,661,0,0,4,0,0,0,0,0,0,0,0,0,0
Cidadela Fogo do Inferno,668,661,0,0,4,0,0,0,0,0,0,0,0,0,0
Cidadela Fogo do Inferno,669,661,0,0,4,0,0,0,0,0,0,0,0,0,0
Cidadela Fogo do Inferno,670,661,0,0,4,0,0,0,0,0,0,0,0,0,0
Enseada de Nashal,671,619,0,0,6,0,0,0,0,0,0,0,0,0,0
"Mardum, o Abismo Partido",672,619,0,0,6,0,0,0,0,0,0,0,699,0,0
Cavernas Crípticas,673,672,0,0,5,0,0,0,0,0,0,0,0,0,0
Motor da Alma,674,672,0,0,5,0,0,0,0,0,0,0,0,0,0
Motor da Alma,675,672,0,0,5,0,0,0,0,0,0,0,0,0,0
Costa Partida,676,619,2,0,6,0,0,0,0,0,0,0,0,0,0
Câmara das Guardiãs,677,630,64,0,4,0,0,0,0,0,0,0,0,0,0
Câmara das Guardiãs,678,630,64,0,4,0,0,0,0,0,0,0,0,0,0
Câmara das Guardiãs,679,630,64,0,4,0,0,0,0,0,0,0,0,0,0
Suramar,680,619,6,0,3,4,3,0,0,0,0,0,335,0,0
Câmaras do Arcâneo,681,680,0,0,5,0,0,0,0,0,0,0,0,0,0
Castelo Almavil,682,680,0,0,5,0,0,0,0,0,0,0,0,0,0
Câmaras do Arcâneo,683,680,0,0,5,0,0,0,0,0,0,0,0,0,0
Locus Estilhaçado,684,680,0,0,5,0,0,0,0,0,0,0,0,0,0
Locus Estilhaçado,685,680,0,0,5,0,0,0,0,0,0,0,0,0,0
Elor'shan,686,680,0,0,5,0,0,0,0,0,0,0,0,0,0
Kel'balor,687,680,0,0,5,0,0,0,0,0,0,0,0,0,0
Estação do Meridiano Anora,688,680,0,0,5,0,0,0,0,0,0,0,0,0,0
Estação do Meridiano Lunapoente,689,680,0,0,5,0,0,0,0,0,0,0,0,0,0
Estação do Meridiano Etenar,690,680,0,0,5,0,0,0,0,0,0,0,0,0,0
Oficina de Nyell,691,680,0,0,5,0,0,0,0,0,0,0,0,0,0
Arcâneo de Falanaar,692,680,0,0,5,0,0,0,0,0,0,0,0,0,0
Arcâneo de Falanaar,693,680,0,0,5,0,0,0,0,0,0,0,0,0,0
Baixio Boca do Inferno,694,619,4130,0,6,0,0,0,0,0,0,0,0,0,0
Fortaleza Celeste,695,619,64,0,4,0,0,0,0,0,0,0,0,0,0
Trommheim,696,619,0,0,6,0,0,0,0,0,0,0,334,0,0
Azshara,697,76,0,0,6,0,0,0,0,0,0,0,0,0,0
Cidadela da Coroa de Gelo,698,118,64,0,4,0,0,0,0,0,0,0,0,0,0
Cidadela da Coroa de Gelo,699,118,64,0,4,0,0,0,0,0,0,0,0,0,0
Cidadela da Coroa de Gelo,700,118,64,0,4,0,0,0,0,0,0,0,0,0,0
Cidadela da Coroa de Gelo,701,118,64,0,4,0,0,0,0,0,0,0,0,0,0
Templo Eterluz,702,619,64,0,4,0,0,0,0,0,0,0,0,0,0
Salões da Bravura,703,634,64,0,4,0,5,0,0,0,0,0,0,0,0
Salões da Bravura,704,703,64,0,4,0,0,0,0,0,0,0,0,0,0
Salões da Bravura,705,703,64,0,4,0,0,0,0,0,0,0,0,0,0
Penhascos da Boca do Inferno,706,634,64,0,4,0,5,0,0,0,0,0,0,0,0
Penhascos da Boca do Inferno,707,706,64,0,4,0,0,0,0,0,0,0,0,0,0
Penhascos da Boca do Inferno,708,706,64,0,4,0,0,0,0,0,0,0,0,0,0
Ilha Errante,709,619,0,0,6,0,0,0,0,0,0,0,80,0,0
Câmara das Guardiãs,710,630,64,0,4,0,0,0,0,0,0,0,0,0,0
Câmara das Guardiãs,711,630,64,0,4,0,0,0,0,0,0,0,0,0,0
Câmara das Guardiãs,712,630,64,0,4,0,0,0,0,0,0,0,0,0,0
Olho de Azshara,713,630,64,0,6,0,5,0,0,0,0,0,0,0,0
Niskara,714,619,0,0,6,0,0,0,0,0,0,0,0,0,0
Estrada Onírica Esmeralda,715,747,0,0,6,0,0,0,0,0,0,0,0,0,0
Muralha Celeste,716,249,64,0,4,0,0,0,0,0,0,0,0,0,0
Fenda Chagamedo,717,619,0,0,6,0,0,0,0,0,0,0,0,0,0
Fenda Chagamedo,718,619,0,0,6,0,0,0,0,0,0,0,0,0,0
"Mardum, o Abismo Partido",719,619,64,0,4,0,0,0,0,0,0,0,0,0,0
"Mardum, o Abismo Partido",720,719,64,0,4,0,0,0,0,0,0,0,0,0,0
"Mardum, o Abismo Partido",721,719,64,0,4,0,0,0,0,0,0,0,0,0,0
Castelo Violeta,723,627,64,0,4,0,0,0,0,0,0,0,0,0,0
Voragem,725,948,0,0,6,0,0,0,0,0,0,0,0,0,0
Voragem,726,619,0,0,6,0,0,0,0,0,0,0,54,0,0
Terraço da Primavera Eterna,728,433,0,0,6,0,0,0,0,0,0,0,0,0,0
Abismos Esfacelados,729,207,0,0,5,0,0,0,0,0,0,0,0,0,0
Covil de Neltharion,731,650,64,0,6,0,5,0,0,0,0,0,0,0,0
Castelo Violeta,732,627,64,0,4,0,0,0,0,0,0,0,0,0,0
Bosque Corenegro,733,641,64,0,6,0,5,0,0,0,0,0,0,0,0
Salão do Guardião,734,627,64,0,4,0,0,0,0,0,0,0,0,0,0
Salão do Guardião,735,627,64,0,4,0,0,0,0,0,0,0,0,0,0
O Além,736,114,64,0,4,0,0,0,0,0,0,0,0,0,0
Pináculo do Vórtice,737,249,64,0,4,0,0,0,0,0,0,0,0,0,0
Terras do Fogo,738,198,0,0,6,0,0,0,0,0,0,0,0,0,0
Tenda Tirocerto,739,650,0,0,3,4,0,0,42890,0,0,0,0,0,0
Cidadela Sombrassangue,740,619,64,0,4,0,0,0,0,0,0,0,0,0,0
Cidadela Sombrassangue,741,619,64,0,4,0,0,0,0,0,0,0,0,0,0
Oceano Abissal,742,204,64,0,4,0,0,0,0,0,0,0,0,0,0
Oceano Abissal,743,204,64,0,4,0,0,0,0,0,0,0,0,0,0
Ulduar,744,120,64,0,4,0,0,0,0,0,0,0,0,0,0
Ulduar,745,120,64,0,4,0,0,0,0,0,0,0,0,0,0
Ulduar,746,120,64,0,4,0,0,0,0,0,0,0,0,0,0
O Bosque Onírico,747,641,0,0,6,0,0,0,35351,0,0,0,0,0,0
Niskara,748,619,0,0,6,0,0,0,0,0,0,0,0,0,0
O Arcâneo,749,680,64,0,4,0,0,0,0,0,0,0,0,0,0
Totem do Trovão,750,650,0,0,6,0,0,0,0,0,0,0,0,0,0
Castelo Corvo Negro,751,641,64,0,4,0,0,0,0,0,0,0,0,0,0
Castelo Corvo Negro,752,641,64,0,4,0,0,0,0,0,0,0,0,0,0
Castelo Corvo Negro,753,641,64,0,4,0,0,0,0,0,0,0,0,0,0
Castelo Corvo Negro,754,641,64,0,4,0,0,0,0,0,0,0,0,0,0
Castelo Corvo Negro,755,641,64,0,4,0,0,0,0,0,0,0,0,0,0
Castelo Corvo Negro,756,641,64,0,4,0,0,0,0,0,0,0,0,0,0
Covil de Ursoc,757,116,0,0,6,0,0,0,0,0,0,0,0,0,0
Recife Crepuscular,758,641,0,0,6,0,0,0,0,0,0,0,0,0,0
Templo Negro,759,104,64,0,4,0,0,0,0,0,0,0,0,0,0
Pesadelo de Malorne,760,198,0,0,6,0,0,0,0,0,0,0,0,0,0
Pátio das Estrelas,761,680,64,0,4,0,5,0,0,0,0,0,0,0,0
Pátio das Estrelas,762,761,64,0,4,0,0,0,0,0,0,0,0,0,0
Pátio das Estrelas,763,761,64,0,4,0,0,0,0,0,0,0,0,0,0
Baluarte da Noite,764,680,64,0,4,0,0,0,0,0,0,0,0,0,0
Baluarte da Noite,765,680,64,0,4,0,0,0,0,0,0,0,0,0,0
Baluarte da Noite,766,680,64,0,4,0,0,0,0,0,0,0,0,0,0
Baluarte da Noite,767,680,64,0,4,0,0,0,0,0,0,0,0,0,0
Baluarte da Noite,768,680,64,0,4,0,0,0,0,0,0,0,0,0,0
Baluarte da Noite,769,680,64,0,4,0,0,0,0,0,0,0,0,0,0
Baluarte da Noite,770,680,64,0,4,0,0,0,0,0,0,0,0,0,0
Baluarte da Noite,771,680,64,0,4,0,0,0,0,0,0,0,0,0,0
Baluarte da Noite,772,680,64,0,4,0,0,0,0,0,0,0,0,0,0
Tol Barad,773,13,0,0,6,0,0,0,0,0,0,0,0,0,0
Tol Barad,774,244,64,0,4,0,0,0,0,0,0,0,0,0,0
Exodar,775,12,0,0,6,0,0,0,0,0,0,0,0,0,0
Ilha Névoa Lazúli,776,12,2,0,6,0,0,0,0,0,0,0,0,0,0
O Pesadelo Esmeralda,777,641,64,0,4,0,0,0,0,0,0,0,0,0,0
O Pesadelo Esmeralda,778,641,64,0,4,0,0,0,0,0,0,0,0,0,0
O Pesadelo Esmeralda,779,641,64,0,4,0,0,0,0,0,0,0,0,0,0
O Pesadelo Esmeralda,780,641,64,0,4,0,0,0,0,0,0,0,0,0,0
O Pesadelo Esmeralda,781,641,64,0,4,0,0,0,0,0,0,0,0,0,0
O Pesadelo Esmeralda,782,12,64,0,4,0,0,0,0,0,0,0,0,0,0
O Pesadelo Esmeralda,783,13,64,0,4,0,0,0,0,0,0,0,0,0,0
O Pesadelo Esmeralda,784,13,64,0,4,0,0,0,0,0,0,0,0,0,0
O Pesadelo Esmeralda,785,12,64,0,4,0,0,0,0,0,0,0,0,0,0
O Pesadelo Esmeralda,786,641,64,0,4,0,0,0,0,0,0,0,0,0,0
O Pesadelo Esmeralda,787,641,64,0,4,0,0,0,0,0,0,0,0,0,0
O Pesadelo Esmeralda,788,641,64,0,4,0,0,0,0,0,0,0,0,0,0
O Pesadelo Esmeralda,789,641,64,0,4,0,0,0,0,0,0,0,0,0,0
Olho de Azshara,790,619,6,0,3,4,1,0,0,0,0,0,484,0,0
Templo da Serpente de Jade,791,371,64,0,4,0,0,0,0,0,0,0,0,0,0
Templo da Serpente de Jade,792,371,64,0,4,0,0,0,0,0,0,0,0,0,0
Castelo Corvo Negro,793,641,0,0,6,0,0,0,0,0,0,0,0,0,0
Karazhan,794,42,64,0,4,0,0,0,0,0,0,0,0,0,0
Karazhan,795,42,64,0,4,0,0,0,0,0,0,0,0,0,0
Karazhan,796,42,64,0,4,0,0,0,0,0,0,0,0,0,0
Karazhan,797,42,64,0,4,0,0,0,0,0,0,0,0,0,0
O Arcâneo,798,680,64,0,4,0,0,0,0,0,0,0,0,0,0
Óculus,799,114,0,0,6,0,0,0,0,0,0,0,0,0,0
Óculus,800,114,64,0,4,0,0,0,0,0,0,0,0,0,0
Óculus,801,114,64,0,4,0,0,0,0,0,0,0,0,0,0
Óculus,802,114,64,0,4,0,0,0,0,0,0,0,0,0,0
Óculus,803,114,64,0,4,0,0,0,0,0,0,0,0,0,0
Monastério Escarlate,804,18,64,0,4,0,0,0,0,0,0,0,0,0,0
Monastério Escarlate,805,18,64,0,4,0,0,0,0,0,0,0,0,0,0
Provação da Bravura,806,634,64,0,4,0,0,0,0,0,0,0,0,0,0
Provação da Bravura,807,806,64,0,4,0,0,0,0,0,0,0,0,0,0
Provação da Bravura,808,806,64,0,4,0,0,0,0,0,0,0,0,0,0
Karazhan,809,42,64,0,4,0,0,0,0,0,0,0,0,0,0
Karazhan,810,42,64,0,4,0,0,0,0,0,0,0,0,0,0
Karazhan,811,42,64,0,4,0,0,0,0,0,0,0,0,0,0
Karazhan,812,42,64,0,4,0,0,0,0,0,0,0,0,0,0
Karazhan,813,42,64,0,4,0,0,0,0,0,0,0,0,0,0
Karazhan,814,42,64,0,4,0,0,0,0,0,0,0,0,0,0
Karazhan,815,42,64,0,4,0,0,0,0,0,0,0,0,0,0
Karazhan,816,42,64,0,4,0,0,0,0,0,0,0,0,0,0
Karazhan,817,42,64,0,4,0,0,0,0,0,0,0,0,0,0
Karazhan,818,42,64,0,4,0,0,0,0,0,0,0,0,0,0
Karazhan,819,42,64,0,4,0,0,0,0,0,0,0,0,0,0
Karazhan,820,42,64,0,4,0,0,0,0,0,0,0,0,0,0
Karazhan,821,42,64,0,4,0,0,0,0,0,0,0,0,0,0
Karazhan,822,42,64,0,4,0,0,0,0,0,0,0,0,0,0
Fosso de Saron,823,118,0,0,6,0,0,0,0,0,0,0,0,0,0
Ilhas,824,947,0,0,6,0,0,0,0,0,0,0,0,0,0
Caverna Ululante,825,10,64,0,4,0,0,0,0,0,0,0,0,0,0
Caverna do Totem de Sangue,826,650,64,0,4,0,0,0,0,0,0,0,0,0,0
Stratholme,827,22,64,0,4,0,0,0,0,0,0,0,0,0,0
Olho da Eternidade,828,114,64,0,4,0,0,0,0,0,0,0,0,0,0
Salões da Bravura,829,634,64,0,4,0,0,0,0,0,0,0,0,0,0
Krokuun,830,905,6,0,3,4,1,0,0,0,0,0,337,0,0
A Vindicaar,831,830,0,0,5,0,0,0,0,0,0,0,0,0,0
A Vindicaar,832,830,0,0,5,0,0,0,0,0,0,0,0,0,0
Pináculo Nath'raxas,833,830,0,0,5,0,0,0,0,0,0,0,0,0,0
Vale Cristálgida,834,27,0,0,6,0,0,0,0,0,0,0,0,0,0
Minas Mortas,835,52,64,0,4,0,0,0,0,0,0,0,0,0,0
Minas Mortas,836,52,64,0,4,0,0,0,0,0,0,0,0,0,0
Bacia Arathi,837,14,0,0,6,0,5,0,0,0,0,0,0,0,0
Batalha pela Montanha Rocha Negra,838,36,0,0,6,0,0,0,0,0,0,0,0,0,0
Voragem,839,948,64,0,4,0,0,0,0,0,0,0,0,0,0
Gnomeregan,840,27,64,0,4,0,0,0,0,0,0,0,0,0,0
Gnomeregan,841,27,64,0,4,0,0,0,0,0,0,0,0,0,0
Gnomeregan,842,27,64,0,4,0,0,0,0,0,0,0,0,0,0
Confronto final dos Shado-Pan,843,379,0,0,6,0,0,0,0,0,0,0,0,0,0
Bacia Arathi,844,14,0,0,6,0,0,0,0,0,0,0,0,0,0
Catedral da Noite Eterna,845,646,64,0,4,0,0,0,0,0,0,0,0,0,0
Catedral da Noite Eterna,846,646,64,0,4,0,0,0,0,0,0,0,0,0,0
Catedral da Noite Eterna,847,646,64,0,4,0,0,0,0,0,0,0,0,0,0
Catedral da Noite Eterna,848,646,64,0,4,0,0,0,0,0,0,0,0,0,0
Catedral da Noite Eterna,849,646,64,0,4,0,0,0,0,0,0,0,0,0,0
Tumba de Sargeras,850,646,64,0,4,0,0,0,0,0,0,0,0,0,0
Tumba de Sargeras,851,646,64,0,4,0,0,0,0,0,0,0,0,0,0
Tumba de Sargeras,852,646,64,0,4,0,0,0,0,0,0,0,0,0,0
Tumba de Sargeras,853,646,64,0,4,0,0,0,0,0,0,0,0,0,0
Tumba de Sargeras,854,646,64,0,4,0,0,0,0,0,0,0,0,0,0
Tumba de Sargeras,855,646,64,0,4,0,0,0,0,0,0,0,0,0,0
Tumba de Sargeras,856,646,64,0,4,0,0,0,0,0,0,0,0,0,0
Trono dos Quatro Ventos,857,249,64,0,4,0,0,0,0,0,0,0,0,0,0
Ataque à Costa Partida,858,619,0,0,6,0,0,0,0,0,0,0,0,0,0
Ravina Brado Guerreiro,859,10,0,0,6,0,0,0,0,0,0,0,0,0,0
Santuário Rubi,860,115,0,0,6,0,0,0,0,0,0,0,0,0,0
"Mardum, o Abismo Partido",861,672,0,0,6,0,0,0,0,0,0,0,0,0,0
Zuldazar,862,875,6,0,3,10,1,0,0,0,0,0,189,0,0
Nazmir,863,875,6,0,3,10,3,0,0,0,0,0,190,0,0
Vol'dun,864,875,6,0,3,10,1,0,0,0,0,0,191,0,0
Trommheim,865,634,64,0,4,0,0,0,0,0,0,0,0,0,0
Trommheim,866,634,64,0,4,0,0,0,0,0,0,0,0,0,0
Azsuna,867,630,64,0,4,0,0,0,0,0,0,0,0,0,0
Val'sharah,868,641,64,0,4,0,0,0,0,0,0,0,0,0,0
Alta Montanha,869,650,64,0,4,0,0,0,0,0,0,0,0,0,0
Alta Montanha,870,650,64,0,4,0,0,0,0,0,0,0,0,0,0
A Geleira Perdida,871,113,0,0,6,0,0,0,0,0,0,0,0,0,0
Cervejaria Malte do Trovão,872,376,64,0,4,0,0,0,0,0,0,0,0,0,0
Cervejaria Malte do Trovão,873,376,64,0,4,0,0,0,0,0,0,0,0,0,0
Cervejaria Malte do Trovão,874,376,64,0,4,0,0,0,0,0,0,0,0,0,0
Zandalar,875,947,0,0,2,10,1,0,0,0,0,0,830,0,0
Kul Tiraz,876,947,0,0,2,10,1,0,0,0,0,0,830,0,0
Campo da Caça Eterna,877,634,0,0,6,0,0,0,0,0,0,0,0,0,0
"Mardum, o Abismo Partido",879,672,64,0,4,0,0,0,0,0,0,0,0,0,0
"Mardum, o Abismo Partido",880,672,64,0,4,0,0,0,0,0,0,0,0,0,0
Olho da Eternidade,881,114,64,0,4,0,0,0,0,0,0,0,0,0,0
Eredath,882,905,6,0,3,4,1,0,0,0,0,0,337,0,0
A Vindicaar,883,882,0,0,5,0,0,0,0,0,0,0,0,0,0
A Vindicaar,884,882,0,0,5,0,0,0,0,0,0,0,0,0,0
Ermos Antoranos,885,905,6,0,3,4,1,0,0,0,0,0,337,0,0
A Vindicaar,886,885,0,0,5,0,0,0,0,0,0,0,0,0,0
A Vindicaar,887,885,0,0,5,0,0,0,0,0,0,0,0,0,0
Salão da Comunhão,888,119,64,0,4,0,0,0,0,0,0,0,0,0,0
Arcatraz,889,109,64,0,4,0,0,0,0,0,0,0,0,0,0
Arcatraz,890,109,64,0,4,0,0,0,0,0,0,0,0,0,0
Ilha Névoa Lazúli,891,12,64,0,4,0,0,0,0,0,0,0,0,0,0
Ilha Névoa Lazúli,892,891,64,0,4,0,0,0,0,0,0,0,0,0,0
Ilha Névoa Lazúli,893,891,64,0,4,0,0,0,0,0,0,0,0,0,0
Ilha Névoa Lazúli,894,891,64,0,4,0,0,0,0,0,0,0,0,0,0
Estreito Tiragarde,895,876,6,0,3,10,1,0,0,0,0,0,186,0,0
Drustvar,896,876,6,0,3,10,1,0,0,0,0,0,187,0,0
As Mortes de Crona,897,113,64,0,4,0,0,0,0,0,0,0,0,0,0
As Mortes de Crona,898,897,64,0,4,0,0,0,0,0,0,0,0,0,0
As Mortes de Crona,899,897,64,0,4,0,0,0,0,0,0,0,0,0,0
As Mortes de Crona,900,897,64,0,4,0,0,0,0,0,0,0,0,0,0
As Mortes de Crona,901,897,64,0,4,0,0,0,0,0,0,0,0,0,0
As Mortes de Crona,902,897,64,0,4,0,0,0,0,0,0,0,0,0,0
Sede do Triunvirato,903,882,64,0,6,0,0,0,0,0,0,0,0,0,0
Contenda de Silithus,904,81,0,0,6,0,0,0,0,0,0,0,0,0,0
Argus,905,619,1024,0,2,0,3,0,0,0,0,0,337,0,0
Planalto Arathi,906,13,0,0,6,0,0,0,0,0,0,0,0,0,0
Praia Fervilhante,907,12,0,0,6,0,0,0,0,0,0,0,0,0,0
Ruínas de Lordaeron,908,13,0,0,6,0,0,0,0,0,0,0,0,0,0
"Antorus, o Trono Ardente",909,885,64,0,4,0,0,0,0,0,0,0,0,0,0
"Antorus, o Trono Ardente",910,909,64,0,4,0,0,0,0,0,0,0,0,0,0
"Antorus, o Trono Ardente",911,909,64,0,4,0,0,0,0,0,0,0,0,0,0
"Antorus, o Trono Ardente",912,909,64,0,4,0,0,0,0,0,0,0,0,0,0
"Antorus, o Trono Ardente",913,909,64,0,4,0,0,0,0,0,0,0,0,0,0
"Antorus, o Trono Ardente",914,909,64,0,4,0,0,0,0,0,0,0,0,0,0
"Antorus, o Trono Ardente",915,909,64,0,4,0,0,0,0,0,0,0,0,0,0
"Antorus, o Trono Ardente",916,909,64,0,4,0,0,0,0,0,0,0,0,0,0
"Antorus, o Trono Ardente",917,909,64,0,4,0,0,0,0,0,0,0,0,0,0
"Antorus, o Trono Ardente",918,909,64,0,4,0,0,0,0,0,0,0,0,0,0
"Antorus, o Trono Ardente",919,909,64,0,4,0,0,0,0,0,0,0,0,0,0
"Antorus, o Trono Ardente",920,909,64,0,4,0,0,0,0,0,0,0,0,0,0
Ponto de Invasão: Aurinor,921,905,0,0,6,0,0,0,0,0,0,0,0,0,0
Ponto de Invasão: Bonich,922,905,0,0,6,0,0,0,0,0,0,0,0,0,0
Ponto de Invasão: Cen'gar,923,905,0,0,6,0,0,0,0,0,0,0,0,0,0
Ponto de Invasão: Naigtal,924,905,0,0,6,0,0,0,0,0,0,0,0,0,0
Ponto de Invasão: Sangua,925,905,0,0,6,0,0,0,0,0,0,0,0,0,0
Ponto de Invasão: Val,926,905,0,0,6,0,0,0,0,0,0,0,0,0,0
Ponto de Invasão Maior: Lorde Abissal Torpemus,927,905,0,0,6,0,0,0,0,0,0,0,0,0,0
Ponto de Invasão Maior: Senhora Alluradel,928,905,0,0,6,0,0,0,0,0,0,0,0,0,0
Ponto de Invasão Maior: Máter Folnuna,929,905,0,0,6,0,0,0,0,0,0,0,0,0,0
Ponto de Invasão Maior: Inquisidor Métos,930,905,0,0,6,0,0,0,0,0,0,0,0,0,0
Ponto de Invasão Maior: Sotanathor,931,905,0,0,6,0,0,0,0,0,0,0,0,0,0
Ponto de Invasão Maior: Occularus,932,905,0,0,6,0,0,0,0,0,0,0,0,0,0
Forja das Eras,933,572,0,0,6,0,0,0,0,0,0,0,0,0,0
Atal'Dazar,934,862,64,0,4,0,0,0,0,0,0,0,0,0,0
Atal'Dazar,935,862,64,0,4,0,0,0,0,0,0,0,0,0,0
Angra do Facão,936,895,64,0,4,0,0,0,0,0,0,0,0,0,0
Ilha de Guilnéas,938,947,0,0,6,0,0,0,0,0,0,0,0,0,0
Tropical Isle 8.0,939,947,0,0,6,0,0,0,0,0,0,0,0,0,0
A Vindicaar,940,830,64,0,4,0,0,0,0,0,0,0,0,0,0
A Vindicaar,941,830,64,0,4,0,0,0,0,0,0,0,0,0,0
Vale Trovamare,942,876,6,0,3,10,1,0,0,1,0,0,188,0,0
Planalto Arathi,943,13,2,0,6,0,4,0,0,0,0,0,0,0,0
Região Cósmica,946,0,384,0,0,0,0,0,0,0,0,0,0,0,0
Azeroth,947,946,4354,0,1,0,0,0,0,0,0,0,2844,0,0
Voragem,948,947,0,0,2,0,0,0,0,0,0,0,0,0,0
Fissura de Telogrus,971,619,4,0,6,0,0,0,0,0,0,0,0,0,0
Fissura de Telogrus,972,619,4,0,6,0,0,0,0,0,0,0,0,0,0
Nascente do Sol,973,335,64,0,4,0,0,0,0,0,0,0,0,0,0
Tol Dagor,974,895,68,0,6,0,0,0,0,0,0,0,0,0,0
Tol Dagor,975,895,64,0,4,0,0,0,0,0,0,0,0,0,0
Tol Dagor,976,895,64,0,4,0,0,0,0,0,0,0,0,0,0
Tol Dagor,977,895,64,0,4,0,0,0,0,0,0,0,0,0,0
Tol Dagor,978,895,64,0,4,0,0,0,0,0,0,0,0,0,0
Tol Dagor,979,895,64,0,4,0,0,0,0,0,0,0,0,0,0
Tol Dagor,980,895,64,0,4,0,0,0,0,0,0,0,0,0,0
Ruína de Un'gol,981,947,4,0,6,0,0,0,0,0,0,0,0,0,0
Reinos do Leste,985,0,4,1,2,0,0,0,0,0,0,0,0,0,0
Kalimdor,986,0,4,1,2,0,0,0,0,0,0,0,0,0,0
Terralém,987,0,4,1,2,0,0,0,0,0,0,0,0,0,0
Nortúndria,988,0,4,1,2,0,0,0,0,0,0,0,0,0,0
Pandária,989,0,4,1,2,0,0,0,0,0,0,0,0,0,0
Draenor,990,0,4,1,2,0,0,0,0,0,0,0,0,0,0
Zandalar,991,0,4,1,2,0,0,0,0,0,0,0,0,0,0
Kul Tiraz,992,0,4,1,2,0,0,0,0,0,0,0,0,0,0
Ilhas Partidas,993,0,4,2,2,0,0,0,0,0,5350,0,0,0,0
Argus,994,0,4,2,2,0,0,0,0,3,5350,0,0,0,0
Clareiras de Tirisfal,997,0,0,0,3,0,0,0,0,0,0,0,0,0,0
Cidade Baixa,998,908,6,0,3,0,0,0,0,0,0,0,0,0,0
Repouso do Rei,1004,862,64,0,4,0,0,0,0,0,0,0,0,0,0
Atul'Aman,1009,864,0,0,5,0,0,0,0,0,0,0,0,0,0
MEGAMINA!!!,1010,194,64,0,3,0,0,0,0,0,0,0,0,0,0
Zandalar,1011,0,4,2,2,0,0,0,0,0,5350,0,0,0,0
Ventobravo,1012,13,0,0,6,0,0,0,0,0,0,0,0,0,0
The Stockade,1013,13,0,0,6,0,0,0,0,0,0,0,0,0,0
Kul Tiraz,1014,0,4,2,2,0,0,0,0,0,5350,0,0,0,0
Mansão Capelo,1015,896,64,0,4,0,0,0,0,0,0,0,0,0,0
Mansão Capelo,1016,896,64,0,4,0,0,0,0,0,0,0,0,0,0
Mansão Capelo,1017,896,64,0,4,0,0,0,0,0,0,0,0,0,0
Mansão Capelo,1018,896,64,0,4,0,0,0,0,0,0,0,0,0,0
Câmara do Coração,1021,81,64,0,4,0,0,0,0,0,0,0,0,0,0
Ilha Inexplorada,1022,0,0,0,3,0,0,0,0,0,0,0,0,0,0
Mansão Capelo,1029,896,64,0,4,0,0,0,0,0,0,0,0,0,0
Solar dos Greymane,1030,217,0,0,5,0,0,0,0,0,0,0,0,0,0
Solar dos Greymane,1031,179,0,0,5,0,0,0,0,0,0,0,0,0,0
Bosque Furtivo,1032,0,0,0,3,0,0,0,0,0,0,0,0,0,0
O Charco Pútrido,1033,0,0,0,3,0,0,0,0,0,0,0,0,0,0
Mata Verdejante,1034,0,0,0,3,0,0,0,0,0,0,0,0,0,0
Ilha Magmática,1035,0,0,0,3,0,0,0,0,0,0,0,0,0,0
A Corrente do Terror,1036,0,0,0,3,0,0,0,0,0,0,0,0,0,0
Recife Sussurrante,1037,0,0,0,3,0,0,0,0,0,0,0,0,0,0
Templo de Sethraliss,1038,864,64,0,4,0,0,0,0,0,0,0,0,0,0
Santuário da Tempestade,1039,942,64,0,3,0,0,0,0,0,0,0,0,0,0
Santuário da Tempestade,1040,942,64,0,4,0,0,0,0,0,0,0,0,0,0
Terra Podre,1041,863,64,0,3,0,0,0,0,0,0,0,0,0,0
Terra Podre,1042,863,64,0,4,0,0,0,0,0,0,0,0,0,0
Templo de Sethraliss,1043,864,64,0,4,0,0,0,0,0,0,0,0,0,0
Planalto Arathi,1044,13,2,0,6,0,4,0,0,0,0,0,1206,0,0
"Thros, a Terra Morta",1045,896,64,0,4,0,0,0,0,1,0,0,0,0,0
Uldir,1148,863,64,0,4,0,0,0,0,0,0,0,0,0,0
Uldir,1149,863,64,0,4,0,0,0,0,0,0,0,0,0,0
Uldir,1150,863,64,0,4,0,0,0,0,0,0,0,0,0,0
Uldir,1151,863,64,0,4,0,0,0,0,0,0,0,0,0,0
Uldir,1152,863,64,0,4,0,0,0,0,0,0,0,0,0,0
Uldir,1153,863,64,0,4,0,0,0,0,0,0,0,0,0,0
Uldir,1154,863,64,0,4,0,0,0,0,0,0,0,0,0,0
Uldir,1155,863,64,0,4,0,0,0,0,0,0,0,0,0,0
O Grande Oceano,1156,947,0,0,6,0,0,0,0,0,0,0,0,0,0
O Grande Oceano,1157,947,0,0,6,0,0,0,0,0,0,0,0,0,0
Planalto Arathi,1158,0,0,0,3,0,0,0,0,0,0,0,0,0,0
Abismo Rocha Negra,1159,32,64,0,4,0,0,0,0,0,0,0,0,0,0
Abismo Rocha Negra,1160,32,64,0,4,0,0,0,0,0,0,0,0,0,0
Boralus,1161,895,4,0,3,10,0,0,0,0,0,0,0,0,0
Cerco de Boralus,1162,895,64,0,4,0,0,0,0,0,0,0,0,0,0
Dazar'alor,1163,1165,0,0,5,0,0,0,0,0,0,0,0,0,0
Dazar'alor,1164,1165,0,0,5,0,0,0,0,0,0,0,0,0,0
Dazar'alor,1165,862,4,0,3,10,0,0,0,1,0,0,0,0,0
Zanchul,1166,1165,64,0,4,0,0,0,0,0,0,0,0,0,0
Zanchul,1167,1165,64,0,4,0,0,0,0,0,0,0,0,0,0
Tol Dagor,1169,876,4,0,3,0,0,0,0,0,0,0,1227,0,0
Gorgrond - Mag'har Scenario,1170,0,0,0,3,0,0,0,0,0,0,0,0,0,0
Gol Thovas,1171,895,0,0,5,0,0,0,0,0,0,0,0,0,0
Gol Thovas,1172,895,0,0,5,0,0,0,0,0,0,0,0,0,0
Rastakhan's Might,1173,862,0,0,5,0,0,0,0,0,0,0,0,0,0
Rastakhan's Might,1174,862,0,0,5,0,0,0,0,0,0,0,0,0,0
Breath Of Pa'ku,1176,862,0,0,5,0,0,0,0,0,0,0,0,0,0
Breath Of Pa'ku,1177,862,64,0,4,0,0,0,0,0,0,0,0,0,0
Melodia Abissal,1179,942,0,0,5,0,0,0,0,0,0,0,0,0,0
Melodia Abissal,1180,942,0,0,5,0,0,0,0,0,0,0,0,0,0
Zuldazar,1181,875,4098,0,6,0,5,0,0,0,0,0,189,0,0
Mina Sal-gema,1182,942,64,0,4,0,0,0,0,0,0,0,0,0,0
Espinhocárdio,1183,942,64,0,4,0,0,0,0,0,0,0,0,0,0
Mina Frio d'Inverno,1184,895,0,0,5,0,0,0,0,0,0,0,0,0,0
Mina Frio d'Inverno,1185,895,0,0,5,0,0,0,0,0,0,0,0,0,0
Abismo Rocha Negra,1186,32,64,0,4,0,0,0,0,0,0,0,0,0,0
Azsuna,1187,993,0,2,3,0,1,0,0,0,0,0,0,0,0
Val'sharah,1188,993,0,2,3,0,1,0,0,0,0,0,0,0,0
Alta Montanha,1189,993,0,2,3,0,1,0,0,0,0,0,0,0,0
Trommheim,1190,993,0,2,3,0,1,0,0,0,0,0,0,0,0
Suramar,1191,993,0,2,3,0,3,0,0,0,0,0,0,0,0
Costa Partida,1192,993,0,2,3,0,1,0,0,0,0,0,0,0,0
Zuldazar,1193,1011,0,2,3,10,1,0,0,0,0,0,0,0,0
Nazmir,1194,1011,0,2,3,10,3,0,0,0,0,0,0,0,0
Vol'dun,1195,1011,0,2,3,10,1,0,0,0,0,0,0,0,0
Estreito Tiragarde,1196,1014,0,2,3,10,1,0,0,0,0,0,0,0,0
Drustvar,1197,1014,0,2,3,10,1,0,0,0,0,0,0,0,0
Vale Trovamare,1198,1014,0,2,3,10,1,0,0,1,0,0,0,0,0
Costa Negra,1203,12,0,0,6,0,0,0,0,0,0,0,0,0,0
Reinos do Leste,1208,0,4,2,2,0,0,0,0,0,5350,0,0,0,0
Kalimdor,1209,0,4,2,2,0,0,0,0,0,5350,0,0,0,0
Planalto Arathi,1244,1208,0,2,3,0,0,0,0,0,0,0,0,0,0
Ermos,1245,1208,0,2,3,0,0,0,0,0,0,0,0,0,0
Barreira do Inferno,1246,1208,0,2,3,0,0,0,0,0,0,0,0,0,0
Clareiras de Tirisfal,1247,1208,0,2,3,0,0,0,0,0,0,0,0,0,0
Floresta de Pinhaprata,1248,1208,0,2,3,0,0,0,0,0,0,0,0,0,0
Terras Pestilentas Ocidentais,1249,1208,0,2,3,0,0,0,0,0,0,0,0,0,0
Terras Pestilentas Orientais,1250,1208,0,2,3,0,0,0,0,0,0,0,0,0,0
Contraforte de Eira dos Montes,1251,1208,0,2,3,0,0,0,0,0,0,0,0,0,0
Terras Agrestes,1252,1208,0,2,3,0,0,0,0,0,0,0,0,0,0
Dun Morogh,1253,1208,0,2,3,0,0,0,0,0,0,0,0,0,0
Garganta Abrasadora,1254,1208,0,2,3,0,0,0,0,0,0,0,0,0,0
Estepes Ardentes,1255,1208,0,2,3,0,0,0,0,0,0,0,0,0,0
Floresta de Elwynn,1256,1208,0,2,3,0,0,0,0,0,0,0,0,0,0
Trilha do Vento Morto,1257,1208,0,2,3,0,0,0,0,0,0,0,0,0,0
Floresta do Crepúsculo,1258,1208,0,2,3,0,0,0,0,0,0,0,0,0,0
Loch Modan,1259,1208,0,2,3,0,0,0,0,0,0,0,0,0,0
Montanhas Cristarrubra,1260,1208,0,2,3,0,0,0,0,0,0,0,0,0,0
Pântano das Mágoas,1261,1208,0,2,3,0,0,0,0,0,0,0,0,0,0
Cerro Oeste,1262,1208,0,2,3,0,0,0,0,0,0,0,0,0,0
Pantanal,1263,1208,0,2,3,0,0,0,0,0,0,0,0,0,0
Ventobravo,1264,1208,0,2,3,0,0,0,0,0,0,0,0,0,0
Altaforja,1265,1208,0,2,3,0,0,0,0,0,0,0,0,0,0
Cidade Baixa,1266,1208,0,2,3,0,0,0,0,0,0,0,0,0,0
Floresta do Canto Eterno,1267,1208,0,2,3,0,0,0,0,0,0,0,0,0,0
Terra Fantasma,1268,1208,0,2,3,0,0,0,0,0,0,0,0,0,0
Luaprata,1269,1208,0,2,3,0,0,0,0,0,0,0,0,0,0
Ilha de Quel'Danas,1270,1208,0,2,3,0,0,0,0,0,0,0,0,0,0
Guilnéas,1271,1208,0,2,3,0,0,0,0,0,0,0,0,0,0
Vashj'ir,1272,1208,0,2,3,0,0,0,0,0,0,0,0,0,0
Ruínas de Guilnéas,1273,1208,0,2,3,0,0,0,0,0,0,0,0,0,0
Selva do Espinhaço,1274,1208,0,2,3,0,0,0,0,0,0,0,0,0,0
Planalto do Crepúsculo,1275,1208,0,2,3,0,0,0,0,0,0,0,0,0,0
Tol Barad,1276,1208,0,2,3,0,0,0,0,0,0,0,0,0,0
Península de Tol Barad,1277,1208,0,2,3,0,0,0,0,0,0,0,0,0,0
Durotar,1305,1209,0,2,3,0,0,0,0,0,0,0,0,0,0
Mulgore,1306,1209,0,2,3,0,0,0,0,0,0,0,0,0,0
Sertões Setentrionais,1307,1209,0,2,3,0,0,0,0,0,0,0,0,0,0
Teldrassil,1308,1209,0,2,3,0,0,0,0,0,0,0,0,0,0
Costa Negra,1309,1209,0,2,3,0,0,0,0,0,0,0,0,0,0
Vale Gris,1310,1209,0,2,3,0,0,0,0,0,0,0,0,0,0
Mil Agulhas,1311,1209,0,2,3,0,0,0,0,0,0,0,0,0,0
Cordilheira das Torres de Pedra,1312,1209,0,2,3,0,0,0,0,0,0,0,0,0,0
Desolação,1313,1209,0,2,3,0,0,0,0,0,0,0,0,0,0
Feralas,1314,1209,0,2,3,0,0,0,0,0,0,0,0,0,0
Pântano Vadeoso,1315,1209,0,2,3,0,0,0,0,0,0,0,0,0,0
Tanaris,1316,1209,0,2,3,0,0,0,0,0,0,0,0,0,0
Azshara,1317,1209,0,2,3,0,0,0,0,0,0,0,0,0,0
Selva Maleva,1318,1209,0,2,3,0,0,0,0,0,0,0,0,0,0
Cratera Un'Goro,1319,1209,0,2,3,0,0,0,0,0,0,0,0,0,0
Clareira da Lua,1320,1209,0,2,3,0,0,0,0,0,0,0,0,0,0
Silithus,1321,1209,0,2,3,0,0,0,0,0,0,0,0,0,0
Hibérnia,1322,1209,0,2,3,0,0,0,0,0,0,0,0,0,0
Penhasco do Trovão,1323,1209,0,2,3,0,0,0,0,0,0,0,0,0,0
Darnassus,1324,1209,0,2,3,0,0,0,0,0,0,0,0,0,0
Ilha Névoa Lazúli,1325,1209,0,2,3,0,0,0,0,0,0,0,0,0,0
Exodar,1326,1209,0,2,3,0,0,0,0,0,0,0,0,0,0
Ilha Névoa Rubra,1327,1209,0,2,3,0,0,0,0,0,0,0,0,0,0
Monte Hyjal,1328,1209,0,2,3,0,0,0,0,0,0,0,0,0,0
Sertões Meridionais,1329,1209,0,2,3,0,0,0,0,0,0,0,0,0,0
Uldum,1330,1209,0,2,3,0,0,0,0,0,0,0,0,0,0
Exodar,1331,1209,0,2,3,0,0,0,0,0,0,0,0,0,0
Costa Negra,1332,12,0,0,6,0,0,0,0,0,0,0,0,0,0
Costa Negra,1333,12,0,0,6,0,0,0,0,0,0,0,733,0,0
Invérnia,1334,113,0,0,6,0,0,0,0,0,0,0,0,0,0
Culinária: Impossível,1335,0,0,0,3,0,0,0,0,0,0,0,0,0,0
Selva do Refúgio,1336,0,0,0,3,0,0,0,0,0,0,0,0,0,0
Jorundall,1337,0,0,0,3,0,0,0,0,0,0,0,0,0,0
Costa Negra,1338,12,0,0,6,0,0,0,0,0,0,0,0,0,0
Ravina Brado Guerreiro,1339,10,0,0,3,0,0,0,0,0,0,0,0,0,0
8.1 Darkshore Outdoor Final Phase,1343,0,0,0,6,0,1,0,0,1,0,0,0,0,0
Caldeirão das Tempestades,1345,942,0,0,4,0,0,0,0,0,0,0,0,0,0
Caldeirão das Tempestades,1346,942,0,0,4,0,0,0,0,0,0,0,0,0,0
Tesouro Zandalari,1347,0,0,0,3,0,0,0,0,0,0,0,0,0,0
Tesouro Zandalari,1348,862,0,0,4,0,0,0,0,0,0,0,0,0,0
Tol Dagor,1349,895,68,0,6,0,0,0,0,0,0,0,0,0,0
Tol Dagor,1350,895,64,0,4,0,0,0,0,0,0,0,0,0,0
Tol Dagor,1351,895,64,0,4,0,0,0,0,0,0,0,0,0,0
Batalha de Dazar'alor,1352,862,0,0,4,0,5,0,0,0,0,0,0,0,0
Batalha de Dazar'alor,1353,862,0,0,4,0,5,0,0,0,0,0,0,0,0
Batalha de Dazar'alor,1354,862,0,0,4,0,5,0,0,0,0,0,0,0,0
Nazjatar,1355,947,6,0,3,10,1,0,0,0,0,0,690,0,0
Batalha de Dazar'alor,1356,862,0,0,4,0,5,0,0,0,0,0,0,0,0
Batalha de Dazar'alor,1357,862,0,0,4,0,5,0,0,0,0,0,0,0,0
Batalha de Dazar'alor,1358,862,0,0,4,0,5,0,0,0,0,0,0,0,0
Cidadela da Coroa de Gelo,1359,118,64,0,4,0,0,0,0,0,0,0,0,0,0
Cidadela da Coroa de Gelo,1360,118,64,0,4,0,0,0,0,0,0,0,0,0,0
VelhaAltaforja,1361,87,0,0,4,0,0,0,0,0,0,0,0,0,0
Santuário da Tempestade,1362,0,0,0,3,0,0,0,0,0,0,0,0,0,0
Caldeirão das Tempestades,1363,942,0,0,4,0,0,0,0,0,0,0,0,0,0
Batalha de Dazar'alor,1364,862,2,0,4,0,5,0,0,0,0,0,0,0,0
Bacia Arathi,1366,0,0,0,6,0,0,0,0,0,0,0,0,0,0
Batalha de Dazar'alor,1367,862,128,0,4,0,5,0,0,0,0,0,0,0,0
GnomereganA,1371,27,0,0,4,0,0,0,0,0,0,0,0,0,0
GnomereganB,1372,27,0,0,4,0,0,0,0,0,0,0,0,0,0
GnomereganD,1374,27,0,0,4,0,0,0,0,0,0,0,0,0,0
Salões Rochosos,1375,120,0,0,4,0,0,0,0,0,0,0,0,0,0
8.3 Visions of N'Zoth - Prototype,1379,0,0,0,3,0,0,0,0,0,0,0,0,0,0
GnomereganC,1380,27,0,0,4,0,0,0,0,0,0,0,0,0,0
Uldir,1381,863,0,0,4,0,0,0,0,0,0,0,0,0,0
Uldir,1382,863,0,0,4,0,0,0,0,0,0,0,0,0,0
Bacia Arathi,1383,14,0,0,6,0,5,0,0,0,0,0,0,0,0
Nortúndria,1384,0,4,2,2,0,4,0,0,0,5350,0,0,0,0
Tundra Boreana,1396,1384,0,2,3,0,0,0,0,0,0,0,0,0,0
Ermo das Serpes,1397,1384,0,2,3,0,0,0,0,0,0,0,0,0,0
Serra Gris,1398,1384,0,2,3,0,0,0,0,0,0,0,0,0,0
Fiorde Uivante,1399,1384,0,2,3,0,0,0,0,0,0,0,0,0,0
Coroa de Gelo,1400,1384,0,2,3,0,0,0,0,0,0,0,0,0,0
Bacia Sholazar,1401,1384,0,2,3,0,0,0,0,0,0,0,0,0,0
Picos Tempestuosos,1402,1384,0,2,3,0,0,0,0,0,0,0,0,0,0
Zul'Drak,1403,1384,0,2,3,0,0,0,0,0,0,0,0,0,0
Invérnia,1404,1384,0,2,3,0,0,0,0,0,0,0,0,0,0
Floresta do Canto Cristalino,1405,1384,0,2,3,0,0,0,0,0,0,0,0,0,0
Porto de Hrothgar,1406,1384,0,2,3,0,0,0,0,0,0,0,0,0,0
Prisão de Nanquim,1407,896,0,0,4,0,0,0,0,0,0,0,0,0,0
Ashran,1408,0,0,0,3,0,0,0,0,0,0,0,0,0,0
Rincão do Exílio,1409,0,0,0,6,0,0,0,0,0,0,0,0,0,0
Ilha de Gnomecan,1462,876,6,0,3,0,3,0,0,0,0,0,713,0,0
Salões Escarlates,1465,18,0,0,4,0,5,0,0,0,0,0,0,0,0
Terralém,1467,0,4,2,2,0,0,0,0,0,5350,0,0,0,0
O Bosque Onírico,1468,641,0,0,6,0,0,0,0,0,0,0,0,0,0
Visão de Orgrimmar,1469,12,0,0,6,0,0,0,0,0,0,0,0,0,0
Visão de Ventobravo,1470,13,0,0,6,0,0,0,0,0,0,0,0,0,0
Estrada Onírica Esmeralda,1471,747,0,0,6,0,0,0,0,0,0,0,0,0,0
Espinha do Dragão,1472,650,0,0,6,0,0,0,0,0,0,0,0,0,0
Câmara do Coração,1473,81,64,0,4,10,0,0,0,1,0,0,0,0,0
Voragem – Coração de Azeroth,1474,948,0,0,6,0,0,0,0,0,0,0,0,0,0
Sonho Esmeralda,1475,747,0,0,6,0,0,0,0,0,0,0,0,0,0
Planalto do Crepúsculo,1476,13,0,0,6,0,0,0,0,0,0,0,0,0,0
Ashran,1478,572,0,0,6,0,0,0,0,0,0,0,0,0,0
Libertação de Baine,1479,556,0,0,6,0,0,0,0,0,0,0,0,0,0
Gnomecan,1490,876,0,0,4,0,5,0,0,0,0,0,0,0,0
Gnomecan,1491,876,0,0,4,0,5,0,0,0,0,0,0,0,0
Gnomecan,1493,876,0,0,4,0,5,0,0,0,0,0,0,0,0
Gnomecan,1494,876,0,0,4,0,5,0,0,0,0,0,0,0,0
Gnomecan,1497,876,0,0,4,0,5,0,0,0,0,0,0,0,0
Zin-Azshari,1499,1355,0,0,5,0,0,0,0,2,0,0,0,0,0
,1500,1355,0,0,5,0,0,0,0,0,0,0,0,0,0
Desalento,1501,876,0,0,6,0,0,0,0,0,0,0,0,0,0
Vila Botão-da-neve,1502,424,0,0,6,0,0,0,0,0,0,0,0,0,0
Nazjatar,1504,0,4,2,2,0,4,0,0,0,5350,0,0,0,0
Stratholme,1505,23,0,0,4,0,0,0,0,0,0,0,0,0,0
Palácio Eterno,1512,1355,0,0,4,0,0,0,0,0,0,0,0,0,0
Palácio Eterno,1513,1355,0,0,4,0,0,0,0,0,0,0,0,0,0
Palácio Eterno,1514,1355,0,0,4,0,0,0,0,0,0,0,0,0,0
Palácio Eterno,1515,1355,0,0,4,0,0,0,0,0,0,0,0,0,0
Palácio Eterno,1516,1355,0,0,4,0,0,0,0,0,0,0,0,0,0
Palácio Eterno,1517,1355,0,0,4,0,0,0,0,0,0,0,0,0,0
Palácio Eterno,1518,1355,0,0,4,0,0,0,0,0,0,0,0,0,0
Palácio Eterno,1519,1355,0,0,4,0,0,0,0,0,0,0,0,0,0
Palácio Eterno,1520,1355,0,0,4,0,0,0,0,0,0,0,0,0,0
Catacumbas de Karazhan,1521,0,0,0,6,0,0,0,0,0,0,0,0,0,0
Caverna Decadente,1522,1462,0,0,5,0,0,0,0,0,0,0,0,0,0
Solesa Naksu [DNT],1523,0,0,0,3,0,0,0,0,0,0,0,0,0,0
,1524,1355,0,0,5,0,0,0,0,0,0,0,0,0,0
Revendreth,1525,1550,6,0,3,0,0,0,0,0,0,0,746,0,0
Uldum,1527,12,326,0,3,10,0,0,75731,0,0,1,703,0,0
Nazjatar,1528,947,68,0,6,0,0,0,0,3,0,0,0,0,0
Vale das Flores Eternas,1530,424,70,0,3,10,1,0,71889,0,0,2,703,0,0
Sucatópolis,1531,194,64,0,6,0,0,0,0,0,0,0,0,0,0
Sucatópolis,1532,194,0,0,6,0,4,0,0,4,0,0,0,0,0
Bastião,1533,1550,6,0,3,0,0,0,0,0,0,0,743,0,0
Orgrimmar,1534,12,0,0,6,0,5,0,0,0,0,0,0,0,0
Durotar,1535,12,0,0,6,0,0,0,0,0,0,0,70,0,0
Maldraxxus,1536,1550,6,0,3,0,4,0,0,4,0,0,745,0,0
Vale Alterac,1537,25,0,0,6,0,0,0,0,0,0,0,0,0,0
Descenso do Asa Negra,1538,36,0,0,4,0,0,0,0,0,0,0,0,0,0
Descenso do Asa Negra,1539,36,0,0,4,0,0,0,0,0,0,0,0,0,0
Salões Primordiais,1540,249,0,0,4,0,0,0,0,0,0,0,0,0,0
Salões Primordiais,1541,249,0,0,4,0,0,0,0,0,0,0,0,0,0
Salões Primordiais,1542,249,0,0,4,0,0,0,0,0,0,0,0,0,0
A Gorja,1543,1550,6,0,3,0,0,0,80614,0,0,6,2098,0,0
Palácio Mogu'shan,1544,390,0,0,4,0,0,0,0,0,0,0,0,0,0
Palácio Mogu'shan,1545,390,0,0,4,0,0,0,0,0,0,0,0,0,0
Palácio Mogu'shan,1546,390,0,0,4,0,0,0,0,0,0,0,0,0,0
Galerias Mogu'shan,1547,390,0,0,4,0,0,0,0,0,0,0,0,0,0
Galerias Mogu'shan,1548,390,0,0,4,0,0,0,0,0,0,0,0,0,0
Galerias Mogu'shan,1549,390,0,0,4,0,0,0,0,0,0,0,0,0,0
Terras Sombrias,1550,946,2304,0,2,0,0,0,0,0,0,0,807,0,0
Cavernas do Tempo,1552,71,0,0,4,0,0,0,0,0,0,0,0,0,0
Cavernas do Tempo,1553,71,0,0,4,0,0,0,0,0,0,0,0,0,0
Caverna do Serpentário,1554,102,0,0,4,0,0,0,0,0,0,0,0,0,0
Bastilha da Tormenta,1555,109,0,0,4,0,0,0,0,0,0,0,0,0,0
Pico Hyjal,1556,198,0,0,6,0,0,0,0,0,0,0,0,0,0
Naxxramas,1557,23,0,0,4,0,0,0,0,0,0,0,0,0,0
Cidadela da Coroa de Gelo,1558,118,0,0,6,0,0,0,0,0,0,0,0,0,0
Bastião do Crepúsculo,1559,241,0,0,6,0,0,0,0,0,0,0,0,0,0
Covil Asa Negra,1560,36,0,0,6,0,0,0,0,0,0,0,0,0,0
Terras do Fogo,1561,367,0,0,6,0,0,0,0,0,0,0,0,0,0
Prova do Cruzado,1563,118,0,0,6,0,0,0,0,0,0,0,0,0,0
Ardena,1565,1550,6,0,3,0,0,0,0,0,0,0,744,0,0
Bastião,1569,1647,16384,2,3,0,0,0,0,0,0,0,0,0,0
Vale das Flores Eternas,1570,424,0,0,6,0,0,0,73968,0,0,4,0,0,0
Uldum,1571,12,70,0,6,0,0,0,74633,0,0,3,0,0,0
Cidade de Gnomecan,1573,876,0,0,4,0,0,0,0,0,0,0,0,0,0
Cidade de Gnomecan,1574,876,0,0,4,0,0,0,0,0,0,0,0,0,0
Desfiladeiro do Vendaval,1576,376,0,0,6,0,0,0,0,0,0,0,0,0,0
Guilnéas,1577,13,0,0,3,0,0,0,0,0,0,0,0,0,0
Abismo Rocha Negra,1578,32,0,0,4,0,0,0,0,0,0,0,0,0,0
Águas de Poder,1579,1530,0,0,5,0,0,0,0,0,0,0,0,0,0
Ny'alotha,1580,947,0,0,4,0,0,0,0,0,0,0,0,0,0
Ny'alotha,1581,947,0,0,4,0,0,0,0,0,0,0,0,0,0
Ny'alotha,1582,947,0,0,4,0,0,0,0,0,0,0,0,0,0
Ny'alotha,1590,947,0,0,4,0,0,0,0,0,0,0,0,0,0
Ny'alotha,1591,947,0,0,4,0,0,0,0,0,0,0,0,0,0
Ny'alotha,1592,947,0,0,4,0,0,0,0,0,0,0,0,0,0
Ny'alotha,1593,947,0,0,4,0,0,0,0,0,0,0,0,0,0
Ny'alotha,1594,947,0,0,4,0,0,0,0,0,0,0,0,0,0
Ny'alotha,1595,947,0,0,4,0,0,0,0,0,0,0,0,0,0
Ny'alotha,1596,947,0,0,4,0,0,0,0,0,0,0,0,0,0
Ny'alotha,1597,947,0,0,4,0,0,0,0,0,0,0,0,0,0
Salão de Y'Shaarj,1600,1530,0,0,5,0,0,0,0,0,0,0,0,0,0
Cidadela da Coroa de Gelo,1602,118,0,0,4,0,0,0,0,0,0,0,0,0,0
Ardena,1603,1550,68,0,6,0,0,0,0,0,0,0,0,0,0
Câmara do Coração,1604,81,64,0,4,0,0,0,0,0,0,0,0,0,0
Cidadela de Malhonegro,1609,1409,0,0,4,0,0,0,0,0,0,0,0,0,0
Cidadela de Malhonegro,1610,1409,0,0,4,0,0,0,0,0,0,0,0,0,0
Dark Citadel,1611,0,0,0,4,0,0,0,0,0,0,0,0,0,0
JT_New_A,1614,0,0,0,4,0,0,0,0,0,0,0,0,0,0
TG10_Floor [Deprecated],1615,1543,0,0,6,0,0,0,0,0,0,0,0,0,0
TG11_Floor [Deprecated],1616,1543,0,0,6,0,0,0,0,0,0,0,0,0,0
TG12_Floor [Deprecated],1617,1543,0,0,6,0,0,0,0,0,0,0,0,0,0
Thanator,1618,1543,2,0,6,0,0,0,0,0,0,0,0,0,0
Thanator,1619,1543,2,0,6,0,0,0,0,0,0,0,0,0,0
Thanator,1620,1543,2,0,6,0,0,0,0,0,0,0,0,0,0
Thanator,1621,1543,2,0,6,0,0,0,0,0,0,0,0,0,0
Thanator,1623,1543,2,0,6,0,0,0,0,0,0,0,0,0,0
Thanator,1624,1543,2,0,6,0,0,0,0,0,0,0,0,0,0
Thanator,1627,1543,2,0,6,0,0,0,0,0,0,0,0,0,0
Thanator,1628,1543,2,0,6,0,4,0,0,4,0,0,0,0,0
Thanator,1629,1543,2,0,6,0,0,0,0,0,0,0,0,0,0
Thanator,1630,1543,2,0,6,0,0,0,0,0,0,0,0,0,0
Thanator,1631,1543,2,0,6,0,0,0,0,0,0,0,0,0,0
Thanator,1632,1543,2,0,6,0,0,0,0,0,0,0,0,0,0
Thanator,1635,1543,2,0,6,0,0,0,0,0,0,0,0,0,0
Thanator,1636,1543,2,0,6,0,0,0,0,0,0,0,0,0,0
Thanator,1641,1543,2,0,6,0,0,0,0,0,0,0,0,0,0
Val'sharah,1642,619,0,0,6,0,0,0,0,0,0,0,332,0,0
Ardena,1643,0,0,2,3,0,0,0,0,0,0,0,0,0,0
Corte das Brasas,1644,1525,0,0,6,0,0,0,0,1,0,0,0,0,0
Thanator,1645,0,4,2,2,0,0,0,0,0,5350,0,0,0,0
As Terras Sombrias,1647,0,8192,2,2,0,0,0,0,1,5350,0,0,0,0
A Gorja,1648,1550,70,0,6,0,0,0,0,0,0,0,742,0,0
Câmara Etérica,1649,1536,0,0,5,0,0,0,0,0,0,0,0,0,0
Fortaleza Cega,1650,1536,0,0,5,0,0,0,0,0,0,0,0,0,0
Forja Incandescente,1651,1536,0,0,5,0,0,0,0,0,0,0,0,0,0
Cofre das Almas,1652,1536,0,0,5,0,0,0,0,0,0,0,0,0,0
Torghast - Map Floor 10 [Deprecated],1656,1550,0,0,6,0,0,0,0,0,0,0,0,0,0
Alpha_TG_R02,1658,0,0,0,4,0,0,0,0,0,0,0,0,0,0
Alpha_TG_R03,1659,1550,0,0,4,0,0,0,0,0,0,0,0,0,0
Alpha_TG_R05,1661,1550,0,0,4,0,0,0,0,0,0,0,0,0,0
Conservatório da Rainha,1662,1565,0,0,6,0,0,0,0,0,0,0,0,0,0
Salões da Expiação,1663,1525,0,0,4,0,0,0,0,0,0,0,0,0,0
Salões da Expiação,1664,1525,0,0,4,0,0,0,0,0,0,0,0,0,0
Salões da Expiação,1665,1525,0,0,4,0,0,0,0,0,0,0,0,0,0
Chaga Necrótica,1666,1533,0,0,4,0,0,0,0,0,0,0,0,0,0
Chaga Necrótica,1667,1533,128,0,4,0,0,0,0,0,0,0,0,0,0
Chaga Necrótica,1668,1533,128,0,4,0,0,0,0,0,0,0,0,0,0
Brumas de Tirna Scithe,1669,1565,0,0,4,0,0,0,0,0,0,0,0,0,0
Oribos,1670,1550,98304,0,4,0,0,0,0,0,0,0,0,0,0
Oribos,1671,1550,65540,0,4,0,0,0,0,0,0,0,0,0,0
Oribos,1672,1550,65536,0,4,0,0,0,0,0,0,0,0,0,0
Oribos,1673,1550,65536,0,4,0,0,0,0,0,0,0,0,0,0
Empéstia,1674,1536,0,0,4,0,0,0,0,0,0,0,0,0,0
Profundezas Sanguinárias,1675,1525,0,0,4,0,0,0,0,0,0,0,0,0,0
Profundezas Sanguinárias,1676,1525,0,0,4,0,0,0,0,0,0,0,0,0,0
O Outro Lado,1677,1565,0,0,4,0,0,0,0,0,0,0,0,0,0
O Outro Lado,1678,1565,0,0,4,0,0,0,0,0,0,0,0,0,0
O Outro Lado,1679,1565,0,0,4,0,0,0,0,0,0,0,0,0,0
O Outro Lado,1680,1565,0,0,4,0,0,0,0,0,0,0,0,0,0
Cidadela da Coroa de Gelo,1681,118,0,0,4,0,0,0,0,0,0,0,0,0,0
Cidadela da Coroa de Gelo,1682,118,0,0,4,0,0,0,0,0,0,0,0,0,0
Teatro da Dor,1683,1536,0,0,4,0,0,0,0,0,0,0,0,0,0
Teatro da Dor,1684,1536,0,0,4,0,0,0,0,0,0,0,0,0,0
Teatro da Dor,1685,1536,0,0,4,0,0,0,0,0,0,0,0,0,0
Teatro da Dor,1686,1536,0,0,4,0,0,0,0,0,0,0,0,0,0
Teatro da Dor,1687,1536,0,0,4,0,0,0,0,0,0,0,0,0,0
Revendreth,1688,1550,2,0,6,0,0,0,0,0,0,0,0,0,0
Maldraxxus,1689,1550,4162,0,6,0,0,0,0,0,0,0,0,0,0
Alojamento do Aspirante,1690,1533,0,0,5,0,0,0,0,0,0,0,0,0,0
Arvoredo Cindido,1691,905,0,0,6,0,0,0,0,0,0,0,0,0,0
Torres da Ascensão,1692,1533,0,0,4,0,0,0,0,0,0,0,0,0,0
Torres da Ascensão,1693,1533,0,0,4,0,0,0,0,0,0,0,0,0,0
Torres da Ascensão,1694,1533,0,0,4,0,0,0,0,0,0,0,0,0,0
Torres da Ascensão,1695,1533,0,0,4,0,0,0,0,0,0,0,0,0,0
Empéstia,1697,1536,0,0,4,0,0,0,0,0,0,0,0,0,0
Trono do Prócer,1698,1536,64,0,4,0,0,0,0,0,0,0,0,0,0
Pecádia,1699,1525,68,0,4,0,0,0,0,0,0,0,0,0,0
Pecádia,1700,1525,0,0,4,0,0,0,0,0,0,0,0,0,0
Coração da Floresta,1701,1565,4,0,4,0,0,0,0,0,0,0,0,0,0
Coração da Floresta,1702,1565,0,0,4,0,0,0,0,0,0,0,0,0,0
Coração da Floresta,1703,1565,0,0,4,0,0,0,0,0,0,0,0,0,0
Thanator - Entrada,1705,0,0,0,6,0,0,0,0,0,0,0,0,0,0
Fortaleza Elísia,1707,1533,4,0,4,0,0,0,0,0,0,0,0,0,0
Fortaleza Elísia,1708,1533,0,0,4,0,0,0,0,0,0,0,0,0,0
Ardena,1709,1565,0,0,6,0,0,0,0,0,0,0,0,0,0
Coliseu da Ascensão,1711,1533,0,0,6,0,0,0,0,0,0,0,0,0,0
Thanator,1712,1543,2,0,6,0,0,0,0,0,0,0,0,0,0
Caminho da Sabedoria,1713,1533,0,0,5,0,0,0,0,0,0,0,0,0,0
Terceira Câmara de Calíope,1714,1533,0,0,5,0,0,0,0,0,0,0,0,0,0
Vestíbulo da Eternidade,1715,905,0,0,6,0,0,0,0,0,0,0,0,0,0
Torghast - Map Floor 22,1716,1543,2,3,6,0,0,0,0,0,0,0,0,0,0
Fronte do Calafrio,1717,905,0,0,6,0,0,0,0,0,0,0,0,0,0
Covenant_Ard_Torghast,1720,1543,0,0,4,0,0,0,0,0,0,0,0,0,0
Thanator,1721,1543,2,0,6,0,0,0,0,0,0,0,0,0,0
Vortrexxis,1724,1536,0,0,4,0,0,0,0,0,0,0,0,0,0
Mar do Norte,1726,0,128,0,6,0,0,0,0,0,0,0,0,0,0
Mar do Norte,1727,0,128,0,6,0,0,0,0,0,0,0,0,0,0
Entalhador de Runas,1728,0,0,0,6,0,0,0,0,0,0,0,0,0,0
Revendreth,1734,1550,128,2,6,0,0,0,0,0,0,0,0,0,0
Castelo de Nathria,1735,1525,66,0,4,0,0,0,0,0,0,0,0,0,0
Thanator,1736,1543,2,0,6,0,0,0,0,0,0,0,0,0,0
Revendreth,1738,1647,0,2,6,0,0,0,0,0,0,0,746,0,0
Ardena,1739,1647,0,2,6,0,0,0,0,0,0,0,744,0,0
Ardena,1740,1647,16384,2,3,0,0,0,0,0,0,0,744,0,0
Maldraxxus,1741,1647,16384,2,3,0,4,0,0,4,0,0,745,0,0
Revendreth,1742,1647,16384,2,3,0,0,0,0,0,0,0,0,0,0
Castelo de Nathria,1744,1525,64,0,4,0,0,0,0,0,0,0,0,0,0
Castelo de Nathria,1745,1525,64,0,4,0,0,0,0,0,0,0,0,0,0
Castelo de Nathria,1746,1525,64,0,4,0,0,0,0,0,0,0,0,0,0
Castelo de Nathria,1747,1525,64,0,4,0,0,0,0,0,0,0,0,0,0
Castelo de Nathria,1748,1525,64,0,4,0,0,0,0,0,0,0,0,0,0
Thanator,1749,1543,2,0,6,0,0,0,0,0,0,0,0,0,0
Castelo de Nathria,1750,1525,64,0,4,0,0,0,0,0,0,0,0,0,0
Thanator,1751,1543,2,0,6,0,0,0,0,0,0,0,0,0,0
Thanator,1752,1543,2,0,6,0,0,0,0,0,0,0,0,0,0
Thanator,1753,1543,2,0,6,0,0,0,0,0,0,0,0,0,0
Thanator,1754,1543,2,0,6,0,0,0,0,0,0,0,0,0,0
Castelo de Nathria,1755,1525,0,0,6,0,0,0,0,0,0,0,0,0,0
Thanator,1756,1543,2,0,6,0,0,0,0,0,0,0,0,0,0
Thanator,1757,1543,2,0,6,0,0,0,0,0,0,0,0,0,0
Thanator,1758,1543,2,0,6,0,0,0,0,0,0,0,0,0,0
Thanator,1759,1543,2,0,6,0,0,0,0,0,0,0,0,0,0
Thanator,1760,1543,2,0,6,0,0,0,0,0,0,0,0,0,0
Thanator,1761,1543,2,0,6,0,0,0,0,0,0,0,0,0,0
"Thanator, a Torre dos Malditos",1762,0,128,0,6,0,0,0,0,0,0,0,0,0,0
Thanator,1763,1543,2,0,6,0,0,0,0,0,0,0,0,0,0
Thanator,1764,1543,2,0,6,0,0,0,0,0,0,0,0,0,0
Thanator,1765,1543,2,0,6,0,0,0,0,0,0,0,0,0,0
Thanator,1766,1543,2,0,6,0,0,0,0,0,0,0,0,0,0
Thanator,1767,1543,2,0,6,0,0,0,0,0,0,0,0,0,0
Thanator,1768,1543,2,0,6,0,0,0,0,0,0,0,0,0,0
Thanator,1769,1543,2,0,6,0,0,0,0,0,0,0,0,0,0
Thanator,1770,1543,2,0,6,0,0,0,0,0,0,0,0,0,0
Thanator,1771,1543,2,0,6,0,0,0,0,0,0,0,0,0,0
Thanator,1772,1543,2,0,6,0,0,0,0,0,0,0,0,0,0
Thanator,1773,1543,2,0,6,0,0,0,0,0,0,0,0,0,0
Thanator,1774,1543,2,0,6,0,0,0,0,0,0,0,0,0,0
Thanator,1776,1543,2,0,6,0,0,0,0,0,0,0,0,0,0
Thanator,1777,1543,2,0,6,0,0,0,0,0,0,0,0,0,0
Thanator,1778,1543,2,0,6,0,0,0,0,0,0,0,0,0,0
Thanator,1779,1543,2,0,6,0,0,0,0,0,0,0,0,0,0
Thanator,1780,1543,2,0,6,0,0,0,0,0,0,0,0,0,0
Thanator,1781,1543,2,0,6,0,0,0,0,0,0,0,0,0,0
Thanator,1782,1543,2,0,6,0,0,0,0,0,0,0,0,0,0
Thanator,1783,1543,2,0,6,0,0,0,0,0,0,0,0,0,0
Thanator,1784,1543,2,0,6,0,0,0,0,0,0,0,0,0,0
Thanator,1785,1543,2,0,6,0,0,0,0,0,0,0,0,0,0
Thanator,1786,1543,2,0,6,0,0,0,0,0,0,0,0,0,0
Thanator,1787,1543,2,0,6,0,0,0,0,0,0,0,0,0,0
Thanator,1788,1543,2,0,6,0,0,0,0,0,0,0,0,0,0
Thanator,1789,1543,2,0,6,0,0,0,0,0,0,0,0,0,0
Thanator,1791,1543,2,0,6,0,0,0,0,0,0,0,0,0,0
Thanator,1792,1543,2,0,6,0,0,0,0,0,0,0,0,0,0
Thanator,1793,1543,2,0,6,0,0,0,0,0,0,0,0,0,0
Thanator,1794,1543,2,0,6,0,0,0,0,0,0,0,0,0,0
Thanator,1795,1543,2,0,6,0,0,0,0,0,0,0,0,0,0
Thanator,1796,1543,2,0,6,0,0,0,0,0,0,0,0,0,0
Thanator,1797,1543,2,0,6,0,0,0,0,0,0,0,0,0,0
Thanator,1798,1543,2,0,6,0,0,0,0,0,0,0,0,0,0
Thanator,1799,1543,2,0,6,0,0,0,0,0,0,0,0,0,0
Thanator,1800,1543,2,0,6,0,0,0,0,0,0,0,0,0,0
Thanator,1801,1543,2,0,6,0,0,0,0,0,0,0,0,0,0
Thanator,1802,1543,2,0,6,0,0,0,0,0,0,0,0,0,0
Thanator,1803,1543,2,0,6,0,0,0,0,0,0,0,0,0,0
Thanator,1804,1543,2,0,6,0,0,0,0,0,0,0,0,0,0
Thanator,1805,1543,2,0,6,0,0,0,0,0,0,0,0,0,0
Thanator,1806,1543,2,0,6,0,0,0,0,0,0,0,0,0,0
Thanator,1807,1543,2,0,6,0,0,0,0,0,0,0,0,0,0
Thanator,1808,1543,2,0,6,0,0,0,0,0,0,0,0,0,0
Thanator,1809,1543,2,0,6,0,0,0,0,0,0,0,0,0,0
Thanator,1810,1543,2,0,6,0,0,0,0,0,0,0,0,0,0
Thanator,1811,1543,2,0,6,0,0,0,0,0,0,0,0,0,0
Thanator,1812,1543,2,0,6,0,0,0,0,0,0,0,0,0,0
Bastião,1813,1647,0,2,6,0,0,0,0,0,0,0,743,0,0
Maldraxxus,1814,1647,0,2,6,0,4,0,0,4,0,0,745,0,0
Garra Afiada,1816,1565,0,0,5,0,0,0,0,0,0,0,0,0,0
Tirna Vaal,1818,1565,0,0,5,0,0,0,0,0,0,0,0,0,0
Términus Fúngico,1819,1565,0,0,5,0,0,0,0,0,0,0,0,0,0
Poço da Angústia,1820,1543,0,0,5,0,0,0,0,0,0,0,0,0,0
Poço da Angústia,1821,1543,0,0,5,0,0,0,0,0,0,0,0,0,0
Sanatório do Extrator,1822,1543,0,0,5,0,0,0,0,0,0,0,0,0,0
Altar da Dominação,1823,1543,0,0,5,0,0,0,0,0,0,0,0,0,0
Covil da Matriarca,1824,1565,0,0,5,0,0,0,0,0,0,0,0,0,0
Adega da Raiz,1825,1565,0,0,5,0,0,0,0,0,0,0,0,0,0
Adega da Raiz,1826,1565,0,0,5,0,0,0,0,0,0,0,0,0,0
Adega da Raiz,1827,1565,0,0,5,0,0,0,0,0,0,0,0,0,0
,1829,1565,0,0,5,0,0,0,0,0,0,0,0,0,0
Thanator,1833,1543,2,3,6,0,0,0,0,0,0,0,0,0,0
Thanator - Mapa do Andar 24,1834,1543,2,3,6,0,0,0,0,0,0,0,0,0,0
Thanator - Mapa do Andar 25,1835,1543,2,3,6,0,0,0,0,0,0,0,0,0,0
Thanator - Mapa do Andar 26,1836,1543,2,3,6,0,0,0,0,0,0,0,0,0,0
Thanator - Mapa do Andar 27,1837,1543,2,3,6,0,0,0,0,0,0,0,0,0,0
Thanator - Mapa do Andar 41,1838,1543,2,3,6,0,4,0,0,4,0,0,0,0,0
Thanator - Mapa do Andar 28,1839,1543,2,3,6,0,0,0,0,0,0,0,0,0,0
Thanator - Mapa do Andar 40,1840,1543,2,3,6,0,0,0,0,0,0,0,0,0,0
Thanator - Mapa do Andar 39,1841,1543,2,3,6,0,0,0,0,0,0,0,0,0,0
Thanator - Mapa do Andar 29,1842,1543,2,3,6,0,0,0,0,0,0,0,0,0,0
Thanator - Mapa do Andar 38,1843,1543,2,3,6,0,0,0,0,0,0,0,0,0,0
Thanator - Mapa do Andar 32,1844,1543,2,3,6,0,0,0,0,0,0,0,0,0,0
Thanator - Mapa do Andar 31,1845,1543,2,3,6,0,0,0,0,0,0,0,0,0,0
Thanator - Mapa do Andar 33,1846,1543,2,3,6,0,0,0,0,0,0,0,0,0,0
Thanator - Mapa do Andar 34,1847,1543,2,3,6,0,0,0,0,0,0,0,0,0,0
Thanator - Mapa do Andar 14,1848,1543,2,3,6,0,0,0,0,0,0,0,0,0,0
Thanator - Mapa do Andar 16,1849,1543,2,3,6,0,0,0,0,0,0,0,0,0,0
Thanator - Mapa do Andar 18,1850,1543,2,3,6,0,0,0,0,0,0,0,0,0,0
Thanator - Mapa do Andar 42,1851,1543,2,3,6,0,0,0,0,0,0,0,0,0,0
Thanator - Mapa do Andar 44,1852,1543,2,3,6,0,0,0,0,0,0,0,0,0,0
Thanator - Mapa do Andar 46,1853,1543,2,3,6,0,0,0,0,0,0,0,0,0,0
Thanator - Mapa do Andar 48,1854,1543,2,3,6,0,0,0,0,0,0,0,0,0,0
Thanator - Mapa do Andar 49,1855,1543,2,3,6,0,0,0,0,0,0,0,0,0,0
Thanator - Mapa do Andar 50,1856,1543,2,3,6,0,0,0,0,0,0,0,0,0,0
Thanator - Mapa do Andar 51,1857,1543,2,3,6,0,0,0,0,0,0,0,0,0,0
Thanator - Mapa do Andar 52,1858,1543,2,3,6,0,0,0,0,0,0,0,0,0,0
Thanator - Mapa do Andar 53,1859,1543,2,3,6,0,0,0,0,0,0,0,0,0,0
Thanator - Mapa do Andar 54,1860,1543,2,3,6,0,0,0,0,0,0,0,0,0,0
Thanator - Mapa do Andar 57,1861,1543,2,3,6,0,0,0,0,0,0,0,0,0,0
Thanator - Mapa do Andar 59,1862,1543,2,3,6,0,0,0,0,0,0,0,0,0,0
Thanator - Mapa do Andar 61,1863,1543,2,3,6,0,0,0,0,0,0,0,0,0,0
Thanator - Mapa do Andar 63,1864,1543,2,3,6,0,0,0,0,0,0,0,0,0,0
Thanator - Mapa do Andar 64,1865,1543,2,3,6,0,0,0,0,0,0,0,0,0,0
Thanator - Mapa do Andar 66,1867,1543,2,3,6,0,0,0,0,0,0,0,0,0,0
Thanator - Mapa do Andar 67,1868,1543,2,3,6,0,0,0,0,0,0,0,0,0,0
Thanator - Mapa do Andar 68,1869,1543,2,3,6,0,0,0,0,0,0,0,0,0,0
Thanator - Mapa do Andar 69,1870,1543,2,3,6,0,0,0,0,0,0,0,0,0,0
Thanator - Mapa do Andar 70,1871,1543,2,3,6,0,0,0,0,0,0,0,0,0,0
Thanator - Mapa do Andar 71,1872,1543,2,3,6,0,0,0,0,0,0,0,0,0,0
Thanator - Mapa do Andar 74,1873,1543,2,3,6,0,0,0,0,0,0,0,0,0,0
Thanator - Mapa do Andar 75,1874,1543,2,3,6,0,0,0,0,0,0,0,0,0,0
Thanator - Mapa do Andar 76,1875,1543,2,3,6,0,0,0,0,0,0,0,0,0,0
Thanator - Mapa do Andar 77,1876,1543,2,3,6,0,0,0,0,0,0,0,0,0,0
Thanator - Mapa do Andar 78,1877,1543,2,3,6,0,0,0,0,0,0,0,0,0,0
Thanator - Mapa do Andar 80,1878,1543,2,3,6,0,0,0,0,0,0,0,0,0,0
Thanator - Mapa do Andar 81,1879,1543,2,3,6,0,0,0,0,0,0,0,0,0,0
Thanator - Mapa do Andar 83,1880,1543,2,3,6,0,0,0,0,0,0,0,0,0,0
Thanator - Mapa do Andar 84,1881,1543,2,3,6,0,0,0,0,0,0,0,0,0,0
Thanator - Mapa do Andar 86,1882,1543,2,3,6,0,0,0,0,0,0,0,0,0,0
Thanator - Mapa do Andar 87,1883,1543,2,3,6,0,0,0,0,0,0,0,0,0,0
Thanator - Mapa do Andar 88,1884,1543,2,3,6,0,0,0,0,0,0,0,0,0,0
Thanator - Mapa do Andar 89,1885,1543,2,3,6,0,0,0,0,0,0,0,0,0,0
Thanator - Mapa do Andar 92,1886,1543,2,3,6,0,0,0,0,0,0,0,0,0,0
Thanator - Mapa do Andar 93,1887,1543,2,3,6,0,0,0,0,0,0,0,0,0,0
Thanator - Mapa do Andar 94,1888,1543,2,3,6,0,0,0,0,0,0,0,0,0,0
Thanator - Mapa do Andar 95,1889,1543,2,3,6,0,0,0,0,0,0,0,0,0,0
Thanator - Mapa do Andar 97,1890,1543,2,3,6,0,0,0,0,0,0,0,0,0,0
Thanator - Mapa do Andar 98,1891,1543,2,3,6,0,0,0,0,0,0,0,0,0,0
Thanator - Mapa do Andar 99,1892,1543,2,3,6,0,0,0,0,0,0,0,0,0,0
Thanator - Mapa do Andar 100,1893,1543,2,3,6,0,0,0,0,0,0,0,0,0,0
Thanator - Mapa do Andar 23,1894,1543,2,3,6,0,0,0,0,0,0,0,0,0,0
Thanator - Mapa do Andar 35,1895,1543,2,3,6,0,0,0,0,0,0,0,0,0,0
Thanator - Mapa do Andar 56,1896,1543,2,3,6,0,0,0,0,0,0,0,0,0,0
Thanator - Mapa do Andar 62,1897,1543,2,3,6,0,0,0,0,0,0,0,0,0,0
Thanator - Mapa do Andar 82,1898,1543,2,3,6,0,0,0,0,0,0,0,0,0,0
Thanator - Mapa do Andar 101,1899,1543,2,3,6,0,0,0,0,0,0,0,0,0,0
Thanator - Mapa do Andar 58,1900,1543,2,3,6,0,0,0,0,0,0,0,0,0,0
Thanator - Mapa do Andar 73,1901,1543,2,3,6,0,0,0,0,0,0,0,0,0,0
Thanator - Mapa do Andar 79,1902,1543,2,3,6,0,0,0,0,0,0,0,0,0,0
Thanator - Mapa do Andar 85,1903,1543,2,3,6,0,0,0,0,0,0,0,0,0,0
Thanator - Mapa do Andar 90,1904,1543,2,3,6,0,0,0,0,0,0,0,0,0,0
Thanator - Mapa do Andar 96,1905,1543,2,3,6,0,0,0,0,0,0,0,0,0,0
Thanator - Mapa do Andar 102,1907,1543,2,3,6,0,0,0,0,0,0,0,0,0,0
Thanator - Mapa do Andar 60,1908,1543,2,3,6,0,0,0,0,0,0,0,0,0,0
Thanator - Mapa do Andar 21,1909,1543,2,3,6,0,0,0,0,0,0,0,0,0,0
Thanator - Mapa do Andar 91,1910,1543,2,3,6,0,0,0,0,0,0,0,0,0,0
Thanator - Entrada,1911,1543,0,0,6,0,0,0,0,0,0,0,0,0,0
Prisão do Entalhador de Runas,1912,1543,0,0,6,0,0,0,0,0,0,0,0,0,0
Thanator,1913,1543,2,0,6,0,0,0,0,0,0,0,0,0,0
Thanator,1914,1543,2,3,6,0,0,0,0,0,0,0,0,0,0
O Outro Lado,1917,1565,0,0,6,0,0,0,0,0,0,0,0,0,0
Thanator,1920,1543,2,0,6,0,0,0,0,0,0,0,0,0,0
Thanator,1921,1543,2,3,6,0,0,0,0,0,0,0,0,0,0
Draenor,1922,0,4,2,2,0,0,0,0,0,5350,0,0,0,0
Pandária,1923,0,4,2,2,0,0,0,0,0,5350,0,0,0,0
Terras do Fogo,1958,198,0,0,4,0,0,0,0,0,0,0,0,0,0
Terras do Fogo,1959,198,0,0,4,0,0,0,0,0,0,0,0,0,0
A Gorja,1960,1550,6,0,3,0,0,0,89696,0,0,6,742,0,0
Korthia,1961,1543,6,0,3,0,0,0,0,1,0,0,0,0,0
Thanator,1962,1543,0,0,6,0,0,0,0,0,0,0,0,0,0
Thanator,1963,1543,0,0,6,0,0,0,0,0,0,0,0,0,0
Thanator,1964,1543,0,0,6,0,0,0,0,0,0,0,0,0,0
Thanator,1965,1543,0,0,6,0,0,0,0,0,0,0,0,0,0
Thanator,1966,1543,0,0,6,0,0,0,0,0,0,0,0,0,0
Thanator,1967,1543,2,0,6,0,0,0,0,0,0,0,0,0,0
Thanator,1968,1543,2,0,6,0,0,0,0,0,0,0,0,0,0
Thanator,1969,1543,2,0,6,0,0,0,0,0,0,0,0,0,0
Zereth Mortis,1970,1550,6,0,3,0,0,0,0,0,0,0,2057,0,0
Fortaleza Celeste,1971,619,64,0,6,0,0,0,0,0,0,0,0,0,0
Thanator,1974,1543,0,0,6,0,0,0,0,0,0,0,0,0,0
Thanator,1975,1543,0,0,6,0,0,0,0,0,0,0,0,0,0
Thanator,1976,1543,0,0,6,0,0,0,0,0,0,0,0,0,0
Thanator,1977,1543,0,0,6,0,0,0,0,0,0,0,0,0,0
Ilhas do Dragão,1978,947,0,0,2,119,0,0,0,0,0,0,2424,0,0
Thanator,1979,1543,2,0,6,0,0,0,0,0,0,0,0,0,0
Thanator,1980,1543,0,0,6,0,0,0,0,0,0,0,0,0,0
Thanator,1981,1543,0,0,6,0,0,0,0,0,0,0,0,0,0
Thanator,1982,1543,0,0,6,0,0,0,0,0,0,0,0,0,0
Thanator,1983,1543,0,0,6,0,0,0,0,0,0,0,0,0,0
Thanator,1984,1543,0,0,6,0,0,0,0,0,0,0,0,0,0
Thanator,1985,1543,0,0,6,0,0,0,0,0,0,0,0,0,0
Thanator,1986,1543,0,0,6,0,0,0,0,0,0,0,0,0,0
Thanator,1987,1543,0,0,6,0,0,0,0,0,0,0,0,0,0
Thanator,1988,1543,0,0,6,0,0,0,0,0,0,0,0,0,0
"Tazavesh, o Mercado Oculto",1989,1550,0,0,4,0,0,0,0,0,0,0,0,0,0
"Tazavesh, o Mercado Oculto",1990,1550,0,0,4,0,0,0,0,0,0,0,0,0,0
"Tazavesh, o Mercado Oculto",1991,1550,0,0,4,0,0,0,0,0,0,0,0,0,0
"Tazavesh, o Mercado Oculto",1992,1550,0,0,4,0,0,0,0,0,0,0,0,0,0
"Tazavesh, o Mercado Oculto",1993,1550,0,0,4,0,0,0,0,0,0,0,0,0,0
"Tazavesh, o Mercado Oculto",1995,1550,0,0,4,0,0,0,0,0,0,0,0,0,0
"Tazavesh, o Mercado Oculto",1996,1550,0,0,4,0,0,0,0,0,0,0,0,0,0
"Tazavesh, o Mercado Oculto",1997,1995,0,0,4,0,0,0,0,0,0,0,0,0,0
Sacrário da Dominação,1998,1543,0,0,4,0,0,0,0,0,0,0,0,0,0
Sacrário da Dominação,1999,1543,0,0,4,0,0,0,0,0,0,0,0,0,0
Sacrário da Dominação,2000,1543,0,0,4,0,0,0,0,0,0,0,0,0,0
Sacrário da Dominação,2001,1543,0,0,4,0,0,0,0,0,0,0,0,0,0
Sacrário da Dominação,2002,1543,0,0,4,0,0,0,0,0,0,0,0,0,0
Sacrário da Dominação,2003,1543,0,0,4,0,0,0,0,0,0,0,0,0,0
Sacrário da Dominação,2004,1543,0,0,4,0,0,0,0,0,0,0,0,0,0
Ardena,2005,1550,4098,0,6,0,0,0,0,0,0,0,0,0,0
Caverna da Contemplação,2006,1961,0,0,5,0,0,0,0,0,0,0,0,0,0
Oco do Gromito,2007,1961,0,0,5,0,0,0,0,0,0,0,0,0,0
Câmara do Signo,2008,1961,0,0,5,0,0,0,0,0,0,0,0,0,0
TG106_Floor_MM,2009,1543,2,3,6,0,0,0,0,0,0,0,0,0,0
Thanator,2010,1543,2,3,6,0,0,0,0,0,0,0,0,0,0
Thanator,2011,1543,2,3,6,0,0,0,0,0,0,0,0,0,0
Thanator,2012,1543,2,3,6,0,0,0,0,0,0,0,0,0,0
"Tazavesh, o Mercado Oculto",2016,1550,4,0,6,0,0,0,0,0,0,0,0,0,0
Torres da Ascensão,2017,1533,0,0,6,0,0,0,0,0,0,0,0,0,0
Torres da Ascensão,2018,1533,0,0,6,0,0,0,0,0,0,0,0,0,0
Thanator,2019,1543,0,3,6,0,0,0,0,0,0,0,0,0,0
Costa Desperta,2022,1978,6,0,3,119,0,0,0,0,0,0,2466,0,0
Chapada Ohn'ahrana,2023,1978,6,0,3,119,0,0,0,0,0,0,2469,0,0
Vasta Lazúli,2024,1978,6,0,3,119,0,0,0,0,0,0,2468,0,0
Thaldraszus,2025,1978,6,0,3,119,0,0,0,0,0,10,2541,0,0
Recôndito Proibido Obsoleto,2026,0,0,0,6,0,0,0,0,0,0,0,0,0,0
Fundição Florescente,2027,1970,0,0,5,0,0,0,0,0,0,0,0,0,0
Locrian Esper,2028,1970,0,0,5,0,0,0,0,0,0,0,0,0,0
Repouso Gestacional,2029,1970,0,0,5,0,0,0,0,0,0,0,0,0,0
Nexus da Realização,2030,1970,0,0,5,0,0,0,0,0,0,0,0,0,0
Criptas do Eterno,2031,1970,0,0,5,0,0,0,0,0,0,0,0,0,0
O Crisol,2042,1670,0,0,4,0,0,0,0,0,0,0,0,0,0
Zereth Mortis,2046,0,8196,2,2,0,0,0,0,0,5350,0,0,0,0
Sepulcro dos Primogênitos,2047,1970,0,0,4,0,0,0,0,0,0,0,0,0,0
Sepulcro dos Primogênitos,2048,1970,0,0,4,0,0,0,0,0,0,0,0,0,0
Sepulcro dos Primogênitos,2049,1970,0,0,4,0,0,0,0,0,0,0,0,0,0
Sepulcro dos Primogênitos,2050,1970,0,0,4,0,0,0,0,0,0,0,0,0,0
Sepulcro dos Primogênitos,2051,1970,0,0,4,0,0,0,0,0,0,0,0,0,0
Sepulcro dos Primogênitos,2052,1970,0,0,4,0,0,0,0,0,0,0,0,0,0
Sepulcro dos Primogênitos,2055,0,4,2,2,0,0,0,0,0,0,0,0,0,0
Ilhas do Dragão,2057,0,4,2,2,0,0,0,0,0,5350,0,0,5468,0
Picos Ressoantes,2059,2046,16388,2,2,0,0,0,94869,0,5350,0,0,0,0
Sepulcro dos Primogênitos,2061,1970,0,0,4,0,0,0,0,0,0,0,0,0,0
Ilhas do Dragão,2063,0,0,0,3,0,0,0,0,0,0,0,0,0,0
Zona de Catalisação,2066,1970,0,0,5,0,0,0,0,0,0,0,0,0,0
Clareiras de Tirisfal,2070,13,4098,0,3,0,0,0,0,0,0,0,2172,0,0
Uldaman: Legado de Tyr,2071,15,0,0,4,0,0,0,0,0,0,0,0,0,0
Uldaman: Legado de Tyr,2072,15,0,0,4,0,0,0,0,0,0,0,0,0,0
Câmara Lazúli,2073,2024,0,0,4,0,0,0,0,0,0,0,0,0,0
Câmara Lazúli,2074,2024,0,0,4,0,0,0,0,0,0,0,0,0,0
Câmara Lazúli,2075,2024,0,0,4,0,0,0,0,0,0,0,0,0,0
Câmara Lazúli,2076,2024,0,0,4,0,0,0,0,0,0,0,0,0,0
Câmara Lazúli,2077,2024,0,0,4,0,0,0,0,0,0,0,0,0,0
Neltharus,2080,2022,0,0,4,0,0,0,0,0,0,0,0,0,0
Neltharus,2081,2022,0,0,4,0,0,0,0,0,0,0,0,0,0
Salões da Infusão,2082,2025,0,0,4,0,0,0,0,0,0,0,0,0,0
Salões da Infusão,2083,2025,0,0,4,0,0,0,0,0,0,0,0,0,0
Estrada Onírica Esmeralda,2084,747,0,0,6,0,0,0,0,0,0,0,0,0,0
O Futuro Primevista,2085,2025,0,0,6,0,0,0,0,0,0,0,0,0,0
Revolução Pandarênica,2088,424,0,0,6,0,0,0,0,0,0,0,0,0,0
Império Negro,2089,947,0,0,6,0,0,0,0,0,0,0,0,0,0
Guerra dos Gnolls,2090,13,4098,0,6,0,0,0,0,0,0,0,0,0,0
Guerra das Areias Cambiantes,2091,12,4098,0,6,0,0,0,0,0,0,0,0,0,0
Azmerloth,2092,113,0,0,6,0,0,0,0,0,0,0,0,0,0
A Ofensiva Nokhid,2093,1978,64,0,4,0,5,0,0,0,0,0,0,0,0
Poços da Vida Rubi,2094,2022,64,0,4,0,0,0,0,0,0,0,0,0,0
Poços da Vida Rubi,2095,2022,0,0,4,0,0,0,0,0,0,0,0,0,0
Clareira de Courambaia,2096,2024,0,0,4,0,0,0,0,0,0,0,0,0,0
Academia Algeth'ar,2097,2025,0,0,4,0,0,0,0,0,0,0,0,0,0
Academia Algeth'ar,2098,2025,0,0,4,0,0,0,0,0,0,0,0,0,0
Academia Algeth'ar,2099,2025,0,0,4,0,0,0,0,0,0,0,0,0,0
Abrigo do Cerco,2100,2151,0,0,5,0,0,0,0,0,0,0,0,0,0
Abrigo de Apoio,2101,2151,0,0,5,0,0,0,0,0,0,0,0,0,0
Abrigo da Guerra,2102,2151,0,0,5,0,0,0,0,0,0,0,0,0,0
Clareira de Courambaia,2106,2024,0,0,4,0,0,0,0,0,0,0,0,0,0
Recôndito Proibido,2107,0,0,0,3,0,0,0,0,0,0,0,0,0,0
Abrigo da Guerra,2109,2118,0,0,5,0,0,0,0,0,0,0,0,0,0
Abrigo de Apoio,2110,2118,0,0,5,0,0,0,0,0,0,0,0,0,0
Abrigo do Cerco,2111,2118,0,0,5,0,0,0,0,0,0,0,0,0,0
Valdrakken,2112,2025,1048580,0,3,119,0,0,0,0,0,0,0,0,0
Recôndito Proibido,2118,1978,6,0,3,0,0,0,102254,0,0,8,0,0,0
Câmara dos Encarnados,2119,2025,0,0,4,0,0,0,0,0,0,0,0,0,0
Câmara dos Encarnados,2120,2025,0,0,4,0,0,0,0,0,0,0,0,0,0
Câmara dos Encarnados,2121,2025,0,0,4,0,0,0,0,0,0,0,0,0,0
Câmara dos Encarnados,2122,2025,0,0,4,0,0,0,0,0,0,0,0,0,0
Câmara dos Encarnados,2123,2025,0,0,4,0,0,0,0,0,0,0,0,0,0
Câmara dos Encarnados,2124,2025,0,0,4,0,0,0,0,0,0,0,0,0,0
Câmara dos Encarnados,2125,2025,0,0,4,0,0,0,0,0,0,0,0,0,0
Câmara dos Encarnados,2126,2025,0,0,4,0,0,0,0,0,0,0,0,0,0
Costa Desperta,2127,2057,4,2,3,0,0,0,0,0,5350,0,0,0,0
Vasta Lazúli,2128,2057,4,2,3,0,0,0,0,0,5350,0,0,0,0
Chapada Ohn'ahrana,2129,2057,4,2,3,0,0,0,0,0,5350,0,0,0,0
Thaldraszus,2130,2057,4,2,3,0,0,0,0,0,5350,0,0,0,0
Recôndito Proibido,2131,0,4,2,3,0,0,0,0,0,5350,8,0,0,0
Vasta Lazúli,2132,2024,0,0,5,0,0,0,0,0,0,0,0,0,0
Caverna Zaralek,2133,1978,6,0,3,119,0,0,0,0,0,0,2627,0,0
Valdrakken,2134,2130,4,2,3,0,0,0,0,0,0,0,0,0,0
Valdrakken,2135,1978,0,0,6,0,0,0,0,0,0,0,0,0,0
Clareiras Orientais,2146,18,0,0,6,0,0,0,0,0,0,0,0,0,0
Azeroth,2147,0,4,2,2,0,0,0,0,0,5350,0,0,5468,0
Chapada Ohn'ahrana,2149,0,4,2,2,0,0,0,0,0,5350,0,0,0,0
Ilha do Crânio de Dragão,2150,2151,0,0,5,0,0,0,0,0,0,0,0,0,0
Recôndito Proibido,2151,1978,6,0,3,119,0,0,102255,0,0,0,2589,0,0
Cripta de Gelo Pétreo,2154,2151,0,0,5,0,0,0,0,0,0,0,0,0,0
Vale Alterac,2162,25,0,0,6,0,0,0,0,0,0,0,0,0,0
Via Expressa,2165,2133,0,0,3,0,0,0,0,0,0,0,0,0,0
"Aberrus, o Crisol Sombrio",2166,2133,0,0,4,0,0,0,0,0,0,0,0,0,0
"Aberrus, o Crisol Sombrio",2167,2133,0,0,4,0,0,0,0,0,0,0,0,0,0
"Aberrus, o Crisol Sombrio",2168,2133,0,0,4,0,0,0,0,0,0,0,0,0,0
"Aberrus, o Crisol Sombrio",2169,2133,0,0,4,0,0,0,0,0,0,0,0,0,0
"Aberrus, o Crisol Sombrio",2170,2133,0,0,4,0,0,0,0,0,0,0,0,0,0
"Aberrus, o Crisol Sombrio",2171,2133,0,0,4,0,0,0,0,0,0,0,0,0,0
"Aberrus, o Crisol Sombrio",2172,2133,0,0,4,0,0,0,0,0,0,0,0,0,0
"Aberrus, o Crisol Sombrio",2173,2133,0,0,4,0,0,0,0,0,0,0,0,0,0
"Aberrus, o Crisol Sombrio",2174,2133,0,0,4,0,0,0,0,0,0,0,0,0,0
Caverna Zaralek,2175,2057,131076,2,3,0,0,0,0,0,5350,0,0,0,0
Voragem,2176,947,0,0,6,0,0,0,0,0,0,0,0,0,0
Câmara Lazúli,2183,2024,0,0,6,0,0,0,0,0,0,0,0,0,0
Caverna Zaralek,2184,2133,0,0,5,0,0,0,0,0,0,0,0,0,0
Sacrário da Cronologia,2190,2198,0,0,4,0,0,0,0,0,0,0,0,0,0
Limiar Milenário,2191,2198,0,0,4,0,0,0,0,0,0,0,0,0,0
Lócus da Eternidade,2192,2198,0,0,4,0,0,0,0,0,0,0,0,0,0
Eixo do Inverno Eterno,2193,2198,0,0,4,0,0,0,0,0,0,0,0,0,0
Encruzilhada do Destino,2194,2198,0,0,4,0,0,0,0,0,0,0,0,0,0
Confluxo Infinito,2195,2198,0,0,4,0,0,0,0,0,0,0,0,0,0
Acesso Distorcido,2196,2198,0,0,4,0,0,0,0,0,0,0,0,0,0
Campo de Batalha Imemorial,2197,2198,0,0,4,0,0,0,0,0,0,0,0,0,0
Despertar do Infinito,2198,2025,262272,0,4,0,0,0,0,0,0,0,0,0,0
Reservatório do Baluarte de Tyr,2199,2025,0,0,6,0,0,109323,0,0,0,10,0,0,0
Sonho Esmeralda,2200,1978,6,0,3,119,0,0,0,0,0,0,2699,0,0
Azq'roth,2201,947,0,0,4,0,0,0,0,0,0,0,0,0,0
Azerira,2202,946,0,0,4,0,0,0,0,0,0,0,0,0,0
Azelamento,2203,118,0,0,4,0,0,0,0,0,0,0,0,0,0
Azmerloth,2204,2092,0,0,4,0,0,0,0,0,0,0,0,0,0
Ulderoth,2205,905,0,0,4,0,0,0,0,0,0,0,0,0,0
A.Z.E.R.O.T.H.,2206,1462,0,0,4,0,5,0,0,0,0,0,0,0,0
As Terras Bélicas,2207,947,0,0,4,0,0,0,0,0,0,0,0,0,0
"Aberrus, o Crisol Sombrio",2211,2133,0,0,6,0,0,0,0,0,0,0,0,0,0
Cidade das Tramas,2213,2255,4,0,3,120,0,0,0,0,0,0,0,0,0
Fosso Ressonante,2214,2274,6,0,3,120,0,0,0,0,0,0,2798,5586,0
Pouso Santo,2215,2274,6,0,3,120,0,0,0,0,0,0,2799,5586,0
Cidade das Tramas - Inferior,2216,2255,4,0,3,0,0,0,0,0,0,0,0,0,0
O Baluarte da Noite,2220,680,0,0,4,0,0,0,0,0,0,0,0,0,0
O Baluarte da Noite,2221,680,0,0,4,0,5,0,0,0,0,0,0,0,0
Império Negro,2228,947,0,0,4,0,0,0,0,0,0,0,0,0,0
Salões da Bravura,2230,634,0,0,4,0,0,0,0,0,0,0,0,0,0
Salões da Bravura,2231,634,0,0,4,0,0,0,0,0,0,0,0,0,0
Amirdrassil,2232,2200,0,0,4,0,0,0,0,0,0,0,0,0,0
Amirdrassil,2233,2200,0,0,4,0,0,0,0,0,0,0,0,0,0
Amirdrassil,2234,2200,0,0,4,0,0,0,0,0,0,0,0,0,0
Os Galhos do Norte,2235,2234,0,0,4,0,0,0,0,0,0,0,0,0,0
Os Galhos do Leste,2236,2234,0,0,4,0,0,0,0,0,0,0,0,0,0
Os Galhos do Sul,2237,2234,0,0,4,0,0,0,0,0,0,0,0,0,0
Amirdrassil,2238,2200,0,0,4,0,0,0,0,0,0,0,0,0,0
Amirdrassil,2239,1978,4,0,3,0,0,0,0,0,0,0,2699,0,0
Amirdrassil,2240,2200,0,0,4,0,0,0,0,0,0,0,0,0,0
Sonho Esmeralda,2241,0,131076,2,3,0,0,0,0,0,5350,0,0,0,0
Amirdrassil,2244,2200,0,0,4,0,0,0,0,0,0,0,0,0,0
Ilha de Dorn,2248,2274,6,0,3,120,0,0,0,0,0,0,2797,5586,0
Loucura Fúngica,2249,2248,0,0,4,0,0,0,0,0,0,0,0,0,0
Repouso de Kriegval,2250,2248,0,0,4,0,0,0,0,0,0,0,0,0,0
Usina Hidráulica,2251,2214,0,0,4,0,0,0,0,0,0,0,0,0,0
Ilhas do Dragão,2252,0,4,2,2,0,0,5793,0,0,5350,0,0,0,0
Gruta de Sor'theril,2253,2200,524288,0,5,0,0,0,0,0,0,0,0,0,0
Montes do Devaneio,2254,2200,524288,0,5,0,0,0,0,0,0,0,0,0,0
Azj-Kahet,2255,2274,6,0,3,120,0,0,0,0,0,0,2762,5586,0
Azj-Kahet - Inferior,2256,2274,6,0,3,120,0,0,0,0,0,0,2762,5586,0
Planalto Arathi,2257,0,524288,0,3,0,0,0,0,0,0,0,2814,0,0
Abismo Tak-Rethan,2259,2255,0,0,4,0,0,0,0,0,0,0,0,0,0
Descanso do Traidor,2262,2024,0,0,6,0,0,116949,0,0,0,0,0,0,0
Limiar Milenário,2266,2025,0,0,4,0,0,0,0,0,0,0,0,0,0
Amirdrassil,2268,2057,4,2,3,0,0,0,0,0,0,0,0,0,0
Minas Rastaterra,2269,2248,0,0,4,0,0,0,0,0,0,0,0,0,0
Azj-Kahet,2270,2276,524324,2,3,0,0,0,0,0,0,0,0,0,0
Ilha de Dorn,2271,2276,524324,2,3,0,0,0,0,0,0,0,0,0,0
Fosso Ressonante,2272,2276,524324,2,3,0,0,0,0,0,0,0,0,0,0
Pouso Santo,2273,2276,524292,2,3,0,0,0,0,0,0,0,0,0,0
Khaz Algar,2274,947,2097152,0,2,0,0,0,0,0,0,0,0,0,0
11.0 - Underground [Deprecated],2275,0,0,0,6,0,0,0,0,0,0,0,0,0,0
Khaz Algar,2276,0,655364,2,2,0,0,0,0,0,5350,0,2838,5586,3
Santuário do Ocaso,2277,2215,0,0,4,0,0,0,0,0,0,0,0,0,0
Palácio Nerub-ar,2291,2255,68,0,4,0,0,0,0,0,0,0,0,0,0
Palácio Nerub-ar,2292,2255,70,0,4,0,0,0,0,0,0,0,0,0,0
Palácio Nerub-ar,2293,2255,68,0,4,0,0,0,0,0,0,0,0,0,0
Palácio Nerub-ar,2294,2255,0,0,4,0,0,0,0,0,0,0,0,0,0
Palácio Nerub-ar,2295,2255,0,0,4,0,0,0,0,0,0,0,0,0,0
Palácio Nerub-ar,2296,2255,0,0,4,0,0,0,0,0,0,0,0,0,0
Palácio Nerub-ar,2298,0,131076,2,3,0,0,0,0,0,5350,0,0,0,0
O Subforte,2299,2255,0,0,4,0,0,0,0,0,0,0,0,0,0
A Fossa,2300,2215,0,0,4,0,0,0,0,0,0,0,0,0,0
A Fossa,2301,2215,0,0,4,0,0,0,0,0,0,0,0,0,0
Fosso do Pavor,2302,2214,0,0,4,0,0,0,0,0,0,0,0,0,0
Fenda Chamanegra,2303,2214,0,0,4,0,0,0,0,0,0,0,0,0,0
Fenda Chamanegra,2304,2214,0,0,4,0,0,0,0,0,0,0,0,0,0
Dalaran,2305,947,0,0,4,0,0,0,0,0,0,0,0,0,0
Dalaran,2306,947,0,0,4,0,0,0,0,0,0,0,0,0,0
Dalaran,2307,947,0,0,4,0,0,0,0,0,0,0,0,0,0
Priorado da Chama Sagrada,2308,2215,0,0,4,0,0,0,0,0,0,0,0,0,0
Priorado da Chama Sagrada,2309,2215,0,0,4,0,0,0,0,0,0,0,0,0,0
Fenda Rastejante,2310,2215,0,0,4,0,0,0,0,0,0,0,0,0,0
11.0 - Pouso Santo - [Semeando a Luz],2311,2215,524292,0,3,0,0,0,0,0,0,0,0,0,0
Caverna Micomante,2312,2215,0,0,4,0,0,0,0,0,0,0,0,0,0
Trama Espiral,2313,2255,0,0,4,0,0,0,0,0,0,0,0,0,0
Abismo Tak-Rethan,2314,2255,0,0,4,0,0,0,0,0,0,0,0,0,0
O Viveiro,2315,2248,0,0,4,0,0,0,0,0,0,0,0,0,0
O Viveiro,2316,2248,0,0,4,0,0,0,0,0,0,0,0,0,0
O Viveiro,2317,2248,0,0,4,0,0,0,0,0,0,0,0,0,0
O Viveiro,2318,2248,0,0,4,0,0,0,0,0,0,0,0,0,0
O Viveiro,2319,2248,0,0,4,0,0,0,0,0,0,0,0,0,0
O Viveiro,2320,2248,0,0,4,0,0,0,0,0,0,0,0,0,0
Câmara do Coração,2321,81,64,0,4,0,0,0,0,0,0,0,0,0,0
Salão do Despertar,2322,2248,0,0,4,0,0,0,0,0,0,0,0,0,0
O Proscênio,2328,2248,524292,0,3,0,0,119602,0,0,0,0,0,0,0
Priorado da Chama Sagrada,2330,2215,0,0,6,0,0,0,0,0,0,0,0,0,0
Hidromelaria Cinzagris,2335,2248,0,0,4,0,0,0,0,0,0,0,0,0,0
Dornogal,2339,2248,1048580,0,3,0,0,0,0,0,0,0,0,0,0
Abóboda de Pedra,2341,2214,0,0,4,0,0,0,0,0,0,0,0,0,0
Cidade das Tramas,2343,2213,0,0,4,0,0,0,0,0,0,0,0,0,0
Cidade das Tramas,2344,2213,0,0,4,0,0,0,0,0,0,0,0,0,0
Ravina Cargafunda,2345,2214,0,0,6,0,0,0,0,0,0,0,0,0,0
Inframina,2346,2214,6,0,3,0,0,0,0,0,0,0,2888,0,0
Trama Espiral,2347,2255,0,0,4,0,0,0,0,0,0,0,0,0,0
Covil de Zekvir,2348,2255,0,0,4,0,0,0,0,0,0,0,0,0,0
Silithus,2354,12,528390,0,3,0,0,0,0,0,0,0,0,0,0
Cidade dos Ecos,2357,2255,0,0,4,0,0,0,0,0,0,0,0,0,0
Cidade dos Ecos,2358,2255,0,0,4,0,0,0,0,0,0,0,0,0,0
O Alvorada,2359,2215,0,0,4,0,0,0,0,0,0,0,0,0,0
Abismo Rocha Negra,2362,32,0,0,4,0,0,0,0,0,0,0,0,0,0
Abismo Rocha Negra,2363,32,0,0,4,0,0,0,0,0,0,0,0,0,0
Câmara da Memória,2367,2248,524288,0,4,0,0,0,0,0,0,0,0,0,0
Salão do Despertar,2368,2248,0,0,4,0,0,0,0,0,0,0,0,0,0
Ilha das Sirenas,2369,2274,524292,0,3,0,0,0,0,0,0,0,0,0,0
Abrigo da Guerra,2373,2118,4,0,4,0,0,0,0,0,0,0,0,0,0
Inframina,2374,0,131076,2,3,0,0,0,0,0,5350,0,2888,0,0
Cripta Esquecida,2375,2369,0,0,5,0,0,0,0,0,0,0,0,0,0
Operação: Comporta,2387,2214,0,0,4,0,0,0,0,0,0,0,0,0,0
Operação: Comporta,2388,2214,0,0,4,0,0,0,0,0,0,0,0,0,0
Sítio de Escavação 9,2396,2214,0,0,4,0,0,0,0,0,0,0,0,0,0
Inframina,2406,2214,0,0,4,0,0,0,0,0,0,0,0,0,0
Inframina,2407,0,0,0,4,0,0,0,0,0,0,0,0,0,0
Inframina,2408,0,0,0,4,0,0,0,0,0,0,0,0,0,0
Inframina,2409,0,0,0,4,0,0,0,0,0,0,0,0,0,0
Inframina,2411,0,0,0,4,0,0,0,0,0,0,0,0,0,0
Ralo da Ruela,2420,2346,0,0,4,0,0,0,0,0,0,0,0,0,0
Ralo da Ruela,2421,2346,0,0,4,0,0,0,0,0,0,0,0,0,0
Ralo da Ruela,2422,2346,0,0,4,0,0,0,0,0,0,0,0,0,0
Ralo da Ruela,2423,2346,0,0,4,0,0,0,0,0,0,0,0,0,0
Domo da Demolição,2425,2346,0,0,4,0,0,0,0,0,0,0,0,0,0
Domo da Demolição,2426,2346,0,0,4,0,0,0,0,0,0,0,0,0,0
Inframina,2428,2214,0,0,4,0,0,0,0,0,0,0,0,0,0
Minimap_RingingDeeps_Coreway,2431,2214,2,3,6,0,0,0,0,0,0,0,0,0,0
